date,AAPL,MSFT,GOOG,AMZN,NVDA
2020-01-02,75.0875015258789,160.6199951171875,68.36849975585938,94.90049743652344,5.9977498054504395
2020-01-03,74.35749816894531,158.6199951171875,68.03299713134766,93.74849700927734,5.901750087738037
2020-01-06,74.94999694824219,159.02999877929688,69.71050262451172,95.14399719238281,5.926499843597412
2020-01-07,74.59750366210938,157.5800018310547,69.66699981689453,95.34300231933594,5.9982500076293945
2020-01-08,75.79750061035156,160.08999633789062,70.21600341796875,94.59850311279297,6.009500026702881
2020-01-09,77.40750122070312,162.08999633789062,70.99150085449219,95.05249786376953,6.075500011444092
2020-01-10,77.5824966430664,161.33999633789062,71.48650360107422,94.15799713134766,6.107999801635742
2020-01-13,79.23999786376953,163.27999877929688,71.96150207519531,94.56500244140625,6.299499988555908
2020-01-14,78.16999816894531,162.1300048828125,71.54399871826172,93.47200012207031,6.182000160217285
2020-01-15,77.83499908447266,163.17999267578125,71.95999908447266,93.10099792480469,6.139249801635742
2020-01-16,78.80999755859375,166.1699981689453,72.58499908447266,93.89700317382812,6.223249912261963
2020-01-17,79.68250274658203,167.10000610351562,74.01950073242188,93.23600006103516,6.23199987411499
2020-01-21,79.14250183105469,166.5,74.22000122070312,94.5999984741211,6.198500156402588
2020-01-22,79.42500305175781,165.6999969482422,74.29750061035156,94.37300109863281,6.252749919891357
2020-01-23,79.80750274658203,166.72000122070312,74.3324966430664,94.22899627685547,6.321499824523926
2020-01-24,79.57749938964844,165.0399932861328,73.33550262451172,93.08200073242188,6.26200008392334
2020-01-27,77.23750305175781,162.27999877929688,71.69499969482422,91.41699981689453,6.005000114440918
2020-01-28,79.42250061035156,165.4600067138672,72.62799835205078,92.6624984741211,6.199250221252441
2020-01-29,81.08499908447266,168.0399932861328,72.93150329589844,92.9000015258789,6.138500213623047
2020-01-30,80.96749877929688,172.77999877929688,72.79199981689453,93.53399658203125,6.145249843597412
2020-01-31,77.37750244140625,170.22999572753906,71.71150207519531,100.43599700927734,5.910749912261963
2020-02-03,77.16500091552734,174.3800048828125,74.2969970703125,100.20999908447266,6.0082502365112305
2020-02-04,79.7125015258789,180.1199951171875,72.35350036621094,102.4834976196289,6.178249835968018
2020-02-05,80.36250305175781,179.89999389648438,72.4114990234375,101.99349975585938,6.269000053405762
2020-02-06,81.30249786376953,183.6300048828125,73.8115005493164,102.5114974975586,6.356249809265137
2020-02-07,80.00749969482422,183.88999938964844,73.96150207519531,103.96399688720703,6.289750099182129
2020-02-10,80.38749694824219,188.6999969482422,75.43399810791016,106.69550323486328,6.574250221252441
2020-02-11,79.90249633789062,184.44000244140625,75.43949890136719,107.54000091552734,6.697249889373779
2020-02-12,81.80000305175781,184.7100067138672,75.91349792480469,108.0,6.813499927520752
2020-02-13,81.21749877929688,183.7100067138672,75.73300170898438,107.49349975585938,6.769499778747559
2020-02-14,81.23750305175781,185.35000610351562,76.03700256347656,106.74349975585938,7.244750022888184
2020-02-18,79.75,187.22999572753906,75.9834976196289,107.78350067138672,7.414249897003174
2020-02-19,80.90499877929688,187.27999877929688,76.33450317382812,108.51100158691406,7.867499828338623
2020-02-20,80.07499694824219,184.4199981689453,75.90750122070312,107.65499877929688,7.71750020980835
2020-02-21,78.26249694824219,178.58999633789062,74.25550079345703,104.79850006103516,7.351749897003174
2020-02-24,74.54499816894531,170.88999938964844,71.07949829101562,100.4645004272461,6.831999778747559
2020-02-25,72.0199966430664,168.07000732421875,69.42250061035156,98.63700103759766,6.551249980926514
2020-02-26,73.1624984741211,170.1699981689453,69.65899658203125,98.97949981689453,6.691249847412109
2020-02-27,68.37999725341797,158.17999267578125,65.90450286865234,94.21499633789062,6.315000057220459
2020-02-28,68.33999633789062,162.00999450683594,66.96649932861328,94.1875,6.7517499923706055
2020-03-02,74.70249938964844,172.7899932861328,69.45549774169922,97.69750213623047,6.910749912261963
2020-03-03,72.33000183105469,164.50999450683594,67.06950378417969,95.44950103759766,6.647250175476074
2020-03-04,75.68499755859375,170.5500030517578,69.32599639892578,98.79149627685547,7.112750053405762
2020-03-05,73.2300033569336,166.27000427246094,65.9520034790039,96.20149993896484,6.832250118255615
2020-03-06,72.25749969482422,161.57000732421875,64.92050170898438,95.05449676513672,6.651000022888184
2020-03-09,66.5425033569336,150.6199951171875,60.77799987792969,90.03050231933594,6.136000156402588
2020-03-10,71.33499908447266,160.9199981689453,64.01950073242188,94.59100341796875,6.5269999504089355
2020-03-11,68.85749816894531,153.6300048828125,60.77050018310547,91.04299926757812,6.161749839782715
2020-03-12,62.057498931884766,139.05999755859375,55.74549865722656,83.83049774169922,5.407750129699707
2020-03-13,69.49250030517578,158.8300018310547,60.98649978637695,89.25,6.020999908447266
2020-03-16,60.5525016784668,135.4199981689453,54.21649932861328,84.4574966430664,4.909999847412109
2020-03-17,63.21500015258789,146.57000732421875,55.9900016784668,90.39199829101562,5.4317498207092285
2020-03-18,61.66749954223633,140.39999389648438,54.84000015258789,91.5,5.070499897003174
2020-03-19,61.19499969482422,142.7100067138672,55.76449966430664,94.04650115966797,5.324250221252441
2020-03-20,57.310001373291016,137.35000610351562,53.61600112915039,92.30449676513672,5.143750190734863
2020-03-23,56.092498779296875,135.97999572753906,52.83100128173828,95.1415023803711,5.317249774932861
2020-03-24,61.720001220703125,148.33999633789062,56.722999572753906,97.00499725341797,6.229499816894531
2020-03-25,61.380001068115234,146.9199981689453,55.1245002746582,94.29199981689453,6.140500068664551
2020-03-26,64.61000061035156,156.11000061035156,58.087501525878906,97.77449798583984,6.431000232696533
2020-03-27,61.935001373291016,149.6999969482422,55.535499572753906,95.00499725341797,6.3182501792907715
2020-03-30,63.70249938964844,160.22999572753906,57.340999603271484,98.19750213623047,6.639750003814697
2020-03-31,63.5724983215332,157.7100067138672,58.140499114990234,97.48600006103516,6.590000152587891
2020-04-01,60.227500915527344,152.11000061035156,55.28099822998047,95.38500213623047,6.076749801635742
2020-04-02,61.23249816894531,155.25999450683594,56.04199981689453,95.94149780273438,6.386750221252441
2020-04-03,60.352500915527344,153.8300018310547,54.89400100708008,95.32949829101562,6.097750186920166
2020-04-06,65.61750030517578,165.27000427246094,59.34600067138672,99.87950134277344,6.710000038146973
2020-04-07,64.85749816894531,163.49000549316406,59.32550048828125,100.58000183105469,6.475749969482422
2020-04-08,66.51750183105469,165.1300048828125,60.513999938964844,102.1500015258789,6.673749923706055
2020-04-09,66.99749755859375,165.13999938964844,60.5724983215332,102.13800048828125,6.573750019073486
2020-04-13,68.3125,165.50999450683594,60.87799835205078,108.44349670410156,6.746250152587891
2020-04-14,71.76249694824219,173.6999969482422,63.46149826049805,114.16600036621094,7.098750114440918
2020-04-15,71.10749816894531,171.8800048828125,63.12350082397461,115.38400268554688,7.020999908447266
2020-04-16,71.67250061035156,177.0399932861328,63.173500061035156,120.40950012207031,7.367499828338623
2020-04-17,70.69999694824219,178.60000610351562,64.1624984741211,118.75,7.308000087738037
2020-04-20,69.23249816894531,175.05999755859375,63.330501556396484,119.68049621582031,7.176249980926514
2020-04-21,67.09249877929688,167.82000732421875,60.81700134277344,116.40599822998047,6.737750053405762
2020-04-22,69.0250015258789,173.52000427246094,63.160499572753906,118.17449951171875,7.153749942779541
2020-04-23,68.75749969482422,171.4199981689453,63.81549835205078,119.97250366210938,7.100249767303467
2020-04-24,70.74250030517578,174.5500030517578,63.96549987792969,120.51100158691406,7.239749908447266
2020-04-27,70.7925033569336,174.0500030517578,63.79399871826172,118.80000305175781,7.427000045776367
2020-04-28,69.6449966430664,169.80999755859375,61.68349838256836,115.7040023803711,7.283999919891357
2020-04-29,71.93250274658203,177.42999267578125,67.0739974975586,118.635498046875,7.46150016784668
2020-04-30,73.44999694824219,179.2100067138672,67.43299865722656,123.69999694824219,7.307000160217285
2020-05-01,72.26750183105469,174.57000732421875,66.03050231933594,114.302001953125,7.069499969482422
2020-05-04,73.29000091552734,178.83999633789062,66.33999633789062,115.79949951171875,7.282249927520752
2020-05-05,74.38999938964844,180.75999450683594,67.55549621582031,115.88999938964844,7.343500137329102
2020-05-06,75.15750122070312,182.5399932861328,67.36499786376953,117.56300354003906,7.44474983215332
2020-05-07,75.93499755859375,183.60000610351562,68.62799835205078,118.38050079345703,7.6217498779296875
2020-05-08,77.53250122070312,184.67999267578125,69.41850280761719,118.98049926757812,7.8125
2020-05-11,78.75250244140625,186.74000549316406,70.16300201416016,120.44999694824219,8.065500259399414
2020-05-12,77.85250091552734,182.50999450683594,68.78700256347656,117.84750366210938,7.802499771118164
2020-05-13,76.9124984741211,179.75,67.46649932861328,118.39600372314453,7.78000020980835
2020-05-14,77.38500213623047,180.52999877929688,67.80650329589844,119.44249725341797,8.030500411987305
2020-05-15,76.92749786376953,183.16000366210938,68.65950012207031,120.48899841308594,8.490750312805176
2020-05-18,78.73999786376953,184.91000366210938,69.1969985961914,121.31300354003906,8.750249862670898
2020-05-19,78.28500366210938,183.6300048828125,68.67424774169922,122.46649932861328,8.805500030517578
2020-05-20,79.80750274658203,185.66000366210938,70.33599853515625,124.89700317382812,8.970000267028809
2020-05-21,79.2125015258789,183.42999267578125,70.13999938964844,122.33699798583984,8.775250434875488
2020-05-22,79.72250366210938,183.50999450683594,70.52100372314453,121.84400177001953,9.026249885559082
2020-05-26,79.18250274658203,181.57000732421875,70.85099792480469,121.09300231933594,8.71774959564209
2020-05-27,79.52749633789062,181.80999755859375,70.89199829101562,120.51950073242188,8.525250434875488
2020-05-28,79.5625,181.39999389648438,70.83650207519531,120.05500030517578,8.487000465393066
2020-05-29,79.48500061035156,183.25,71.44599914550781,122.11849975585938,8.875499725341797
2020-06-01,80.4625015258789,182.8300018310547,71.59100341796875,123.552001953125,8.806249618530273
2020-06-02,80.83499908447266,184.91000366210938,71.96099853515625,123.62049865722656,8.825249671936035
2020-06-03,81.27999877929688,185.36000061035156,71.81900024414062,123.91999816894531,8.769499778747559
2020-06-04,80.58000183105469,182.9199981689453,70.60900115966797,123.02999877929688,8.766500473022461
2020-06-05,82.875,187.1999969482422,71.91950225830078,124.1500015258789,8.920000076293945
2020-06-08,83.36499786376953,188.36000061035156,72.33049774169922,126.2030029296875,8.805000305175781
2020-06-09,85.99749755859375,189.8000030517578,72.80799865722656,130.04299926757812,9.045999526977539
2020-06-10,88.20999908447266,196.83999633789062,73.2925033569336,132.37249755859375,9.36674976348877
2020-06-11,83.9749984741211,186.27000427246094,70.19200134277344,127.89800262451172,8.796250343322754
2020-06-12,84.69999694824219,187.74000549316406,70.65899658203125,127.2509994506836,8.932499885559082
2020-06-15,85.74749755859375,188.94000244140625,70.99250030517578,128.63400268554688,9.173749923706055
2020-06-16,88.0199966430664,193.57000732421875,72.13600158691406,130.7635040283203,9.068499565124512
2020-06-17,87.89749908447266,194.24000549316406,72.55599975585938,132.0489959716797,9.236000061035156
2020-06-18,87.93250274658203,196.32000732421875,71.7979965209961,132.69900512695312,9.218000411987305
2020-06-19,87.43000030517578,195.14999389648438,71.58599853515625,133.75050354003906,9.261249542236328
2020-06-22,89.71749877929688,200.57000732421875,72.59300231933594,135.6909942626953,9.526749610900879
2020-06-23,91.63249969482422,201.91000366210938,73.22049713134766,138.2205047607422,9.449999809265137
2020-06-24,90.01499938964844,197.83999633789062,71.59850311279297,136.72000122070312,9.23550033569336
2020-06-25,91.20999908447266,200.33999633789062,72.06649780273438,137.72900390625,9.489999771118164
2020-06-26,88.40750122070312,196.3300018310547,67.99500274658203,134.64349365234375,9.154999732971191
2020-06-29,90.44499969482422,198.44000244140625,69.74849700927734,134.0189971923828,9.199999809265137
2020-06-30,91.19999694824219,203.50999450683594,70.68049621582031,137.9409942626953,9.497750282287598
2020-07-01,91.02749633789062,204.6999969482422,71.9020004272461,143.93499755859375,9.529999732971191
2020-07-02,91.02749633789062,206.25999450683594,73.23500061035156,144.51499938964844,9.612250328063965
2020-07-06,93.4625015258789,210.6999969482422,74.78500366210938,152.8520050048828,9.839249610900879
2020-07-07,93.17250061035156,208.25,74.25900268554688,150.00599670410156,9.871749877929688
2020-07-08,95.34249877929688,212.8300018310547,74.80000305175781,154.0554962158203,10.215999603271484
2020-07-09,95.75250244140625,214.32000732421875,75.54949951171875,159.13150024414062,10.508999824523926
2020-07-10,95.91999816894531,213.6699981689453,77.08699798583984,160.0,10.479249954223633
2020-07-13,95.47750091552734,207.07000732421875,75.56700134277344,155.1999969482422,10.052249908447266
2020-07-14,97.05750274658203,208.35000610351562,76.02899932861328,154.1999969482422,10.376999855041504
2020-07-15,97.7249984741211,208.0399932861328,75.68199920654297,150.44349670410156,10.227250099182129
2020-07-16,96.52249908447266,203.9199981689453,75.9000015258789,149.9949951171875,10.134750366210938
2020-07-17,96.32749938964844,202.8800048828125,75.77749633789062,148.09849548339844,10.201499938964844
2020-07-20,98.35749816894531,211.60000610351562,78.28600311279297,159.8419952392578,10.510749816894531
2020-07-21,97.0,208.75,77.9209976196289,156.9145050048828,10.328499794006348
2020-07-22,97.27249908447266,211.75,78.42449951171875,154.99549865722656,10.438750267028809
2020-07-23,92.84500122070312,202.5399932861328,75.78399658203125,149.32749938964844,10.12975025177002
2020-07-24,92.61499786376953,201.3000030517578,75.59349822998047,150.44549560546875,10.194499969482422
2020-07-27,94.80999755859375,203.85000610351562,76.51000213623047,152.760498046875,10.421500205993652
2020-07-28,93.25250244140625,202.02000427246094,75.01699829101562,150.01649475097656,10.215499877929688
2020-07-29,95.04000091552734,204.05999755859375,76.10099792480469,151.67649841308594,10.465499877929688
2020-07-30,96.19000244140625,203.89999389648438,76.57250213623047,152.593994140625,10.61400032043457
2020-07-31,106.26000213623047,205.00999450683594,74.14800262451172,158.23399353027344,10.614749908447266
2020-08-03,108.9375,216.5399932861328,73.72250366210938,155.59449768066406,11.010250091552734
2020-08-04,109.66500091552734,213.2899932861328,73.24849700927734,156.94149780273438,11.227749824523926
2020-08-05,110.0625,212.94000244140625,73.68049621582031,160.25149536132812,11.286749839782715
2020-08-06,113.90249633789062,216.35000610351562,75.00499725341797,161.25,11.33549976348877
2020-08-07,111.11250305175781,212.47999572753906,74.72450256347656,158.3730010986328,11.19950008392334
2020-08-10,112.72750091552734,208.25,74.80500030517578,157.4080047607422,11.164999961853027
2020-08-11,109.375,203.3800048828125,74.01599884033203,154.0334930419922,10.850000381469727
2020-08-12,113.01000213623047,209.19000244140625,75.33100128173828,158.11199951171875,11.440250396728516
2020-08-13,115.01000213623047,208.6999969482422,75.92250061035156,158.05099487304688,11.442999839782715
2020-08-14,114.90750122070312,208.89999389648438,75.3864974975586,157.4010009765625,11.564000129699707
2020-08-17,114.60749816894531,210.27999877929688,75.89900207519531,159.12049865722656,12.336999893188477
2020-08-18,115.5625,211.49000549316406,77.93000030517578,165.62449645996094,12.260749816894531
2020-08-19,115.7074966430664,209.6999969482422,77.37650299072266,163.0240020751953,12.138500213623047
2020-08-20,118.2750015258789,214.5800018310547,79.0875015258789,164.86849975585938,12.140999794006348
2020-08-21,124.37000274658203,213.02000427246094,79.02100372314453,164.23599243164062,12.683500289916992
2020-08-24,125.85749816894531,213.69000244140625,79.41000366210938,165.3730010986328,12.720250129699707
2020-08-25,124.82499694824219,216.47000122070312,80.41100311279297,167.32449340820312,12.75
2020-08-26,126.52249908447266,221.14999389648438,82.61900329589844,172.09249877929688,12.77299976348877
2020-08-27,125.01000213623047,226.5800018310547,81.71649932861328,170.0,12.628250122070312
2020-08-28,124.80750274658203,228.91000366210938,82.22049713134766,170.08999633789062,13.147749900817871
2020-08-31,129.0399932861328,225.52999877929688,81.70899963378906,172.54800415039062,13.374500274658203
2020-09-01,134.17999267578125,227.27000427246094,83.0354995727539,174.95599365234375,13.821000099182129
2020-09-02,131.39999389648438,231.64999389648438,86.41400146484375,176.57249450683594,14.346500396728516
2020-09-03,120.87999725341797,217.3000030517578,82.09200286865234,168.39999389648438,13.01550006866455
2020-09-04,120.95999908447266,214.25,79.552001953125,164.7310028076172,12.6225004196167
2020-09-08,112.81999969482422,202.66000366210938,76.61949920654297,157.49200439453125,11.913000106811523
2020-09-09,117.31999969482422,211.2899932861328,77.8479995727539,163.4304962158203,12.71500015258789
2020-09-10,113.48999786376953,205.3699951171875,76.60099792480469,158.7554931640625,12.311750411987305
2020-09-11,112.0,204.02999877929688,76.03600311279297,155.81100463867188,12.16450023651123
2020-09-14,115.36000061035156,205.41000366210938,75.96399688720703,155.14849853515625,12.872249603271484
2020-09-15,115.54000091552734,208.77999877929688,77.0719985961914,157.80650329589844,12.991000175476074
2020-09-16,112.12999725341797,205.0500030517578,76.04499816894531,153.90499877929688,12.51449966430664
2020-09-17,110.33999633789062,202.91000366210938,74.77649688720703,150.43649291992188,12.463500022888184
2020-09-18,106.83999633789062,200.38999938964844,72.99949645996094,147.74549865722656,12.189249992370605
2020-09-21,110.08000183105469,202.5399932861328,71.55799865722656,148.02349853515625,12.517250061035156
2020-09-22,111.80999755859375,207.4199981689453,73.27300262451172,156.44949340820312,12.637749671936035
2020-09-23,107.12000274658203,200.58999633789062,70.760498046875,149.9929962158203,12.123749732971191
2020-09-24,108.22000122070312,203.19000244140625,71.41449737548828,150.989501953125,12.347999572753906
2020-09-25,112.27999877929688,207.82000732421875,72.24800109863281,154.75650024414062,12.873749732971191
2020-09-28,114.95999908447266,209.44000244140625,73.22599792480469,158.70249938964844,13.03499984741211
2020-09-29,114.08999633789062,207.25999450683594,73.46649932861328,157.24400329589844,13.225749969482422
2020-09-30,115.80999755859375,210.3300018310547,73.4800033569336,157.43649291992188,13.530500411987305
2020-10-01,116.79000091552734,212.4600067138672,74.50450134277344,161.06300354003906,13.614500045776367
2020-10-02,113.0199966430664,206.19000244140625,72.9209976196289,156.25,13.062250137329102
2020-10-05,116.5,210.3800048828125,74.3010025024414,159.9600067138672,13.642499923706055
2020-10-06,113.16000366210938,205.91000366210938,72.6719970703125,154.9980010986328,13.736499786376953
2020-10-07,115.08000183105469,209.8300018310547,73.0145034790039,159.7845001220703,13.96399974822998
2020-10-08,114.97000122070312,210.5800018310547,74.29650115966797,159.52749633789062,13.838749885559082
2020-10-09,116.97000122070312,215.80999755859375,75.76100158691406,164.33250427246094,13.762749671936035
2020-10-12,124.4000015258789,221.39999389648438,78.4574966430664,172.14649963378906,14.22599983215332
2020-10-13,121.0999984741211,222.86000061035156,78.58399963378906,172.18150329589844,14.248250007629395
2020-10-14,121.19000244140625,220.86000061035156,78.40399932861328,168.1855010986328,14.095250129699707
2020-10-15,120.70999908447266,219.66000366210938,77.95649719238281,166.9324951171875,13.970000267028809
2020-10-16,119.0199966430664,219.66000366210938,78.65049743652344,163.635498046875,13.81149959564209
2020-10-19,115.9800033569336,214.22000122070312,76.73049926757812,160.36050415039062,13.497750282287598
2020-10-20,117.51000213623047,214.64999389648438,77.79650115966797,160.85049438476562,13.645500183105469
2020-10-21,116.87000274658203,214.8000030517578,79.66549682617188,159.2469940185547,13.524749755859375
2020-10-22,115.75,214.88999938964844,80.7665023803711,158.82000732421875,13.361000061035156
2020-10-23,115.04000091552734,216.22999572753906,82.05000305175781,160.22000122070312,13.590250015258789
2020-10-26,115.05000305175781,210.0800018310547,79.52249908447266,160.3520050048828,13.141249656677246
2020-10-27,116.5999984741211,213.25,80.21299743652344,164.31649780273438,13.396750450134277
2020-10-28,111.19999694824219,202.67999267578125,75.83100128173828,158.13900756835938,12.626999855041504
2020-10-29,115.31999969482422,204.72000122070312,78.36199951171875,160.55050659179688,13.02400016784668
2020-10-30,108.86000061035156,202.47000122070312,81.05049896240234,151.8074951171875,12.534000396728516
2020-11-02,108.7699966430664,202.3300018310547,81.30149841308594,150.2239990234375,12.580750465393066
2020-11-03,110.44000244140625,206.42999267578125,82.510498046875,152.42050170898438,13.019499778747559
2020-11-04,114.94999694824219,216.38999938964844,87.45649719238281,162.05799865722656,13.794249534606934
2020-11-05,119.02999877929688,223.2899932861328,88.16850280761719,166.10000610351562,14.15999984741211
2020-11-06,118.69000244140625,223.72000122070312,88.0875015258789,165.56849670410156,14.562000274658203
2020-11-09,116.31999969482422,218.38999938964844,88.1500015258789,157.18699645996094,13.630749702453613
2020-11-10,115.97000122070312,211.00999450683594,87.01950073242188,151.75100708007812,12.770000457763672
2020-11-11,119.48999786376953,216.5500030517578,87.635498046875,156.8695068359375,13.418000221252441
2020-11-12,119.20999908447266,215.44000244140625,87.49199676513672,155.51400756835938,13.45674991607666
2020-11-13,119.26000213623047,216.50999450683594,88.85099792480469,156.4405059814453,13.29699993133545
2020-11-16,120.30000305175781,217.22999572753906,89.06900024414062,156.55299377441406,13.515250205993652
2020-11-17,119.38999938964844,214.4600067138672,88.50749969482422,156.7830047607422,13.422249794006348
2020-11-18,118.02999877929688,211.0800018310547,87.33899688720703,155.2729949951172,13.428750038146973
2020-11-19,118.63999938964844,212.4199981689453,88.19599914550781,155.8509979248047,13.440250396728516
2020-11-20,117.33999633789062,210.38999938964844,87.1094970703125,154.97000122070312,13.087750434875488
2020-11-23,113.8499984741211,210.11000061035156,86.74299621582031,154.91949462890625,13.140000343322754
2020-11-24,115.16999816894531,213.86000061035156,88.44400024414062,155.9029998779297,12.95775032043457
2020-11-25,116.02999877929688,213.8699951171875,88.57150268554688,159.2534942626953,13.234749794006348
2020-11-27,116.58999633789062,215.22999572753906,89.65950012207031,159.76699829101562,13.261249542236328
2020-11-30,119.05000305175781,214.07000732421875,88.03700256347656,158.40199279785156,13.40149974822998
2020-12-01,122.72000122070312,216.2100067138672,89.90499877929688,161.00399780273438,13.390000343322754
2020-12-02,123.08000183105469,215.3699951171875,91.39749908447266,160.17649841308594,13.544500350952148
2020-12-03,122.94000244140625,214.24000549316406,91.3385009765625,159.3365020751953,13.395999908447266
2020-12-04,122.25,214.36000061035156,91.39949798583984,158.12899780273438,13.558250427246094
2020-12-07,123.75,214.2899932861328,90.9739990234375,157.89999389648438,13.606749534606934
2020-12-08,124.37999725341797,216.00999450683594,90.92749786376953,158.864501953125,13.350000381469727
2020-12-09,121.77999877929688,211.8000030517578,89.20649719238281,155.2100067138672,12.930749893188477
2020-12-10,123.23999786376953,210.52000427246094,88.7665023803711,155.07449340820312,12.972249984741211
2020-12-11,122.41000366210938,213.25999450683594,89.0885009765625,155.8209991455078,13.013250350952148
2020-12-14,121.77999877929688,214.1999969482422,88.00299835205078,157.84849548339844,13.30875015258789
2020-12-15,127.87999725341797,214.1300048828125,88.38849639892578,158.25599670410156,13.36050033569336
2020-12-16,127.80999755859375,219.27999877929688,88.1500015258789,162.04800415039062,13.242500305175781
2020-12-17,128.6999969482422,219.4199981689453,87.3949966430664,161.8040008544922,13.3412504196167
2020-12-18,126.66000366210938,218.58999633789062,86.55049896240234,160.08250427246094,13.272000312805176
2020-12-21,128.22999572753906,222.58999633789062,86.96849822998047,160.3090057373047,13.332249641418457
2020-12-22,131.8800048828125,223.94000244140625,86.17500305175781,160.3260040283203,13.278249740600586
2020-12-23,130.9600067138672,221.02000427246094,86.61900329589844,159.2635040283203,13.009249687194824
2020-12-24,131.97000122070312,222.75,86.94249725341797,158.63450622558594,12.993749618530273
2020-12-28,136.69000244140625,224.9600067138672,88.80449676513672,164.197998046875,12.899999618530273
2020-12-29,134.8699951171875,224.14999389648438,87.93599700927734,166.10000610351562,12.943249702453613
2020-12-30,133.72000122070312,221.67999267578125,86.97599792480469,164.29249572753906,13.145750045776367
2020-12-31,132.69000244140625,222.4199981689453,87.59400177001953,162.84649658203125,13.055000305175781
2021-01-04,129.41000366210938,217.69000244140625,86.41200256347656,159.3314971923828,13.113499641418457
2021-01-05,131.00999450683594,217.89999389648438,87.0459976196289,160.92550659179688,13.404749870300293
2021-01-06,126.5999984741211,212.25,86.7645034790039,156.91900634765625,12.614500045776367
2021-01-07,130.9199981689453,218.2899932861328,89.36250305175781,158.10800170898438,13.343999862670898
2021-01-08,132.0500030517578,219.6199951171875,90.3604965209961,159.13499450683594,13.276749610900879
2021-01-11,128.97999572753906,217.49000549316406,88.33599853515625,155.7104949951172,13.621500015258789
2021-01-12,128.8000030517578,214.92999267578125,87.32749938964844,156.04150390625,13.484749794006348
2021-01-13,130.88999938964844,216.33999633789062,87.72000122070312,158.29449462890625,13.531749725341797
2021-01-14,128.91000366210938,213.02000427246094,87.00900268554688,156.37350463867188,13.200249671936035
2021-01-15,127.13999938964844,212.64999389648438,86.80950164794922,155.21249389648438,12.85949993133545
2021-01-19,127.83000183105469,216.44000244140625,89.54299926757812,156.03799438476562,13.025250434875488
2021-01-20,132.02999877929688,224.33999633789062,94.34500122070312,163.16900634765625,13.365750312805176
2021-01-21,136.8699951171875,224.97000122070312,94.5625,165.34950256347656,13.867500305175781
2021-01-22,139.07000732421875,225.9499969482422,95.05249786376953,164.6114959716797,13.712499618530273
2021-01-25,142.9199981689453,229.52999877929688,94.97000122070312,164.6999969482422,13.653249740600586
2021-01-26,143.16000366210938,232.3300018310547,95.86199951171875,166.30650329589844,13.435250282287598
2021-01-27,142.05999755859375,232.89999389648438,91.53949737548828,161.62899780273438,12.917750358581543
2021-01-28,137.08999633789062,238.92999267578125,93.15550231933594,161.88099670410156,13.050999641418457
2021-01-29,131.9600067138672,231.9600067138672,91.78700256347656,160.30999755859375,12.989749908447266
2021-02-01,134.13999938964844,239.64999389648438,95.06749725341797,167.1439971923828,13.237000465393066
2021-02-02,134.99000549316406,239.50999450683594,96.37550354003906,169.0,13.556750297546387
2021-02-03,133.94000244140625,243.0,103.50350189208984,165.62649536132812,13.530500411987305
2021-02-04,137.38999938964844,242.00999450683594,103.11849975585938,166.5500030517578,13.664250373840332
2021-02-05,136.75999450683594,242.1999969482422,104.9000015258789,167.6074981689453,13.590999603271484
2021-02-08,136.91000366210938,242.47000122070312,104.64550018310547,166.14700317382812,14.438750267028809
2021-02-09,136.00999450683594,243.77000427246094,104.17549896240234,165.25,14.263250350952148
2021-02-10,135.38999938964844,242.82000732421875,104.76899719238281,164.32899475097656,14.764249801635742
2021-02-11,135.1300048828125,244.49000549316406,104.79450225830078,163.10650634765625,15.250749588012695
2021-02-12,135.3699951171875,244.99000549316406,105.20549774169922,163.885498046875,14.961250305175781
2021-02-16,133.19000244140625,243.6999969482422,106.09500122070312,163.44749450683594,15.330249786376953
2021-02-17,130.83999633789062,244.1999969482422,106.41549682617188,165.4320068359375,14.906000137329102
2021-02-18,129.7100067138672,243.7899932861328,105.86000061035156,166.4114990234375,14.829000473022461
2021-02-19,129.8699951171875,240.97000122070312,105.05699920654297,162.4949951171875,14.92650032043457
2021-02-22,126.0,234.50999450683594,103.24400329589844,159.03700256347656,14.35575008392334
2021-02-23,125.86000061035156,233.27000427246094,103.54299926757812,159.72500610351562,14.142000198364258
2021-02-24,125.3499984741211,234.5500030517578,104.75849914550781,157.97650146484375,14.49899959564209
2021-02-25,120.98999786376953,228.99000549316406,101.56800079345703,152.85800170898438,13.307499885559082
2021-02-26,121.26000213623047,232.3800048828125,101.84300231933594,154.64649963378906,13.714500427246094
2021-03-01,127.79000091552734,236.94000244140625,104.07550048828125,157.3070068359375,13.841750144958496
2021-03-02,125.12000274658203,233.8699951171875,103.79199981689453,154.72650146484375,13.40625
2021-03-03,122.05999755859375,227.55999755859375,101.33550262451172,150.25,12.804750442504883
2021-03-04,120.12999725341797,226.72999572753906,102.45449829101562,148.8784942626953,12.37024974822998
2021-03-05,121.41999816894531,231.60000610351562,105.427001953125,150.0229949951172,12.46150016784668
2021-03-08,116.36000061035156,227.38999938964844,101.20850372314453,147.59750366210938,11.593250274658203
2021-03-09,121.08999633789062,233.77999877929688,102.63500213623047,153.1425018310547,12.52025032043457
2021-03-10,119.9800033569336,232.4199981689453,102.75150299072266,152.8820037841797,12.468250274658203
2021-03-11,121.95999908447266,237.1300048828125,105.7385025024414,155.67950439453125,12.993499755859375
2021-03-12,121.02999877929688,235.75,103.09600067138672,154.47450256347656,12.855999946594238
2021-03-15,123.98999786376953,234.80999755859375,103.32450103759766,154.08399963378906,13.19124984741211
2021-03-16,125.56999969482422,237.7100067138672,104.6259994506836,154.59300231933594,13.291250228881836
2021-03-17,124.76000213623047,237.0399932861328,104.55400085449219,156.7864990234375,13.3412504196167
2021-03-18,120.52999877929688,230.72000122070312,101.81099700927734,151.39950561523438,12.72249984741211
2021-03-19,119.98999786376953,230.35000610351562,102.16000366210938,153.7480010986328,12.845749855041504
2021-03-22,123.38999938964844,235.99000549316406,101.92949676513672,155.5435028076172,13.186249732971191
2021-03-23,122.54000091552734,237.5800018310547,102.64800262451172,156.875,13.07075023651123
2021-03-24,120.08999633789062,235.4600067138672,102.25299835205078,154.35350036621094,12.642999649047852
2021-03-25,120.58999633789062,232.33999633789062,102.21800231933594,152.31300354003906,12.535249710083008
2021-03-26,121.20999908447266,236.47999572753906,101.77749633789062,152.60150146484375,12.839249610900879
2021-03-29,121.38999938964844,235.24000549316406,102.79750061035156,153.7864990234375,12.948249816894531
2021-03-30,119.9000015258789,231.85000610351562,102.7770004272461,152.76449584960938,12.871749877929688
2021-03-31,122.1500015258789,235.77000427246094,103.43150329589844,154.70399475097656,13.348250389099121
2021-04-01,123.0,242.35000610351562,106.88749694824219,158.0500030517578,13.811750411987305
2021-04-05,125.9000015258789,249.07000732421875,111.27749633789062,161.3365020751953,13.987500190734863
2021-04-06,126.20999908447266,247.86000061035156,111.23750305175781,161.1909942626953,13.861499786376953
2021-04-07,127.9000015258789,249.89999389648438,112.48400115966797,163.96949768066406,14.143500328063965
2021-04-08,130.36000061035156,253.25,113.27200317382812,164.96499633789062,14.317000389099121
2021-04-09,133.0,255.85000610351562,114.29399871826172,168.61000061035156,14.399999618530273
2021-04-12,131.24000549316406,255.91000366210938,112.739501953125,168.96949768066406,15.208999633789062
2021-04-13,134.42999267578125,258.489990234375,113.3635025024414,170.0,15.679499626159668
2021-04-14,132.02999877929688,255.58999633789062,112.74199676513672,166.64999389648438,15.277000427246094
2021-04-15,134.5,259.5,114.83300018310547,168.95449829101562,16.137250900268555
2021-04-16,134.16000366210938,260.739990234375,114.88800048828125,169.9720001220703,15.912500381469727
2021-04-19,134.83999633789062,258.739990234375,115.12000274658203,168.60049438476562,15.361749649047852
2021-04-20,133.11000061035156,258.260009765625,114.68150329589844,166.7344970703125,15.171250343322754
2021-04-21,133.5,260.5799865722656,114.66449737548828,168.1009979248047,15.36050033569336
2021-04-22,131.94000244140625,257.1700134277344,113.39600372314453,165.45199584960938,14.850250244140625
2021-04-23,134.32000732421875,261.1499938964844,115.76499938964844,167.04400634765625,15.265250205993652
2021-04-26,134.72000122070312,261.54998779296875,116.33699798583984,170.4499969482422,15.477999687194824
2021-04-27,134.38999938964844,261.9700012207031,115.35600280761719,170.8715057373047,15.381750106811523
2021-04-28,133.5800018310547,254.55999755859375,118.99549865722656,172.9250030517578,15.276749610900879
2021-04-29,133.47999572753906,252.50999450683594,121.49449920654297,173.5655059814453,15.324749946594238
2021-04-30,131.4600067138672,252.17999267578125,120.50599670410156,173.37100219726562,15.009499549865723
2021-05-03,132.5399932861328,251.86000061035156,119.75849914550781,169.32449340820312,14.836750030517578
2021-05-04,127.8499984741211,247.7899932861328,117.7125015258789,165.593505859375,14.351249694824219
2021-05-05,128.10000610351562,246.47000122070312,117.83699798583984,163.52699279785156,14.458499908447266
2021-05-06,129.74000549316406,249.72999572753906,119.06749725341797,165.31849670410156,14.52299976348877
2021-05-07,130.2100067138672,252.4600067138672,119.93450164794922,164.58050537109375,14.812250137329102
2021-05-10,126.8499984741211,247.17999267578125,117.08300018310547,159.52450561523438,14.26574993133545
2021-05-11,125.91000366210938,246.22999572753906,115.43800354003906,161.19549560546875,14.306249618530273
2021-05-12,122.7699966430664,239.0,111.9540023803711,157.5970001220703,13.758500099182129
2021-05-13,124.97000122070312,243.02999877929688,113.09850311279297,158.07350158691406,13.665249824523926
2021-05-14,127.44999694824219,248.14999389648438,115.80799865722656,161.14500427246094,14.243000030517578
2021-05-17,126.2699966430664,245.17999267578125,116.07050323486328,163.51950073242188,14.165499687194824
2021-05-18,124.8499984741211,243.0800018310547,115.17150115966797,161.61399841308594,14.01574993133545
2021-05-19,124.69000244140625,243.1199951171875,115.43550109863281,161.58999633789062,14.065750122070312
2021-05-20,127.30999755859375,246.47999572753906,117.80449676513672,162.38400268554688,14.612500190734863
2021-05-21,125.43000030517578,245.1699981689453,117.25499725341797,160.1540069580078,14.99174976348877
2021-05-24,127.0999984741211,250.77999877929688,120.33350372314453,162.24949645996094,15.612000465393066
2021-05-25,126.9000015258789,251.72000122070312,120.45349884033203,162.95249938964844,15.647749900817871
2021-05-26,126.8499984741211,251.49000549316406,121.67649841308594,163.25799560546875,15.699999809265137
2021-05-27,125.27999877929688,249.30999755859375,120.12550354003906,161.5054931640625,15.48799991607666
2021-05-28,124.61000061035156,249.67999267578125,120.5780029296875,161.15350341796875,16.24449920654297
2021-06-01,124.27999877929688,247.39999389648438,121.4905014038086,160.9324951171875,16.26449966430664
2021-06-02,125.05999755859375,247.3000030517578,121.06400299072266,161.69949340820312,16.778249740600586
2021-06-03,123.54000091552734,245.7100067138672,120.23049926757812,159.35049438476562,16.969749450683594
2021-06-04,125.88999938964844,250.7899932861328,122.58799743652344,160.31100463867188,17.578250885009766
2021-06-07,125.9000015258789,253.80999755859375,123.30449676513672,159.90049743652344,17.618999481201172
2021-06-08,126.73999786376953,252.57000732421875,124.14250183105469,163.20550537109375,17.457000732421875
2021-06-09,127.12999725341797,253.58999633789062,124.56999969482422,164.0574951171875,17.35824966430664
2021-06-10,126.11000061035156,257.239990234375,126.08000183105469,167.4824981689453,17.424999237060547
2021-06-11,127.3499984741211,257.8900146484375,125.69650268554688,167.3415069580078,17.82525062561035
2021-06-14,130.47999572753906,259.8900146484375,126.35199737548828,169.19349670410156,18.018749237060547
2021-06-15,129.63999938964844,258.3599853515625,126.03299713134766,169.156494140625,17.78849983215332
2021-06-16,130.14999389648438,257.3800048828125,125.69650268554688,170.7624969482422,17.81024932861328
2021-06-17,131.7899932861328,260.8999938964844,126.37100219726562,174.46200561523438,18.657249450683594
2021-06-18,130.4600067138672,259.42999267578125,125.56749725341797,174.34500122070312,18.638750076293945
2021-06-21,132.3000030517578,262.6300048828125,126.45500183105469,172.697998046875,18.427249908447266
2021-06-22,133.97999572753906,265.510009765625,126.99949645996094,175.27200317382812,18.886749267578125
2021-06-23,133.6999969482422,265.2699890136719,126.46150207519531,175.1909942626953,19.057249069213867
2021-06-24,133.41000366210938,266.69000244140625,127.28199768066406,172.45399475097656,19.20549964904785
2021-06-25,133.11000061035156,265.0199890136719,126.99500274658203,170.072998046875,19.0310001373291
2021-06-28,134.77999877929688,268.7200012207031,126.81950378417969,172.1945037841797,19.985000610351562
2021-06-29,136.3300018310547,271.3999938964844,126.01850128173828,172.40699768066406,20.026750564575195
2021-06-30,136.9600067138672,270.8999938964844,125.31600189208984,172.00799560546875,20.002500534057617
2021-07-01,137.27000427246094,271.6000061035156,126.36849975585938,171.64849853515625,20.211999893188477
2021-07-02,139.9600067138672,277.6499938964844,128.718994140625,175.5489959716797,20.48699951171875
2021-07-06,142.02000427246094,277.6600036621094,129.77099609375,183.78700256347656,20.69849967956543
2021-07-07,144.57000732421875,279.92999267578125,130.07749938964844,184.82899475097656,20.371749877929688
2021-07-08,143.24000549316406,277.4200134277344,129.177001953125,186.57049560546875,19.90275001525879
2021-07-09,145.11000061035156,277.94000244140625,129.57449340820312,185.9669952392578,20.050249099731445
2021-07-12,144.5,277.32000732421875,130.56399536132812,185.92750549316406,20.512500762939453
2021-07-13,145.63999938964844,280.9800109863281,130.9945068359375,183.8679962158203,20.25
2021-07-14,149.14999389648438,282.510009765625,132.08250427246094,184.08399963378906,19.84149932861328
2021-07-15,148.47999572753906,281.0299987792969,131.26649475097656,181.55999755859375,18.966249465942383
2021-07-16,146.38999938964844,280.75,131.8455047607422,178.68150329589844,18.160999298095703
2021-07-19,142.4499969482422,277.010009765625,129.25399780273438,177.47950744628906,18.77975082397461
2021-07-20,146.14999389648438,279.32000732421875,131.10150146484375,178.6595001220703,18.61199951171875
2021-07-21,145.39999389648438,281.3999938964844,132.60049438476562,179.25999450683594,19.40999984741211
2021-07-22,146.8000030517578,286.1400146484375,133.32850646972656,181.90150451660156,19.5939998626709
2021-07-23,148.55999755859375,289.6700134277344,137.8159942626953,182.83200073242188,19.558000564575195
2021-07-26,148.99000549316406,289.04998779296875,139.64450073242188,184.99099731445312,19.29400062561035
2021-07-27,146.77000427246094,286.5400085449219,136.79649353027344,181.3195037841797,19.20800018310547
2021-07-28,144.97999572753906,286.2200012207031,136.38150024414062,181.51600646972656,19.503000259399414
2021-07-29,145.63999938964844,286.5,136.54049682617188,179.99600219726562,19.66200065612793
2021-07-30,145.86000061035156,284.9100036621094,135.2209930419922,166.37950134277344,19.499000549316406
2021-08-02,145.52000427246094,284.82000732421875,135.989501953125,166.57400512695312,19.75
2021-08-03,147.36000061035156,287.1199951171875,136.27999877929688,168.31199645996094,19.815000534057617
2021-08-04,146.9499969482422,286.510009765625,136.02850341796875,167.73599243164062,20.27400016784668
2021-08-05,147.05999755859375,289.5199890136719,136.94000244140625,168.79949951171875,20.636999130249023
2021-08-06,146.13999938964844,289.4599914550781,137.03599548339844,167.2469940185547,20.365999221801758
2021-08-09,146.08999633789062,288.3299865722656,138.0019989013672,167.093505859375,20.295000076293945
2021-08-10,145.60000610351562,286.44000244140625,138.09649658203125,166.03399658203125,19.93600082397461
2021-08-11,145.86000061035156,286.95001220703125,137.6894989013672,164.60549926757812,19.698999404907227
2021-08-12,148.88999938964844,289.80999755859375,138.38949584960938,165.1750030517578,19.905000686645508
2021-08-13,149.10000610351562,292.8500061035156,138.406005859375,164.69850158691406,20.187999725341797
2021-08-16,151.1199951171875,294.6000061035156,138.91600036621094,164.94949340820312,19.950000762939453
2021-08-17,150.19000244140625,293.0799865722656,137.30050659179688,162.09800720214844,19.45800018310547
2021-08-18,146.36000061035156,290.7300109863281,136.57000732421875,160.06100463867188,19.040000915527344
2021-08-19,146.6999969482422,296.7699890136719,136.9134979248047,159.3874969482422,19.79800033569336
2021-08-20,148.19000244140625,304.3599853515625,138.43699645996094,159.99749755859375,20.81599998474121
2021-08-23,149.7100067138672,304.6499938964844,141.09950256347656,163.2935028076172,21.95800018310547
2021-08-24,149.6199951171875,302.6199951171875,142.39849853515625,165.28900146484375,21.792999267578125
2021-08-25,148.36000061035156,302.010009765625,142.9499969482422,164.95899963378906,22.21299934387207
2021-08-26,147.5399932861328,299.0899963378906,142.1230010986328,165.8000030517578,22.06800079345703
2021-08-27,148.60000610351562,299.7200012207031,144.55050659179688,167.48150634765625,22.63599967956543
2021-08-30,153.1199951171875,303.5899963378906,145.46949768066406,171.07850646972656,22.687999725341797
2021-08-31,151.8300018310547,301.8800048828125,145.46200561523438,173.5395050048828,22.385000228881836
2021-09-01,152.50999450683594,301.8299865722656,145.8419952392578,173.9499969482422,22.44099998474121
2021-09-02,153.64999389648438,301.1499938964844,144.218994140625,173.156005859375,22.395999908447266
2021-09-03,154.3000030517578,301.1400146484375,144.77499389648438,173.90249633789062,22.843000411987305
2021-09-07,156.69000244140625,300.17999267578125,145.5189971923828,175.46449279785156,22.66200065612793
2021-09-08,155.11000061035156,300.2099914550781,144.8834991455078,176.27499389648438,22.339000701904297
2021-09-09,154.07000732421875,297.25,144.9134979248047,174.20799255371094,22.177000045776367
2021-09-10,148.97000122070312,295.7099914550781,141.92100524902344,173.45750427246094,22.47800064086914
2021-09-13,149.5500030517578,296.989990234375,143.46499633789062,172.85850524902344,22.152000427246094
2021-09-14,148.1199951171875,299.7900085449219,143.406005859375,172.5,22.242000579833984
2021-09-15,149.02999877929688,304.82000732421875,145.20599365234375,173.7895050048828,22.340999603271484
2021-09-16,148.7899932861328,305.2200012207031,144.37350463867188,174.41200256347656,22.242000579833984
2021-09-17,146.05999755859375,299.8699951171875,141.4635009765625,173.12600708007812,21.899999618530273
2021-09-20,142.94000244140625,294.29998779296875,139.01699829101562,167.7864990234375,21.113000869750977
2021-09-21,143.42999267578125,294.79998779296875,139.64649963378906,167.18150329589844,21.246000289916992
2021-09-22,145.85000610351562,298.5799865722656,140.93850708007812,169.00250244140625,21.94099998474121
2021-09-23,146.8300018310547,299.55999755859375,141.82650756835938,170.8000030517578,22.48200035095215
2021-09-24,146.9199981689453,299.3500061035156,142.63299560546875,171.2760009765625,22.08099937438965
2021-09-27,145.3699951171875,294.1700134277344,141.50100708007812,170.2899932861328,21.65999984741211
2021-09-28,141.91000366210938,283.5199890136719,136.1840057373047,165.79800415039062,20.698999404907227
2021-09-29,142.8300018310547,284.0,134.52099609375,165.05599975585938,20.517000198364258
2021-09-30,141.5,281.9200134277344,133.2655029296875,164.2519989013672,20.715999603271484
2021-10-01,142.64999389648438,289.1000061035156,136.46249389648438,164.16299438476562,20.742000579833984
2021-10-04,139.13999938964844,283.1099853515625,133.76499938964844,159.48899841308594,19.73200035095215
2021-10-05,141.11000061035156,288.760009765625,136.177001953125,161.0500030517578,20.451000213623047
2021-10-06,142.0,293.1099853515625,137.35400390625,163.10049438476562,20.700000762939453
2021-10-07,143.2899932861328,294.8500061035156,139.1855010986328,165.1215057373047,21.075000762939453
2021-10-08,142.89999389648438,294.8500061035156,140.05599975585938,164.43099975585938,20.83099937438965
2021-10-11,142.80999755859375,294.2300109863281,138.84750366210938,162.31500244140625,20.69499969482422
2021-10-12,141.50999450683594,292.8800048828125,136.71299743652344,162.3665008544922,20.67099952697754
2021-10-13,140.91000366210938,296.30999755859375,137.89999389648438,164.21400451660156,20.93899917602539
2021-10-14,143.75999450683594,302.75,141.41200256347656,164.9929962158203,21.746000289916992
2021-10-15,144.83999633789062,304.2099914550781,141.6750030517578,170.4510040283203,21.86199951171875
2021-10-18,146.5500030517578,307.2900085449219,142.9604949951172,172.33700561523438,22.222000122070312
2021-10-19,148.75999450683594,308.2300109863281,143.82200622558594,172.20750427246094,22.290000915527344
2021-10-20,149.25999450683594,307.4100036621094,142.4149932861328,170.7530059814453,22.10300064086914
2021-10-21,149.47999572753906,310.760009765625,142.78050231933594,171.75050354003906,22.691999435424805
2021-10-22,148.69000244140625,309.1600036621094,138.625,166.77749633789062,22.72599983215332
2021-10-25,148.63999938964844,308.1300048828125,138.7729949951172,166.01849365234375,23.166000366210938
2021-10-26,149.32000732421875,310.1099853515625,139.6719970703125,168.80349731445312,24.716999053955078
2021-10-27,148.85000610351562,323.1700134277344,146.42750549316406,169.62449645996094,24.451000213623047
2021-10-28,152.57000732421875,324.3500061035156,146.12899780273438,172.32850646972656,24.94099998474121
2021-10-29,149.8000030517578,331.6199951171875,148.27049255371094,168.6215057373047,25.566999435424805
2021-11-01,148.9600067138672,329.3699951171875,143.7740020751953,165.90550231933594,25.82699966430664
2021-11-02,150.02000427246094,333.1300048828125,145.86300659179688,165.6374969482422,26.400999069213867
2021-11-03,151.49000549316406,334.0,146.7899932861328,169.1999969482422,26.597999572753906
2021-11-04,150.9600067138672,336.44000244140625,148.68299865722656,173.85000610351562,29.801000595092773
2021-11-05,151.27999877929688,336.05999755859375,149.24099731445312,175.94949340820312,29.75200080871582
2021-11-08,150.44000244140625,336.989990234375,149.35150146484375,174.44900512695312,30.804000854492188
2021-11-09,150.80999755859375,335.95001220703125,149.24850463867188,178.81149291992188,30.656999588012695
2021-11-10,147.9199981689453,330.79998779296875,146.62600708007812,174.1024932861328,29.458999633789062
2021-11-11,147.8699951171875,332.42999267578125,146.7480010986328,173.625,30.389999389648438
2021-11-12,149.99000549316406,336.7200012207031,149.64549255371094,176.25750732421875,30.389999389648438
2021-11-15,150.0,336.07000732421875,149.38800048828125,177.28399658203125,30.024999618530273
2021-11-16,151.0,339.510009765625,149.0760040283203,177.03500366210938,30.202999114990234
2021-11-17,153.49000549316406,339.1199951171875,149.06199645996094,177.4499969482422,29.26099967956543
2021-11-18,157.8699951171875,341.2699890136719,150.70899963378906,184.80299377441406,31.674999237060547
2021-11-19,160.5500030517578,343.1099853515625,149.95249938964844,183.82850646972656,32.98500061035156
2021-11-22,161.02000427246094,339.8299865722656,147.07850646972656,178.6284942626953,31.95599937438965
2021-11-23,161.41000366210938,337.67999267578125,146.7570037841797,179.0019989013672,31.746000289916992
2021-11-24,161.94000244140625,337.9100036621094,146.71749877929688,179.02049255371094,32.67399978637695
2021-11-26,156.80999755859375,329.67999267578125,142.80599975585938,175.22799682617188,31.503000259399414
2021-11-29,160.24000549316406,336.6300048828125,146.11399841308594,178.07850646972656,33.375999450683594
2021-11-30,165.3000030517578,330.5899963378906,142.45199584960938,175.35350036621094,32.67599868774414
2021-12-01,164.77000427246094,330.0799865722656,141.6179962158203,172.18600463867188,31.434999465942383
2021-12-02,163.75999450683594,329.489990234375,143.77650451660156,171.8679962158203,32.125999450683594
2021-12-03,161.83999633789062,323.010009765625,142.52049255371094,169.489501953125,30.69300079345703
2021-12-06,165.32000732421875,326.19000244140625,143.79649353027344,171.36849975585938,30.03700065612793
2021-12-07,171.17999267578125,334.9200134277344,148.0364990234375,176.1645050048828,32.426998138427734
2021-12-08,175.0800018310547,334.9700012207031,148.7205047607422,176.1580047607422,31.826000213623047
2021-12-09,174.55999755859375,333.1000061035156,148.1060028076172,174.17100524902344,30.489999771118164
2021-12-10,179.4499969482422,342.5400085449219,148.6750030517578,172.21200561523438,30.197999954223633
2021-12-13,175.74000549316406,339.3999938964844,146.70449829101562,169.5675048828125,28.160999298095703
2021-12-14,174.3300018310547,328.3399963378906,144.9705047607422,169.0915069580078,28.336999893188477
2021-12-15,179.3000030517578,334.6499938964844,147.36849975585938,173.31500244140625,30.458999633789062
2021-12-16,172.25999450683594,324.8999938964844,144.8385009765625,168.87100219726562,28.386999130249023
2021-12-17,171.13999938964844,323.79998779296875,142.80299377441406,170.0175018310547,27.801000595092773
2021-12-20,169.75,319.9100036621094,142.40150451660156,167.07899475097656,27.7189998626709
2021-12-21,172.99000549316406,327.2900085449219,144.2205047607422,170.41700744628906,29.075000762939453
2021-12-22,175.63999938964844,333.20001220703125,146.94900512695312,171.03700256347656,29.399999618530273
2021-12-23,176.27999877929688,334.69000244140625,147.1425018310547,171.06849670410156,29.639999389648438
2021-12-27,180.3300018310547,342.45001220703125,148.06399536132812,169.66949462890625,30.94499969482422
2021-12-28,179.2899932861328,341.25,146.447998046875,170.66099548339844,30.32200050354004
2021-12-29,179.3800048828125,341.95001220703125,146.50450134277344,169.2010040283203,30.000999450683594
2021-12-30,178.1999969482422,339.32000732421875,146.00250244140625,168.64450073242188,29.586000442504883
2021-12-31,177.57000732421875,336.32000732421875,144.67950439453125,166.7169952392578,29.410999298095703
2022-01-03,182.00999450683594,334.75,145.07449340820312,170.4044952392578,30.121000289916992
2022-01-04,179.6999969482422,329.010009765625,144.41650390625,167.52200317382812,29.290000915527344
2022-01-05,174.9199981689453,316.3800048828125,137.65350341796875,164.35699462890625,27.604000091552734
2022-01-06,172.0,313.8800048828125,137.55099487304688,163.25399780273438,28.17799949645996
2022-01-07,172.1699981689453,314.0400085449219,137.00450134277344,162.5540008544922,27.246999740600586
2022-01-10,172.19000244140625,314.2699890136719,138.57400512695312,161.48599243164062,27.399999618530273
2022-01-11,175.0800018310547,314.9800109863281,140.0175018310547,165.36199951171875,27.816999435424805
2022-01-12,175.52999877929688,318.2699890136719,141.6479949951172,165.20700073242188,27.999000549316406
2022-01-13,172.19000244140625,304.79998779296875,139.13099670410156,161.21400451660156,26.575000762939453
2022-01-14,173.07000732421875,310.20001220703125,139.7864990234375,162.13800048828125,26.941999435424805
2022-01-18,169.8000030517578,302.6499938964844,136.29049682617188,158.91749572753906,25.902999877929688
2022-01-19,166.22999572753906,303.3299865722656,135.65199279785156,156.2989959716797,25.066999435424805
2022-01-20,164.50999450683594,301.6000061035156,133.50650024414062,151.66749572753906,24.149999618530273
2022-01-21,162.41000366210938,296.0299987792969,130.0919952392578,142.64300537109375,23.374000549316406
2022-01-24,161.6199951171875,296.3699951171875,130.3719940185547,144.54400634765625,23.371999740600586
2022-01-25,159.77999877929688,288.489990234375,126.7354965209961,139.98599243164062,22.323999404907227
2022-01-26,159.69000244140625,296.7099914550781,129.24000549316406,138.87249755859375,22.77199935913086
2022-01-27,159.22000122070312,299.8399963378906,129.12100219726562,139.6374969482422,21.944000244140625
2022-01-28,170.3300018310547,308.260009765625,133.2895050048828,143.97799682617188,22.84000015258789
2022-01-31,174.77999877929688,310.9800109863281,135.69850158691406,149.57350158691406,24.486000061035156
2022-02-01,174.61000061035156,308.760009765625,137.8784942626953,151.19349670410156,24.63800048828125
2022-02-02,175.83999633789062,313.4599914550781,148.0364990234375,150.6125030517578,25.242000579833984
2022-02-03,172.89999389648438,301.25,142.65049743652344,138.8455047607422,23.947999954223633
2022-02-04,172.38999938964844,305.94000244140625,143.01600646972656,157.63949584960938,24.319000244140625
2022-02-07,171.66000366210938,300.95001220703125,138.93800354003906,157.9355010986328,24.72800064086914
2022-02-08,174.8300018310547,304.55999755859375,139.21299743652344,161.4134979248047,25.107999801635742
2022-02-09,176.27999877929688,311.2099914550781,141.4530029296875,161.1894989013672,26.704999923706055
2022-02-10,172.1199951171875,302.3800048828125,138.6024932861328,159.0034942626953,25.823999404907227
2022-02-11,168.63999938964844,295.0400085449219,134.1300048828125,153.2935028076172,23.948999404907227
2022-02-14,168.8800048828125,295.0,135.3000030517578,155.16700744628906,24.267000198364258
2022-02-15,172.7899932861328,300.4700012207031,136.42550659179688,156.510498046875,26.4950008392334
2022-02-16,172.5500030517578,299.5,137.4875030517578,158.10049438476562,26.51099967956543
2022-02-17,168.8800048828125,290.7300109863281,132.30850219726562,154.65249633789062,24.506999969482422
2022-02-18,167.3000030517578,287.92999267578125,130.46749877929688,152.60150146484375,23.642000198364258
2022-02-22,164.32000732421875,287.7200012207031,129.40249633789062,150.19749450683594,23.389999389648438
2022-02-23,160.07000732421875,280.2699890136719,127.58499908447266,144.82699584960938,22.386999130249023
2022-02-24,162.74000549316406,294.5899963378906,132.67349243164062,151.35800170898438,23.74799919128418
2022-02-25,164.85000610351562,297.30999755859375,134.51950073242188,153.7884979248047,24.156999588012695
2022-02-28,165.1199951171875,298.7900085449219,134.89100646972656,153.56300354003906,24.385000228881836
2022-03-01,163.1999969482422,294.95001220703125,134.16799926757812,151.14199829101562,23.476999282836914
2022-03-02,166.55999755859375,300.19000244140625,134.75149536132812,152.05250549316406,24.219999313354492
2022-03-03,166.22999572753906,295.9200134277344,134.30799865722656,147.89849853515625,23.714000701904297
2022-03-04,163.1699981689453,289.8599853515625,132.1219940185547,145.64100646972656,22.93600082397461
2022-03-07,159.3000030517578,278.9100036621094,126.4645004272461,137.4530029296875,21.351999282836914
2022-03-08,157.44000244140625,275.8500061035156,127.27850341796875,136.01449584960938,21.513999938964844
2022-03-09,162.9499969482422,288.5,133.86599731445312,139.2790069580078,23.013999938964844
2022-03-10,158.52000427246094,285.5899963378906,132.6820068359375,146.8175048828125,22.658000946044922
2022-03-11,154.72999572753906,280.07000732421875,130.47549438476562,145.52450561523438,22.100000381469727
2022-03-14,150.6199951171875,276.44000244140625,126.74099731445312,141.85299682617188,21.329999923706055
2022-03-15,155.08999633789062,287.1499938964844,129.66050720214844,147.3665008544922,22.972999572753906
2022-03-16,159.58999633789062,294.3900146484375,133.6905059814453,153.10400390625,24.496000289916992
2022-03-17,160.6199951171875,295.2200012207031,134.60049438476562,157.23899841308594,24.766000747680664
2022-03-18,163.97999572753906,300.42999267578125,136.80149841308594,161.25050354003906,26.452999114990234
2022-03-21,165.3800048828125,299.1600036621094,136.47850036621094,161.4915008544922,26.733999252319336
2022-03-22,168.82000732421875,304.05999755859375,140.27749633789062,164.88900756835938,26.52400016784668
2022-03-23,170.2100067138672,299.489990234375,138.5034942626953,163.4080047607422,25.634000778198242
2022-03-24,174.07000732421875,304.1000061035156,141.31199645996094,163.64950561523438,28.149999618530273
2022-03-25,174.72000122070312,303.67999267578125,141.52149963378906,164.77349853515625,27.691999435424805
2022-03-28,175.60000610351562,310.70001220703125,141.9499969482422,168.99049377441406,28.2189998626709
2022-03-29,178.9600067138672,315.4100036621094,143.25,169.31500244140625,28.6560001373291
2022-03-30,177.77000427246094,313.8599853515625,142.64450073242188,166.30099487304688,27.690000534057617
2022-03-31,174.61000061035156,308.30999755859375,139.64950561523438,162.99749755859375,27.285999298095703
2022-04-01,174.30999755859375,309.4200134277344,140.6999969482422,163.55999755859375,26.711999893188477
2022-04-04,178.44000244140625,314.9700012207031,143.6425018310547,168.34649658203125,27.360000610351562
2022-04-05,175.05999755859375,310.8800048828125,141.06300354003906,164.05499267578125,25.930999755859375
2022-04-06,171.8300018310547,299.5,137.17599487304688,158.75599670410156,24.406999588012695
2022-04-07,172.13999938964844,301.3699951171875,136.46499633789062,157.7845001220703,24.20800018310547
2022-04-08,170.08999633789062,296.9700012207031,134.010498046875,154.4604949951172,23.118999481201172
2022-04-11,165.75,285.260009765625,129.79649353027344,151.1219940185547,21.91699981689453
2022-04-12,167.66000366210938,282.05999755859375,128.37449645996094,150.78750610351562,21.503999710083008
2022-04-13,170.39999389648438,287.6199951171875,130.28599548339844,155.54100036621094,22.202999114990234
2022-04-14,165.2899932861328,279.8299865722656,127.25299835205078,151.7064971923828,21.257999420166016
2022-04-18,165.07000732421875,280.5199890136719,127.96099853515625,152.78500366210938,21.783000946044922
2022-04-19,167.39999389648438,285.29998779296875,130.531005859375,158.11549377441406,22.197999954223633
2022-04-20,167.22999572753906,286.3599853515625,128.24549865722656,153.9980010986328,21.48200035095215
2022-04-21,166.4199981689453,280.80999755859375,124.9375,148.29600524902344,20.183000564575195
2022-04-22,161.7899932861328,274.0299987792969,119.61399841308594,144.35000610351562,19.514999389648438
2022-04-25,162.8800048828125,280.7200012207031,123.25,146.07400512695312,19.902000427246094
2022-04-26,156.8000030517578,270.2200012207031,119.50599670410156,139.39100646972656,18.788000106811523
2022-04-27,156.57000732421875,283.2200012207031,115.02050018310547,138.16700744628906,18.415000915527344
2022-04-28,163.63999938964844,289.6300048828125,119.4114990234375,144.59649658203125,19.781999588012695
2022-04-29,157.64999389648438,277.5199890136719,114.96649932861328,124.28150177001953,18.547000885009766
2022-05-02,157.9600067138672,284.4700012207031,117.15699768066406,124.5,19.533000946044922
2022-05-03,159.47999572753906,281.7799987792969,118.12950134277344,124.25350189208984,19.601999282836914
2022-05-04,166.02000427246094,289.9800109863281,122.57499694824219,125.92849731445312,20.333999633789062
2022-05-05,156.77000427246094,277.3500061035156,116.74649810791016,116.40699768066406,18.8439998626709
2022-05-06,157.27999877929688,274.7300109863281,115.66000366210938,114.77249908447266,18.674999237060547
2022-05-09,152.05999755859375,264.5799865722656,113.08399963378906,108.78900146484375,16.950000762939453
2022-05-10,154.50999450683594,269.5,114.58450317382812,108.85900115966797,17.594999313354492
2022-05-11,146.5,260.54998779296875,113.96099853515625,105.37200164794922,16.6299991607666
2022-05-12,142.55999755859375,255.35000610351562,113.16100311279297,106.93049621582031,16.174999237060547
2022-05-13,147.11000061035156,261.1199951171875,116.5155029296875,113.05500030517578,17.70599937438965
2022-05-16,145.5399932861328,261.5,114.7925033569336,110.81050109863281,17.263999938964844
2022-05-17,149.24000549316406,266.82000732421875,116.70149993896484,115.36849975585938,18.177000045776367
2022-05-18,140.82000732421875,254.0800018310547,112.4010009765625,107.11250305175781,16.937999725341797
2022-05-19,137.35000610351562,253.13999938964844,110.74549865722656,107.31900024414062,17.124000549316406
2022-05-20,137.58999633789062,252.55999755859375,109.31300354003906,107.59100341796875,16.694000244140625
2022-05-23,143.11000061035156,260.6499938964844,111.66649627685547,107.55699920654297,16.898000717163086
2022-05-24,140.36000061035156,259.6199951171875,105.9260025024414,104.0999984741211,16.15399932861328
2022-05-25,140.52000427246094,262.5199890136719,105.8395004272461,106.7750015258789,16.975000381469727
2022-05-26,143.77999877929688,265.8999938964844,108.2959976196289,111.07749938964844,17.85099983215332
2022-05-27,149.63999938964844,273.239990234375,112.79900360107422,115.14649963378906,18.81100082397461
2022-05-31,148.83999633789062,271.8699951171875,114.03900146484375,120.20950317382812,18.672000885009766
2022-06-01,148.7100067138672,272.4200134277344,114.13700103759766,121.68399810791016,18.31999969482422
2022-06-02,151.2100067138672,274.5799865722656,117.74600219726562,125.51100158691406,19.591999053955078
2022-06-03,145.3800048828125,270.0199890136719,114.56400299072266,122.3499984741211,18.719999313354492
2022-06-06,146.13999938964844,268.75,117.010498046875,124.79000091552734,18.785999298095703
2022-06-07,148.7100067138672,272.5,117.22949981689453,123.0,18.926000595092773
2022-06-08,147.9600067138672,270.4100036621094,117.23799896240234,121.18000030517578,18.648000717163086
2022-06-09,142.63999938964844,264.7900085449219,114.91799926757812,116.1500015258789,18.04800033569336
2022-06-10,137.1300048828125,252.99000549316406,111.42749786376953,109.6500015258789,16.974000930786133
2022-06-13,131.8800048828125,242.25999450683594,106.87650299072266,103.66999816894531,15.647000312805176
2022-06-14,132.75999450683594,244.49000549316406,107.19400024414062,102.30999755859375,15.836000442504883
2022-06-15,135.42999267578125,251.75999450683594,110.3905029296875,107.66999816894531,16.527000427246094
2022-06-16,130.05999755859375,244.97000122070312,106.63600158691406,103.66000366210938,15.60099983215332
2022-06-17,131.55999755859375,247.64999389648438,107.8655014038086,106.22000122070312,15.880000114440918
2022-06-21,135.8699951171875,253.74000549316406,112.01499938964844,108.68000030517578,16.56599998474121
2022-06-22,135.35000610351562,253.1300048828125,112.03399658203125,108.94999694824219,16.360000610351562
2022-06-23,138.27000427246094,258.8599853515625,112.68450164794922,112.44000244140625,16.225000381469727
2022-06-24,141.66000366210938,267.70001220703125,118.53800201416016,116.45999908447266,17.125999450683594
2022-06-27,141.66000366210938,264.8900146484375,116.62249755859375,113.22000122070312,16.868999481201172
2022-06-28,137.44000244140625,256.4800109863281,112.57150268554688,107.4000015258789,15.982000350952148
2022-06-29,139.22999572753906,260.260009765625,112.25650024414062,108.91999816894531,15.541999816894531
2022-06-30,136.72000122070312,256.8299865722656,109.37249755859375,106.20999908447266,15.159000396728516
2022-07-01,138.92999267578125,259.5799865722656,109.08100128173828,109.55999755859375,14.52299976348877
2022-07-05,141.55999755859375,262.8500061035156,113.88700103759766,113.5,14.96399974822998
2022-07-06,142.9199981689453,266.2099914550781,115.2135009765625,114.33000183105469,15.130000114440918
2022-07-07,146.35000610351562,268.3999938964844,119.30599975585938,116.33000183105469,15.857999801635742
2022-07-08,147.0399932861328,267.6600036621094,120.16850280761719,115.54000091552734,15.838000297546387
2022-07-11,144.8699951171875,264.510009765625,116.52249908447266,111.75,15.152000427246094
2022-07-12,145.86000061035156,253.6699981689453,114.84950256347656,109.22000122070312,15.081999778747559
2022-07-13,145.49000549316406,252.72000122070312,112.18699645996094,110.4000015258789,15.163999557495117
2022-07-14,148.47000122070312,254.0800018310547,111.44000244140625,110.62999725341797,15.371999740600586
2022-07-15,150.1699981689453,256.7200012207031,112.76699829101562,113.55000305175781,15.76200008392334
2022-07-18,147.07000732421875,254.25,109.91000366210938,113.76000213623047,16.10099983215332
2022-07-19,151.0,259.5299987792969,114.62000274658203,118.20999908447266,16.992000579833984
2022-07-20,153.0399932861328,262.2699890136719,114.69999694824219,122.7699966430664,17.80699920654297
2022-07-21,155.35000610351562,264.8399963378906,115.04000091552734,124.62999725341797,18.049999237060547
2022-07-22,154.08999633789062,260.3599853515625,108.36000061035156,122.41999816894531,17.319000244140625
2022-07-25,152.9499969482422,258.8299865722656,108.20999908447266,121.13999938964844,17.02400016784668
2022-07-26,151.60000610351562,251.89999389648438,105.44000244140625,114.80999755859375,16.533000946044922
2022-07-27,156.7899932861328,268.739990234375,113.5999984741211,120.97000122070312,17.790000915527344
2022-07-28,157.35000610351562,276.4100036621094,114.58999633789062,122.27999877929688,17.983999252319336
2022-07-29,162.50999450683594,280.739990234375,116.63999938964844,134.9499969482422,18.163000106811523
2022-08-01,161.50999450683594,278.010009765625,115.4800033569336,135.38999938964844,18.44099998474121
2022-08-02,160.00999450683594,274.82000732421875,115.9000015258789,134.16000366210938,18.525999069213867
2022-08-03,166.1300048828125,282.4700012207031,118.77999877929688,139.52000427246094,18.89299964904785
2022-08-04,165.80999755859375,283.6499938964844,118.87000274658203,142.57000732421875,19.21500015258789
2022-08-05,165.35000610351562,282.9100036621094,118.22000122070312,140.8000030517578,18.98900032043457
2022-08-08,164.8699951171875,280.32000732421875,118.13999938964844,139.41000366210938,17.792999267578125
2022-08-09,164.9199981689453,282.29998779296875,117.5,137.8300018310547,17.086000442504883
2022-08-10,169.24000549316406,289.1600036621094,120.6500015258789,142.69000244140625,18.097000122070312
2022-08-11,168.49000549316406,287.0199890136719,119.81999969482422,140.63999938964844,17.941999435424805
2022-08-12,172.10000610351562,291.9100036621094,122.6500015258789,143.5500030517578,18.708999633789062
2022-08-15,173.19000244140625,293.4700012207031,122.87999725341797,143.17999267578125,19.031999588012695
2022-08-16,173.02999877929688,292.7099914550781,122.51000213623047,144.77999877929688,18.878999710083008
2022-08-17,174.5500030517578,291.32000732421875,120.31999969482422,142.10000610351562,18.334999084472656
2022-08-18,174.14999389648438,290.1700134277344,120.86000061035156,142.3000030517578,18.773000717163086
2022-08-19,171.52000427246094,286.1499938964844,118.12000274658203,138.22999572753906,17.849000930786133
2022-08-22,167.57000732421875,277.75,115.06999969482422,133.22000122070312,17.034000396728516
2022-08-23,167.22999572753906,276.44000244140625,114.7699966430664,133.6199951171875,17.180999755859375
2022-08-24,167.52999877929688,275.7900085449219,114.69999694824219,133.8000030517578,17.222000122070312
2022-08-25,170.02999877929688,278.8500061035156,117.69999694824219,137.27999877929688,17.913000106811523
2022-08-26,163.6199951171875,268.0899963378906,111.30000305175781,130.75,16.260000228881836
2022-08-29,161.3800048828125,265.2300109863281,110.33999633789062,129.7899932861328,15.800999641418457
2022-08-30,158.91000366210938,262.9700012207031,109.91000366210938,128.72999572753906,15.468000411987305
2022-08-31,157.22000122070312,261.4700012207031,109.1500015258789,126.7699966430664,15.093999862670898
2022-09-01,157.9600067138672,260.3999938964844,110.55000305175781,127.81999969482422,13.937000274658203
2022-09-02,155.80999755859375,256.05999755859375,108.68000030517578,127.51000213623047,13.647000312805176
2022-09-06,154.52999877929688,253.25,107.4800033569336,126.11000061035156,13.46500015258789
2022-09-07,155.9600067138672,258.0899963378906,110.4800033569336,129.47999572753906,13.71399974822998
2022-09-08,154.4600067138672,258.5199890136719,109.41999816894531,129.82000732421875,13.989999771118164
2022-09-09,157.3699951171875,264.4599914550781,111.77999877929688,133.27000427246094,14.38700008392334
2022-09-12,163.42999267578125,266.6499938964844,111.87000274658203,136.4499969482422,14.505000114440918
2022-09-13,153.83999633789062,251.99000549316406,105.30999755859375,126.81999969482422,13.130999565124512
2022-09-14,155.30999755859375,252.22000122070312,105.87000274658203,128.5500030517578,13.128000259399414
2022-09-15,152.3699951171875,245.3800048828125,103.9000015258789,126.27999877929688,12.928999900817871
2022-09-16,150.6999969482422,244.74000549316406,103.62999725341797,123.52999877929688,13.197999954223633
2022-09-19,154.47999572753906,244.52000427246094,103.8499984741211,124.66000366210938,13.381999969482422
2022-09-20,156.89999389648438,242.4499969482422,101.83000183105469,122.19000244140625,13.175999641418457
2022-09-21,153.72000122070312,238.9499969482422,100.01000213623047,118.54000091552734,13.26099967956543
2022-09-22,152.74000549316406,240.97999572753906,100.56999969482422,117.30999755859375,12.560999870300293
2022-09-23,150.42999267578125,237.9199981689453,99.16999816894531,113.77999877929688,12.515999794006348
2022-09-26,150.77000427246094,237.4499969482422,98.80999755859375,115.1500015258789,12.227999687194824
2022-09-27,151.75999450683594,236.41000366210938,98.08999633789062,114.41000366210938,12.413000106811523
2022-09-28,149.83999633789062,241.07000732421875,100.73999786376953,118.01000213623047,12.736000061035156
2022-09-29,142.47999572753906,237.5,98.08999633789062,114.80000305175781,12.220000267028809
2022-09-30,138.1999969482422,232.89999389648438,96.1500015258789,113.0,12.138999938964844
2022-10-03,142.4499969482422,240.74000549316406,99.30000305175781,115.87999725341797,12.51200008392334
2022-10-04,146.10000610351562,248.8800048828125,102.41000366210938,121.08999633789062,13.166999816894531
2022-10-05,146.39999389648438,249.1999969482422,102.22000122070312,120.94999694824219,13.208999633789062
2022-10-06,145.42999267578125,246.7899932861328,102.23999786376953,120.30000305175781,13.130000114440918
2022-10-07,140.08999633789062,234.24000549316406,99.56999969482422,114.55999755859375,12.076000213623047
2022-10-10,140.4199981689453,229.25,98.70999908447266,113.66999816894531,11.670000076293945
2022-10-11,138.97999572753906,225.41000366210938,98.05000305175781,112.20999908447266,11.586000442504883
2022-10-12,138.33999633789062,225.75,98.30000305175781,112.9000015258789,11.5
2022-10-13,142.99000549316406,234.24000549316406,99.70999908447266,112.52999877929688,11.960000038146973
2022-10-14,138.3800048828125,228.55999755859375,97.18000030517578,106.9000015258789,11.22700023651123
2022-10-17,142.41000366210938,237.52999877929688,100.77999877929688,113.79000091552734,11.887999534606934
2022-10-18,143.75,238.5,101.38999938964844,116.36000061035156,11.967000007629395
2022-10-19,143.86000061035156,236.47999572753906,100.29000091552734,115.06999969482422,12.050999641418457
2022-10-20,143.38999938964844,236.14999389648438,100.52999877929688,115.25,12.194000244140625
2022-10-21,147.27000427246094,242.1199951171875,101.4800033569336,119.31999969482422,12.465999603271484
2022-10-24,149.4499969482422,247.25,102.97000122070312,119.81999969482422,12.598999977111816
2022-10-25,152.33999633789062,250.66000366210938,104.93000030517578,120.5999984741211,13.26099967956543
2022-10-26,149.35000610351562,231.32000732421875,94.81999969482422,115.66000366210938,12.895999908447266
2022-10-27,144.8000030517578,226.75,92.5999984741211,110.95999908447266,13.175999641418457
2022-10-28,155.74000549316406,235.8699951171875,96.58000183105469,103.41000366210938,13.833999633789062
2022-10-31,153.33999633789062,232.1300048828125,94.66000366210938,102.44000244140625,13.496999740600586
2022-11-01,150.64999389648438,228.1699981689453,90.5,96.79000091552734,13.543000221252441
2022-11-02,145.02999877929688,220.10000610351562,87.06999969482422,92.12000274658203,13.218999862670898
2022-11-03,138.8800048828125,214.25,83.48999786376953,89.30000305175781,13.420999526977539
2022-11-04,138.3800048828125,221.38999938964844,86.69999694824219,90.9800033569336,14.156000137329102
2022-11-07,138.9199981689453,227.8699951171875,88.6500015258789,90.52999877929688,14.300999641418457
2022-11-08,139.5,228.8699951171875,88.91000366210938,89.9800033569336,14.60200023651123
2022-11-09,134.8699951171875,224.50999450683594,87.4000015258789,86.13999938964844,13.776000022888184
2022-11-10,146.8699951171875,242.97999572753906,94.16999816894531,96.62999725341797,15.75
2022-11-11,149.6999969482422,247.11000061035156,96.7300033569336,100.79000091552734,16.32699966430664
2022-11-14,148.27999877929688,241.5500030517578,96.02999877929688,98.48999786376953,16.295000076293945
2022-11-15,150.0399932861328,241.97000122070312,98.72000122070312,98.94000244140625,16.666000366210938
2022-11-16,148.7899932861328,241.72999572753906,98.98999786376953,97.12000274658203,15.90999984741211
2022-11-17,150.72000122070312,241.67999267578125,98.5,94.8499984741211,15.677000045776367
2022-11-18,151.2899932861328,241.22000122070312,97.80000305175781,94.13999938964844,15.409000396728516
2022-11-21,148.00999450683594,242.0500030517578,95.83000183105469,92.45999908447266,15.317000389099121
2022-11-22,150.17999267578125,245.02999877929688,97.33000183105469,93.19999694824219,16.038000106811523
2022-11-23,151.07000732421875,247.5800018310547,98.81999969482422,94.12999725341797,16.518999099731445
2022-11-25,148.11000061035156,247.49000549316406,97.5999984741211,93.41000366210938,16.270000457763672
2022-11-28,144.22000122070312,241.75999450683594,96.25,93.94999694824219,15.82699966430664
2022-11-29,141.1699981689453,240.3300018310547,95.44000244140625,92.41999816894531,15.638999938964844
2022-11-30,148.02999877929688,255.13999938964844,101.44999694824219,96.54000091552734,16.92300033569336
2022-12-01,148.30999755859375,254.69000244140625,101.27999877929688,95.5,17.135000228881836
2022-12-02,147.80999755859375,255.02000427246094,100.83000183105469,94.12999725341797,16.875999450683594
2022-12-05,146.6300048828125,250.1999969482422,99.87000274658203,91.01000213623047,16.610000610351562
2022-12-06,142.91000366210938,245.1199951171875,97.30999755859375,88.25,15.987000465393066
2022-12-07,140.94000244140625,244.3699951171875,95.1500015258789,88.45999908447266,16.1200008392334
2022-12-08,142.64999389648438,247.39999389648438,93.94999694824219,90.3499984741211,17.16900062561035
2022-12-09,142.16000366210938,245.4199981689453,93.06999969482422,89.08999633789062,17.000999450683594
2022-12-12,144.49000549316406,252.50999450683594,93.55999755859375,90.55000305175781,17.53499984741211
2022-12-13,145.47000122070312,256.9200134277344,95.8499984741211,92.48999786376953,18.07200050354004
2022-12-14,143.2100067138672,257.2200012207031,95.30999755859375,91.58000183105469,17.673999786376953
2022-12-15,136.5,249.00999450683594,91.19999694824219,88.44999694824219,16.95199966430664
2022-12-16,134.50999450683594,244.69000244140625,90.86000061035156,87.86000061035156,16.570999145507812
2022-12-19,132.3699951171875,240.4499969482422,89.1500015258789,84.91999816894531,16.253999710083008
2022-12-20,132.3000030517578,241.8000030517578,89.62999725341797,85.19000244140625,16.084999084472656
2022-12-21,135.4499969482422,244.42999267578125,90.25,86.7699966430664,16.500999450683594
2022-12-22,132.22999572753906,238.19000244140625,88.26000213623047,83.79000091552734,15.33899974822998
2022-12-23,131.86000061035156,238.72999572753906,89.80999755859375,85.25,15.206000328063965
2022-12-27,130.02999877929688,236.9600067138672,87.93000030517578,83.04000091552734,14.121000289916992
2022-12-28,126.04000091552734,234.52999877929688,86.45999908447266,81.81999969482422,14.03600025177002
2022-12-29,129.61000061035156,241.00999450683594,88.94999694824219,84.18000030517578,14.602999687194824
2022-12-30,129.92999267578125,239.82000732421875,88.7300033569336,84.0,14.61400032043457
2023-01-03,125.06999969482422,239.5800018310547,89.69999694824219,85.81999969482422,14.3149995803833
2023-01-04,126.36000061035156,229.10000610351562,88.70999908447266,85.13999938964844,14.74899959564209
2023-01-05,125.0199966430664,222.30999755859375,86.7699966430664,83.12000274658203,14.265000343322754
2023-01-06,129.6199951171875,224.92999267578125,88.16000366210938,86.08000183105469,14.859000205993652
2023-01-09,130.14999389648438,227.1199951171875,88.80000305175781,87.36000061035156,15.628000259399414
2023-01-10,130.72999572753906,228.85000610351562,89.23999786376953,89.87000274658203,15.909000396728516
2023-01-11,133.49000549316406,235.77000427246094,92.26000213623047,95.08999633789062,16.000999450683594
2023-01-12,133.41000366210938,238.50999450683594,91.91000366210938,95.2699966430664,16.51099967956543
2023-01-13,134.75999450683594,239.22999572753906,92.80000305175781,98.12000274658203,16.89900016784668
2023-01-17,135.94000244140625,240.35000610351562,92.16000366210938,96.05000305175781,17.70199966430664
2023-01-18,135.2100067138672,235.80999755859375,91.77999877929688,95.45999908447266,17.37700080871582
2023-01-19,135.27000427246094,231.92999267578125,93.91000366210938,93.68000030517578,16.764999389648438
2023-01-20,137.8699951171875,240.22000122070312,99.27999877929688,97.25,17.839000701904297
2023-01-23,141.11000061035156,242.5800018310547,101.20999908447266,97.5199966430664,19.19300079345703
2023-01-24,142.52999877929688,242.0399932861328,99.20999908447266,96.31999969482422,19.264999389648438
2023-01-25,141.86000061035156,240.61000061035156,96.7300033569336,97.18000030517578,19.322999954223633
2023-01-26,143.9600067138672,248.0,99.16000366210938,99.22000122070312,19.802000045776367
2023-01-27,145.92999267578125,248.16000366210938,100.70999908447266,102.23999786376953,20.364999771118164
2023-01-30,143.0,242.7100067138672,97.94999694824219,100.55000305175781,19.16200065612793
2023-01-31,144.2899932861328,247.80999755859375,99.87000274658203,103.12999725341797,19.53700065612793
2023-02-01,145.42999267578125,252.75,101.43000030517578,105.1500015258789,20.94300079345703
2023-02-02,150.82000732421875,264.6000061035156,108.80000305175781,112.91000366210938,21.708999633789062
2023-02-03,154.5,258.3500061035156,105.22000122070312,103.38999938964844,21.100000381469727
2023-02-06,151.72999572753906,256.7699890136719,103.47000122070312,102.18000030517578,21.089000701904297
2023-02-07,154.64999389648438,267.55999755859375,108.04000091552734,102.11000061035156,22.17300033569336
2023-02-08,151.9199981689453,266.7300109863281,100.0,100.05000305175781,22.204999923706055
2023-02-09,150.8699951171875,263.6199951171875,95.45999908447266,98.23999786376953,22.336999893188477
2023-02-10,151.00999450683594,263.1000061035156,94.86000061035156,97.61000061035156,21.264999389648438
2023-02-13,153.85000610351562,271.32000732421875,95.0,99.54000091552734,21.788000106811523
2023-02-14,153.1999969482422,272.1700134277344,94.94999694824219,99.69999694824219,22.97100067138672
2023-02-15,155.3300018310547,269.32000732421875,97.0999984741211,101.16000366210938,22.763999938964844
2023-02-16,153.7100067138672,262.1499938964844,95.77999877929688,98.1500015258789,22.00200080871582
2023-02-17,152.5500030517578,258.05999755859375,94.58999633789062,97.19999694824219,21.38800048828125
2023-02-21,148.47999572753906,252.6699981689453,92.05000305175781,94.58000183105469,20.655000686645508
2023-02-22,148.91000366210938,251.50999450683594,91.80000305175781,95.79000091552734,20.753999710083008
2023-02-23,149.39999389648438,254.77000427246094,91.06999969482422,95.81999969482422,23.663999557495117
2023-02-24,146.7100067138672,249.22000122070312,89.3499984741211,93.5,23.285999298095703
2023-02-27,147.9199981689453,250.16000366210938,90.0999984741211,93.76000213623047,23.500999450683594
2023-02-28,147.41000366210938,249.4199981689453,90.30000305175781,94.2300033569336,23.215999603271484
2023-03-01,145.30999755859375,246.27000427246094,90.51000213623047,92.16999816894531,22.697999954223633
2023-03-02,145.91000366210938,251.11000061035156,92.30999755859375,92.12999725341797,23.31399917602539
2023-03-03,151.02999877929688,255.2899932861328,94.0199966430664,94.9000015258789,23.889999389648438
2023-03-06,153.8300018310547,256.8699951171875,95.58000183105469,93.75,23.554000854492188
2023-03-07,151.60000610351562,254.14999389648438,94.16999816894531,93.55000305175781,23.288000106811523
2023-03-08,152.8699951171875,253.6999969482422,94.6500015258789,93.91999816894531,24.180999755859375
2023-03-09,150.58999633789062,252.32000732421875,92.66000366210938,92.25,23.43600082397461
2023-03-10,148.5,248.58999633789062,91.01000213623047,90.7300033569336,22.96500015258789
2023-03-13,150.47000122070312,253.9199981689453,91.66000366210938,92.43000030517578,22.965999603271484
2023-03-14,152.58999633789062,260.7900085449219,94.25,94.87999725341797,24.062999725341797
2023-03-15,152.99000549316406,265.44000244140625,96.55000305175781,96.19999694824219,24.22800064086914
2023-03-16,155.85000610351562,276.20001220703125,101.06999969482422,100.04000091552734,25.541000366210938
2023-03-17,155.0,279.42999267578125,102.45999908447266,98.94999694824219,25.725000381469727
2023-03-20,157.39999389648438,272.2300109863281,101.93000030517578,97.70999908447266,25.899999618530273
2023-03-21,159.27999877929688,273.7799987792969,105.83999633789062,100.61000061035156,26.198999404907227
2023-03-22,157.8300018310547,272.2900085449219,104.22000122070312,98.69999694824219,26.468000411987305
2023-03-23,158.92999267578125,277.6600036621094,106.26000213623047,98.70999908447266,27.19099998474121
2023-03-24,160.25,280.57000732421875,106.05999755859375,98.12999725341797,26.77899932861328
2023-03-27,158.27999877929688,276.3800048828125,103.05999755859375,98.04000091552734,26.5310001373291
2023-03-28,157.64999389648438,275.2300109863281,101.36000061035156,97.23999786376953,26.40999984741211
2023-03-29,160.77000427246094,280.510009765625,101.9000015258789,100.25,26.983999252319336
2023-03-30,162.36000061035156,284.04998779296875,101.31999969482422,102.0,27.382999420166016
2023-03-31,164.89999389648438,288.29998779296875,104.0,103.29000091552734,27.777000427246094
2023-04-03,166.1699981689453,287.2300109863281,104.91000366210938,102.41000366210938,27.96500015258789
2023-04-04,165.6300048828125,287.17999267578125,105.12000274658203,103.94999694824219,27.452999114990234
2023-04-05,163.75999450683594,284.3399963378906,104.94999694824219,101.0999984741211,26.881000518798828
2023-04-06,164.66000366210938,291.6000061035156,108.9000015258789,102.05999755859375,27.03700065612793
2023-04-10,162.02999877929688,289.3900146484375,106.94999694824219,102.16999816894531,27.57900047302246
2023-04-11,160.8000030517578,282.8299865722656,106.12000274658203,99.91999816894531,27.16900062561035
2023-04-12,160.10000610351562,283.489990234375,105.22000122070312,97.83000183105469,26.4950008392334
2023-04-13,165.55999755859375,289.8399963378906,108.19000244140625,102.4000015258789,26.46299934387207
2023-04-14,165.2100067138672,286.1400146484375,109.45999908447266,102.51000213623047,26.757999420166016
2023-04-17,165.22999572753906,288.79998779296875,106.41999816894531,102.73999786376953,27.00200080871582
2023-04-18,166.47000122070312,288.3699951171875,105.12000274658203,102.30000305175781,27.66699981689453
2023-04-19,167.6300048828125,288.45001220703125,105.0199966430664,104.30000305175781,27.930999755859375
2023-04-20,166.64999389648438,286.1099853515625,105.9000015258789,103.80999755859375,27.104000091552734
2023-04-21,165.02000427246094,285.760009765625,105.91000366210938,106.95999908447266,27.118999481201172
2023-04-24,165.3300018310547,281.7699890136719,106.77999877929688,106.20999908447266,27.04199981689453
2023-04-25,163.77000427246094,275.4200134277344,104.61000061035156,102.56999969482422,26.240999221801758
2023-04-26,163.75999450683594,295.3699951171875,104.44999694824219,104.9800033569336,26.95599937438965
2023-04-27,168.41000366210938,304.8299865722656,108.37000274658203,109.81999969482422,27.22599983215332
2023-04-28,169.67999267578125,307.260009765625,108.22000122070312,105.44999694824219,27.749000549316406
2023-05-01,169.58999633789062,305.55999755859375,107.70999908447266,102.05000305175781,28.90999984741211
2023-05-02,168.5399932861328,305.4100036621094,105.9800033569336,103.62999725341797,28.209999084472656
2023-05-03,167.4499969482422,304.3999938964844,106.12000274658203,103.6500015258789,27.802000045776367
2023-05-04,165.7899932861328,305.4100036621094,105.20999908447266,104.0,27.562000274658203
2023-05-05,173.57000732421875,310.6499938964844,106.21499633789062,105.66000366210938,28.68000030517578
2023-05-08,173.5,308.6499938964844,108.23999786376953,105.83000183105469,29.150999069213867
2023-05-09,171.77000427246094,307.0,107.94000244140625,106.62000274658203,28.570999145507812
2023-05-10,173.55999755859375,312.30999755859375,112.27999877929688,110.19000244140625,28.885000228881836
2023-05-11,173.75,310.1099853515625,116.9000015258789,112.18000030517578,28.577999114990234
2023-05-12,172.57000732421875,308.9700012207031,117.91999816894531,110.26000213623047,28.34000015258789
2023-05-15,172.07000732421875,309.4599914550781,116.95999908447266,111.19999694824219,28.952999114990234
2023-05-16,172.07000732421875,311.739990234375,120.08999633789062,113.4000015258789,29.21299934387207
2023-05-17,172.69000244140625,314.0,121.4800033569336,115.5,30.17799949645996
2023-05-18,175.0500030517578,318.5199890136719,123.5199966430664,118.1500015258789,31.67799949645996
2023-05-19,175.16000366210938,318.3399963378906,123.25,116.25,31.263999938964844
2023-05-22,174.1999969482422,321.17999267578125,125.87000274658203,115.01000213623047,31.176000595092773
2023-05-23,171.55999755859375,315.260009765625,123.29000091552734,114.98999786376953,30.687999725341797
2023-05-24,171.83999633789062,313.8500061035156,121.63999938964844,116.75,30.538000106811523
2023-05-25,172.99000549316406,325.9200134277344,124.3499984741211,115.0,37.97999954223633
2023-05-26,175.42999267578125,332.8900146484375,125.43000030517578,120.11000061035156,38.94599914550781
2023-05-30,177.3000030517578,331.2099914550781,124.63999938964844,121.66000366210938,40.111000061035156
2023-05-31,177.25,328.3900146484375,123.37000274658203,120.58000183105469,37.83399963378906
2023-06-01,180.08999633789062,332.5799865722656,124.37000274658203,122.7699966430664,39.77000045776367
2023-06-02,180.9499969482422,335.3999938964844,125.2300033569336,124.25,39.32699966430664
2023-06-05,179.5800018310547,335.94000244140625,126.62999725341797,125.30000305175781,39.17100143432617
2023-06-06,179.2100067138672,333.67999267578125,127.91000366210938,126.61000061035156,38.65399932861328
2023-06-07,177.82000732421875,323.3800048828125,122.94000244140625,121.2300033569336,37.474998474121094
2023-06-08,180.57000732421875,325.260009765625,122.66999816894531,124.25,38.5099983215332
2023-06-09,180.9600067138672,326.7900085449219,122.87000274658203,123.43000030517578,38.77000045776367
2023-06-12,183.7899932861328,331.8500061035156,124.3499984741211,126.56999969482422,39.481998443603516
2023-06-13,183.30999755859375,334.2900085449219,124.43000030517578,126.66000366210938,41.02199935913086
2023-06-14,183.9499969482422,337.3399963378906,124.37999725341797,126.41999816894531,42.99700164794922
2023-06-15,186.00999450683594,348.1000061035156,125.79000091552734,127.11000061035156,42.65299987792969
2023-06-16,184.9199981689453,342.3299865722656,124.05999755859375,125.48999786376953,42.69200134277344
2023-06-20,185.00999450683594,338.04998779296875,123.8499984741211,125.77999877929688,43.80799865722656
2023-06-21,183.9600067138672,333.55999755859375,121.26000213623047,124.83000183105469,43.04499816894531
2023-06-22,187.0,339.7099914550781,123.87000274658203,130.14999389648438,43.025001525878906
2023-06-23,186.67999267578125,335.0199890136719,123.0199966430664,129.3300018310547,42.20899963378906
2023-06-26,185.27000427246094,328.6000061035156,119.08999633789062,127.33000183105469,40.63199996948242
2023-06-27,188.05999755859375,334.57000732421875,119.01000213623047,129.17999267578125,41.875999450683594
2023-06-28,189.25,335.8500061035156,121.08000183105469,129.0399932861328,41.117000579833984
2023-06-29,189.58999633789062,335.04998779296875,120.01000213623047,127.9000015258789,40.821998596191406
2023-06-30,193.97000122070312,340.5400085449219,120.97000122070312,130.36000061035156,42.301998138427734
2023-07-03,192.4600067138672,337.989990234375,120.55999755859375,130.22000122070312,42.41299819946289
2023-07-05,191.3300018310547,338.1499938964844,122.62999725341797,130.3800048828125,42.31700134277344
2023-07-06,191.80999755859375,341.2699890136719,120.93000030517578,128.36000061035156,42.10300064086914
2023-07-07,190.67999267578125,337.2200012207031,120.13999938964844,129.77999877929688,42.50299835205078
2023-07-10,188.61000061035156,331.8299865722656,116.87000274658203,127.12999725341797,42.18000030517578
2023-07-11,188.0800018310547,332.4700012207031,117.70999908447266,128.77999877929688,42.404998779296875
2023-07-12,189.77000427246094,337.20001220703125,119.62000274658203,130.8000030517578,43.902000427246094
2023-07-13,190.5399932861328,342.6600036621094,124.83000183105469,134.3000030517578,45.97700119018555
2023-07-14,190.69000244140625,345.239990234375,125.69999694824219,134.67999267578125,45.46900177001953
2023-07-17,193.99000549316406,345.7300109863281,125.05999755859375,133.55999755859375,46.46099853515625
2023-07-18,193.72999572753906,359.489990234375,124.08000183105469,132.8300018310547,47.49399948120117
2023-07-19,195.10000610351562,355.0799865722656,122.77999877929688,135.36000061035156,47.07699966430664
2023-07-20,193.1300048828125,346.8699951171875,119.52999877929688,129.9600067138672,45.52000045776367
2023-07-21,191.94000244140625,343.7699890136719,120.30999755859375,130.0,44.308998107910156
2023-07-24,192.75,345.1099853515625,121.87999725341797,128.8000030517578,44.61199951171875
2023-07-25,193.6199951171875,350.9800109863281,122.79000091552734,129.1300048828125,45.67900085449219
2023-07-26,194.5,337.7699890136719,129.66000366210938,128.14999389648438,45.45199966430664
2023-07-27,193.22000122070312,330.7200012207031,129.8699951171875,128.25,45.900001525878906
2023-07-28,195.8300018310547,338.3699951171875,133.00999450683594,132.2100067138672,46.75
2023-07-31,196.4499969482422,335.9200134277344,133.11000061035156,133.67999267578125,46.729000091552734
2023-08-01,195.61000061035156,336.3399963378906,131.88999938964844,131.69000244140625,46.50699996948242
2023-08-02,192.5800018310547,327.5,128.63999938964844,128.2100067138672,44.26900100708008
2023-08-03,191.1699981689453,326.6600036621094,128.77000427246094,128.91000366210938,44.51499938964844
2023-08-04,181.99000549316406,327.7799987792969,128.5399932861328,139.57000732421875,44.68000030517578
2023-08-07,178.85000610351562,330.1099853515625,131.94000244140625,142.22000122070312,45.41699981689453
2023-08-08,179.8000030517578,326.04998779296875,131.83999633789062,139.94000244140625,44.66400146484375
2023-08-09,178.19000244140625,322.2300109863281,130.14999389648438,137.85000610351562,42.55400085449219
2023-08-10,177.97000122070312,322.92999267578125,130.2100067138672,138.55999755859375,42.38800048828125
2023-08-11,177.7899932861328,321.010009765625,130.1699981689453,138.41000366210938,40.85499954223633
2023-08-14,179.4600067138672,324.0400085449219,131.8300018310547,140.57000732421875,43.75299835205078
2023-08-15,177.4499969482422,321.8599853515625,130.27000427246094,137.6699981689453,43.939998626708984
2023-08-16,176.57000732421875,320.3999938964844,129.11000061035156,135.07000732421875,43.486000061035156
2023-08-17,174.0,316.8800048828125,130.4600067138672,133.97999572753906,43.34400177001953
2023-08-18,174.49000549316406,316.4800109863281,128.11000061035156,133.22000122070312,43.29899978637695
2023-08-21,175.83999633789062,321.8800048828125,128.92999267578125,134.67999267578125,46.96699905395508
2023-08-22,177.22999572753906,322.4599914550781,129.69000244140625,134.25,45.667999267578125
2023-08-23,181.1199951171875,327.0,133.2100067138672,135.52000427246094,47.11600112915039
2023-08-24,176.3800048828125,319.9700012207031,130.4199981689453,131.83999633789062,47.16299819946289
2023-08-25,178.61000061035156,322.9800109863281,130.69000244140625,133.25999450683594,46.018001556396484
2023-08-28,180.19000244140625,323.70001220703125,131.7899932861328,133.13999938964844,46.834999084472656
2023-08-29,184.1199951171875,328.4100036621094,135.49000549316406,134.91000366210938,48.784000396728516
2023-08-30,187.64999389648438,328.7900085449219,136.92999267578125,135.07000732421875,49.263999938964844
2023-08-31,187.8699951171875,327.760009765625,137.35000610351562,138.00999450683594,49.35499954223633
2023-09-01,189.4600067138672,328.6600036621094,136.8000030517578,138.1199951171875,48.50899887084961
2023-09-05,189.6999969482422,333.54998779296875,136.7100067138672,137.27000427246094,48.54800033569336
2023-09-06,182.91000366210938,332.8800048828125,135.3699951171875,135.36000061035156,47.06100082397461
2023-09-07,177.55999755859375,329.9100036621094,136.1999969482422,137.85000610351562,46.24100112915039
2023-09-08,178.17999267578125,334.2699890136719,137.1999969482422,138.22999572753906,45.571998596191406
2023-09-11,179.36000061035156,337.94000244140625,137.74000549316406,143.10000610351562,45.178001403808594
2023-09-12,176.3000030517578,331.7699890136719,136.07000732421875,141.22999572753906,44.869998931884766
2023-09-13,174.2100067138672,336.05999755859375,137.5,144.85000610351562,45.48500061035156
2023-09-14,175.74000549316406,338.70001220703125,138.99000549316406,144.72000122070312,45.58100128173828
2023-09-15,175.00999450683594,330.2200012207031,138.3000030517578,140.38999938964844,43.900001525878906
2023-09-18,177.97000122070312,329.05999755859375,138.9600067138672,139.97999572753906,43.965999603271484
2023-09-19,179.07000732421875,328.6499938964844,138.8300018310547,137.6300048828125,43.52000045776367
2023-09-20,175.49000549316406,320.7699890136719,134.58999633789062,135.2899932861328,42.23899841308594
2023-09-21,173.92999267578125,319.5299987792969,131.36000061035156,129.3300018310547,41.016998291015625
2023-09-22,174.7899932861328,317.010009765625,131.25,129.1199951171875,41.61000061035156
2023-09-25,176.0800018310547,317.5400085449219,132.1699981689453,131.27000427246094,42.22200012207031
2023-09-26,171.9600067138672,312.1400146484375,129.4499969482422,125.9800033569336,41.9109992980957
2023-09-27,170.42999267578125,312.7900085449219,131.4600067138672,125.9800033569336,42.46799850463867
2023-09-28,170.69000244140625,313.6400146484375,133.1300048828125,125.9800033569336,43.0890007019043
2023-09-29,171.2100067138672,315.75,131.85000610351562,127.12000274658203,43.499000549316406
2023-10-02,173.75,321.79998779296875,135.1699981689453,129.4600067138672,44.78200149536133
2023-10-03,172.39999389648438,313.3900146484375,133.3000030517578,124.72000122070312,43.516998291015625
2023-10-04,173.66000366210938,318.9599914550781,136.27000427246094,127.0,44.04100036621094
2023-10-05,174.91000366210938,319.3599853515625,135.99000549316406,125.95999908447266,44.6879997253418
2023-10-06,177.49000549316406,327.260009765625,138.72999572753906,127.95999908447266,45.762001037597656
2023-10-09,178.99000549316406,329.82000732421875,139.5,128.25999450683594,45.27299880981445
2023-10-10,178.38999938964844,328.3900146484375,139.1999969482422,129.47999572753906,45.79800033569336
2023-10-11,179.8000030517578,332.4200134277344,141.6999969482422,131.8300018310547,46.805999755859375
2023-10-12,180.7100067138672,331.1600036621094,140.2899932861328,132.3300018310547,46.94499969482422
2023-10-13,178.85000610351562,327.7300109863281,138.5800018310547,129.7899932861328,45.46099853515625
2023-10-16,178.72000122070312,332.6400146484375,140.49000549316406,132.5500030517578,46.095001220703125
2023-10-17,177.14999389648438,332.05999755859375,140.99000549316406,131.47000122070312,43.9379997253418
2023-10-18,175.83999633789062,330.1099853515625,139.27999877929688,128.1300048828125,42.19599914550781
2023-10-19,175.4600067138672,331.32000732421875,138.97999572753906,128.39999389648438,42.10100173950195
2023-10-20,172.8800048828125,326.6700134277344,136.74000549316406,125.16999816894531,41.387001037597656
2023-10-23,173.0,329.32000732421875,137.89999389648438,126.55999755859375,42.974998474121094
2023-10-24,173.44000244140625,330.5299987792969,140.1199951171875,128.55999755859375,43.66299819946289
2023-10-25,171.10000610351562,340.6700134277344,126.66999816894531,121.38999938964844,41.77899932861328
2023-10-26,166.88999938964844,327.8900146484375,123.44000244140625,119.56999969482422,40.32600021362305
2023-10-27,168.22000122070312,329.80999755859375,123.4000015258789,127.73999786376953,40.5
2023-10-30,170.2899932861328,337.30999755859375,125.75,132.7100067138672,41.1609992980957
2023-10-31,170.77000427246094,338.1099853515625,125.30000305175781,133.08999633789062,40.779998779296875
2023-11-01,173.97000122070312,346.07000732421875,127.56999969482422,137.0,42.32500076293945
2023-11-02,177.57000732421875,348.32000732421875,128.5800018310547,138.07000732421875,43.50600051879883
2023-11-03,176.64999389648438,352.79998779296875,130.3699951171875,138.60000610351562,45.005001068115234
2023-11-06,179.22999572753906,356.5299987792969,131.4499969482422,139.74000549316406,45.750999450683594
2023-11-07,181.82000732421875,360.5299987792969,132.39999389648438,142.7100067138672,45.95500183105469
2023-11-08,182.88999938964844,363.20001220703125,133.25999450683594,142.0800018310547,46.57400131225586
2023-11-09,182.41000366210938,360.69000244140625,131.69000244140625,140.60000610351562,46.95000076293945
2023-11-10,186.39999389648438,369.6700134277344,134.05999755859375,143.55999755859375,48.334999084472656
2023-11-13,184.8000030517578,366.67999267578125,133.63999938964844,142.58999633789062,48.619998931884766
2023-11-14,187.44000244140625,370.2699890136719,135.42999267578125,145.8000030517578,49.65599822998047
2023-11-15,188.00999450683594,369.6700134277344,136.3800048828125,143.1999969482422,48.88800048828125
2023-11-16,189.7100067138672,376.1700134277344,138.6999969482422,142.8300018310547,49.47999954223633
2023-11-17,189.69000244140625,369.8500061035156,136.94000244140625,145.17999267578125,49.29800033569336
2023-11-20,191.4499969482422,377.44000244140625,137.9199981689453,146.1300048828125,50.409000396728516
2023-11-21,190.63999938964844,373.07000732421875,138.6199951171875,143.89999389648438,49.944000244140625
2023-11-22,191.30999755859375,377.8500061035156,140.02000427246094,146.7100067138672,48.715999603271484
2023-11-24,189.97000122070312,377.42999267578125,138.22000122070312,146.74000549316406,47.7760009765625
2023-11-27,189.7899932861328,378.6099853515625,138.0500030517578,147.72999572753906,48.242000579833984
2023-11-28,190.39999389648438,382.70001220703125,138.6199951171875,147.02999877929688,47.82099914550781
2023-11-29,189.3699951171875,378.8500061035156,136.39999389648438,146.32000732421875,48.13999938964844
2023-11-30,189.9499969482422,378.9100036621094,133.9199981689453,146.08999633789062,46.77000045776367
2023-12-01,191.24000549316406,374.510009765625,133.32000732421875,147.02999877929688,46.76499938964844
2023-12-04,189.42999267578125,369.1400146484375,130.6300048828125,144.83999633789062,45.5099983215332
2023-12-05,193.4199981689453,372.5199890136719,132.38999938964844,146.8800048828125,46.566001892089844
2023-12-06,192.32000732421875,368.79998779296875,131.42999267578125,144.52000427246094,45.50299835205078
2023-12-07,194.27000427246094,370.95001220703125,138.4499969482422,146.8800048828125,46.59600067138672
2023-12-08,195.7100067138672,374.2300109863281,136.63999938964844,147.4199981689453,47.50600051879883
2023-12-11,193.17999267578125,371.29998779296875,134.6999969482422,145.88999938964844,46.62699890136719
2023-12-12,194.7100067138672,374.3800048828125,133.63999938964844,147.47999572753906,47.65700149536133
2023-12-13,197.9600067138672,374.3699951171875,133.97000122070312,148.83999633789062,48.0880012512207
2023-12-14,198.11000061035156,365.92999267578125,133.1999969482422,147.4199981689453,48.349998474121094
2023-12-15,197.57000732421875,370.7300109863281,133.83999633789062,149.97000122070312,48.88999938964844
2023-12-18,195.88999938964844,372.6499938964844,137.19000244140625,154.07000732421875,50.07699966430664
2023-12-19,196.94000244140625,373.260009765625,138.10000610351562,153.7899932861328,49.604000091552734
2023-12-20,194.8300018310547,370.6199951171875,139.66000366210938,152.1199951171875,48.111000061035156
2023-12-21,194.67999267578125,373.5400085449219,141.8000030517578,153.83999633789062,48.9900016784668
2023-12-22,193.60000610351562,374.5799865722656,142.72000122070312,153.4199981689453,48.83000183105469
2023-12-26,193.0500030517578,374.6600036621094,142.82000732421875,153.41000366210938,49.27899932861328
2023-12-27,193.14999389648438,374.07000732421875,141.44000244140625,153.33999633789062,49.41699981689453
2023-12-28,193.5800018310547,375.2799987792969,141.27999877929688,153.3800048828125,49.52199935913086
2023-12-29,192.52999877929688,376.0400085449219,140.92999267578125,151.94000244140625,49.52199935913086
2024-01-02,185.63999938964844,370.8699951171875,139.55999755859375,149.92999267578125,48.167999267578125
2024-01-03,184.25,370.6000061035156,140.36000061035156,148.47000122070312,47.569000244140625
2024-01-04,181.91000366210938,367.94000244140625,138.0399932861328,144.57000732421875,47.99800109863281
2024-01-05,181.17999267578125,367.75,137.38999938964844,145.24000549316406,49.09700012207031
2024-01-08,185.55999755859375,374.69000244140625,140.52999877929688,149.10000610351562,52.25299835205078
2024-01-09,185.13999938964844,375.7900085449219,142.55999755859375,151.3699951171875,53.13999938964844
2024-01-10,186.19000244140625,382.7699890136719,143.8000030517578,153.72999572753906,54.349998474121094
2024-01-11,185.58999633789062,384.6300048828125,143.6699981689453,155.17999267578125,54.821998596191406
2024-01-12,185.9199981689453,388.4700012207031,144.24000549316406,154.6199951171875,54.709999084472656
2024-01-16,183.6300048828125,390.2699890136719,144.0800018310547,153.16000366210938,56.38199996948242
2024-01-17,182.67999267578125,389.4700012207031,142.88999938964844,151.7100067138672,56.053001403808594
2024-01-18,188.6300048828125,393.8699951171875,144.99000549316406,153.5,57.106998443603516
2024-01-19,191.55999755859375,398.6700134277344,147.97000122070312,155.33999633789062,59.49100112915039
2024-01-22,193.88999938964844,396.510009765625,147.7100067138672,154.77999877929688,59.65399932861328
2024-01-23,195.17999267578125,398.8999938964844,148.67999267578125,156.02000427246094,59.87300109863281
2024-01-24,194.5,402.55999755859375,150.35000610351562,156.8699951171875,61.36199951171875
2024-01-25,194.1699981689453,404.8699951171875,153.63999938964844,157.75,61.617000579833984
2024-01-26,192.4199981689453,403.92999267578125,153.7899932861328,159.1199951171875,61.03099822998047
2024-01-29,191.72999572753906,409.7200012207031,154.83999633789062,161.25999450683594,62.46500015258789
2024-01-30,188.0399932861328,408.5899963378906,153.0500030517578,159.0,62.77399826049805
2024-01-31,184.39999389648438,397.5799865722656,141.8000030517578,155.1999969482422,61.527000427246094
2024-02-01,186.86000061035156,403.7799987792969,142.7100067138672,159.27999877929688,63.027000427246094
2024-02-02,185.85000610351562,411.2200012207031,143.5399932861328,171.80999755859375,66.16000366210938
2024-02-05,187.67999267578125,405.6499938964844,144.92999267578125,170.30999755859375,69.33200073242188
2024-02-06,189.3000030517578,405.489990234375,145.41000366210938,169.14999389648438,68.2229995727539
2024-02-07,189.41000366210938,414.04998779296875,146.67999267578125,170.52999877929688,70.0989990234375
2024-02-08,188.32000732421875,414.1099853515625,147.22000122070312,169.83999633789062,69.64099884033203
2024-02-09,188.85000610351562,420.54998779296875,150.22000122070312,174.4499969482422,72.13300323486328
2024-02-12,187.14999389648438,415.260009765625,148.72999572753906,172.33999633789062,72.24800109863281
2024-02-13,185.0399932861328,406.32000732421875,146.3699951171875,168.63999938964844,72.12799835205078
2024-02-14,184.14999389648438,409.489990234375,147.13999938964844,170.97999572753906,73.9000015258789
2024-02-15,183.86000061035156,406.55999755859375,143.94000244140625,169.8000030517578,72.65799713134766
2024-02-16,182.30999755859375,404.05999755859375,141.75999450683594,169.50999450683594,72.61299896240234
2024-02-20,181.55999755859375,402.7900085449219,142.1999969482422,167.0800018310547,69.4520034790039
2024-02-21,182.32000732421875,402.17999267578125,143.83999633789062,168.58999633789062,67.47200012207031
2024-02-22,184.3699951171875,411.6499938964844,145.32000732421875,174.5800018310547,78.53800201416016
2024-02-23,182.52000427246094,410.3399963378906,145.2899932861328,174.99000549316406,78.81700134277344
2024-02-26,181.16000366210938,407.5400085449219,138.75,174.72999572753906,79.09200286865234
2024-02-27,182.6300048828125,407.4800109863281,140.10000610351562,173.5399932861328,78.70099639892578
2024-02-28,181.4199981689453,407.7200012207031,137.42999267578125,173.16000366210938,77.66300201416016
2024-02-29,180.75,413.6400146484375,139.77999877929688,176.75999450683594,79.11199951171875
2024-03-01,179.66000366210938,415.5,138.0800018310547,178.22000122070312,82.27899932861328
2024-03-04,175.10000610351562,414.9200134277344,134.1999969482422,177.5800018310547,85.23699951171875
2024-03-05,170.1199951171875,402.6499938964844,133.77999877929688,174.1199951171875,85.96399688720703
2024-03-06,169.1199951171875,402.0899963378906,132.55999755859375,173.50999450683594,88.69999694824219
2024-03-07,169.0,409.1400146484375,135.24000549316406,176.82000732421875,92.66899871826172
2024-03-08,170.72999572753906,406.2200012207031,136.2899932861328,175.35000610351562,87.52799987792969
2024-03-11,172.75,404.5199890136719,138.94000244140625,171.9600067138672,85.77400207519531
2024-03-12,173.22999572753906,415.2799987792969,139.6199951171875,175.38999938964844,91.91300201416016
2024-03-13,171.1300048828125,415.1000061035156,140.77000427246094,176.55999755859375,90.88800048828125
2024-03-14,173.0,425.2200012207031,144.33999633789062,178.75,87.94400024414062
2024-03-15,172.6199951171875,416.4200134277344,142.1699981689453,174.4199981689453,87.83699798583984
2024-03-18,173.72000122070312,417.32000732421875,148.47999572753906,174.47999572753906,88.45500183105469
2024-03-19,176.0800018310547,421.4100036621094,147.9199981689453,175.89999389648438,89.39800262451172
2024-03-20,178.6699981689453,425.2300109863281,149.67999267578125,178.14999389648438,90.37200164794922
2024-03-21,171.3699951171875,429.3699951171875,148.74000549316406,178.14999389648438,91.43499755859375
2024-03-22,172.27999877929688,428.739990234375,151.77000427246094,178.8699951171875,94.28900146484375
2024-03-25,170.85000610351562,422.8599853515625,151.14999389648438,179.7100067138672,95.00199890136719
2024-03-26,169.7100067138672,421.6499938964844,151.6999969482422,178.3000030517578,92.56099700927734
2024-03-27,173.30999755859375,421.42999267578125,151.94000244140625,179.8300018310547,90.25
2024-03-28,171.47999572753906,420.7200012207031,152.25999450683594,180.3800048828125,90.35600280761719
2024-04-01,170.02999877929688,424.57000732421875,156.5,180.97000122070312,90.36299896240234
2024-04-02,168.83999633789062,421.44000244140625,155.8699951171875,180.69000244140625,89.4520034790039
2024-04-03,169.64999389648438,420.45001220703125,156.3699951171875,182.41000366210938,88.96399688720703
2024-04-04,168.82000732421875,417.8800048828125,151.94000244140625,180.0,85.90499877929688
2024-04-05,169.5800018310547,425.5199890136719,153.94000244140625,185.07000732421875,88.00800323486328
2024-04-08,168.4499969482422,424.5899963378906,156.13999938964844,185.19000244140625,87.13300323486328
2024-04-09,169.6699981689453,426.2799987792969,158.13999938964844,185.6699981689453,85.35399627685547
2024-04-10,167.77999877929688,423.260009765625,157.66000366210938,185.9499969482422,87.03900146484375
2024-04-11,175.0399932861328,427.92999267578125,160.7899932861328,189.0500030517578,90.61599731445312
2024-04-12,176.5500030517578,421.8999938964844,159.19000244140625,186.1300048828125,88.18599700927734
2024-04-15,172.69000244140625,413.6400146484375,156.3300018310547,183.6199951171875,86.0009994506836
2024-04-16,169.3800048828125,414.5799865722656,156.0,183.32000732421875,87.41500091552734
2024-04-17,168.0,411.8399963378906,156.8800048828125,181.27999877929688,84.03500366210938
2024-04-18,167.0399932861328,404.2699890136719,157.4600067138672,179.22000122070312,84.6709976196289
2024-04-19,165.0,399.1199951171875,155.72000122070312,174.6300048828125,76.19999694824219
2024-04-22,165.83999633789062,400.9599914550781,157.9499969482422,177.22999572753906,79.51799774169922
2024-04-23,166.89999389648438,407.57000732421875,159.9199981689453,179.5399932861328,82.4229965209961
2024-04-24,169.02000427246094,409.05999755859375,161.10000610351562,176.58999633789062,79.677001953125
2024-04-25,169.88999938964844,399.0400085449219,157.9499969482422,173.6699981689453,82.63200378417969
2024-04-26,169.3000030517578,406.32000732421875,173.69000244140625,179.6199951171875,87.73500061035156
2024-04-29,173.5,402.25,167.89999389648438,180.9600067138672,87.75700378417969
2024-04-30,170.3300018310547,389.3299865722656,164.63999938964844,175.0,86.4020004272461
2024-05-01,169.3000030517578,394.94000244140625,165.57000732421875,179.0,83.04100036621094
2024-05-02,173.02999877929688,397.8399963378906,168.4600067138672,184.72000122070312,85.81700134277344
2024-05-03,183.3800048828125,406.6600036621094,168.99000549316406,186.2100067138672,88.78900146484375
2024-05-06,181.7100067138672,413.5400085449219,169.8300018310547,188.6999969482422,92.13999938964844
2024-05-07,182.39999389648438,409.3399963378906,172.97999572753906,188.75999450683594,90.55400085449219
2024-05-08,182.74000549316406,410.5400085449219,171.16000366210938,188.0,90.41200256347656
2024-05-09,184.57000732421875,412.32000732421875,171.5800018310547,189.5,88.74700164794922
2024-05-10,183.0500030517578,414.739990234375,170.2899932861328,187.47999572753906,89.87799835205078
2024-05-13,186.27999877929688,413.7200012207031,170.89999389648438,186.57000732421875,90.39900207519531
2024-05-14,187.42999267578125,416.55999755859375,171.92999267578125,187.07000732421875,91.35600280761719
2024-05-15,189.72000122070312,423.0799865722656,173.8800048828125,185.99000549316406,94.62999725341797
2024-05-16,189.83999633789062,420.989990234375,175.42999267578125,183.6300048828125,94.35900115966797
2024-05-17,189.8699951171875,420.2099914550781,177.2899932861328,184.6999969482422,92.47899627685547
2024-05-20,191.0399932861328,425.3399963378906,178.4600067138672,183.5399932861328,94.77999877929688
2024-05-21,192.35000610351562,429.0400085449219,179.5399932861328,183.14999389648438,95.38600158691406
2024-05-22,190.89999389648438,430.5199890136719,178.0,183.1300048828125,94.94999694824219
2024-05-23,186.8800048828125,427.0,175.05999755859375,181.0500030517578,103.79900360107422
2024-05-24,189.97999572753906,430.1600036621094,176.3300018310547,180.75,106.46900177001953
2024-05-28,189.99000549316406,430.32000732421875,178.02000427246094,182.14999389648438,113.9010009765625
2024-05-29,190.2899932861328,429.1700134277344,177.39999389648438,182.02000427246094,114.82499694824219
2024-05-30,191.2899932861328,414.6700134277344,173.55999755859375,179.32000732421875,110.5
2024-05-31,192.25,415.1300048828125,173.9600067138672,176.44000244140625,109.63300323486328
2024-06-03,194.02999877929688,413.5199890136719,174.4199981689453,178.33999633789062,115.0
2024-06-04,194.35000610351562,416.07000732421875,175.1300048828125,179.33999633789062,116.43699645996094
2024-06-05,195.8699951171875,424.010009765625,177.07000732421875,181.27999877929688,122.44000244140625
2024-06-06,194.47999572753906,424.5199890136719,178.35000610351562,185.0,120.99800109863281
2024-06-07,196.88999938964844,423.8500061035156,175.9499969482422,184.3000030517578,120.88800048828125
2024-06-10,193.1199951171875,427.8699951171875,176.6300048828125,187.05999755859375,121.79000091552734
2024-06-11,207.14999389648438,432.67999267578125,178.19000244140625,187.22999572753906,120.91000366210938
2024-06-12,213.07000732421875,441.05999755859375,179.55999755859375,186.88999938964844,125.19999694824219
2024-06-13,214.24000549316406,441.5799865722656,176.74000549316406,183.8300018310547,129.61000061035156
2024-06-14,212.49000549316406,442.57000732421875,178.3699951171875,183.66000366210938,131.8800048828125
2024-06-17,216.6699981689453,448.3699951171875,178.77999877929688,184.05999755859375,130.97999572753906
2024-06-18,214.2899932861328,446.3399963378906,176.4499969482422,182.80999755859375,135.5800018310547
2024-06-20,209.67999267578125,445.70001220703125,177.7100067138672,186.10000610351562,130.77999877929688
2024-06-21,207.49000549316406,449.7799987792969,180.25999450683594,189.0800018310547,126.56999969482422
2024-06-24,208.13999938964844,447.6700134277344,180.7899932861328,185.57000732421875,118.11000061035156
2024-06-25,209.07000732421875,450.95001220703125,185.5800018310547,186.33999633789062,126.08999633789062
2024-06-26,213.25,452.1600036621094,185.3699951171875,193.61000061035156,126.4000015258789
2024-06-27,214.10000610351562,452.8500061035156,186.86000061035156,197.85000610351562,123.98999786376953
2024-06-28,210.6199951171875,446.95001220703125,183.4199981689453,193.25,123.54000091552734
2024-07-01,216.75,456.7300109863281,184.49000549316406,197.1999969482422,124.30000305175781
2024-07-02,220.27000427246094,459.2799987792969,186.61000061035156,200.0,122.66999816894531
2024-07-03,221.5500030517578,460.7699890136719,187.38999938964844,197.58999633789062,128.27999877929688
2024-07-05,226.33999633789062,467.55999755859375,191.9600067138672,200.0,125.83000183105469
2024-07-08,227.82000732421875,466.239990234375,190.47999572753906,199.2899932861328,128.1999969482422
2024-07-09,228.67999267578125,459.5400085449219,190.44000244140625,199.33999633789062,131.3800048828125
2024-07-10,232.97999572753906,466.25,192.66000366210938,199.7899932861328,134.91000366210938
2024-07-11,227.57000732421875,454.70001220703125,187.3000030517578,195.0500030517578,127.4000015258789
2024-07-12,230.5399932861328,453.54998779296875,186.77999877929688,194.49000549316406,129.24000549316406
2024-07-15,234.39999389648438,453.9599914550781,188.19000244140625,192.72000122070312,128.44000244140625
2024-07-16,234.82000732421875,449.5199890136719,185.5,193.02000427246094,126.36000061035156
2024-07-17,228.8800048828125,443.5199890136719,182.6199951171875,187.92999267578125,117.98999786376953
2024-07-18,224.17999267578125,440.3699951171875,179.22000122070312,183.75,121.08999633789062
2024-07-19,224.30999755859375,437.1099853515625,179.38999938964844,183.1300048828125,117.93000030517578
2024-07-22,223.9600067138672,442.94000244140625,183.35000610351562,182.5500030517578,123.54000091552734
2024-07-23,225.00999450683594,444.8500061035156,183.60000610351562,186.41000366210938,122.58999633789062
2024-07-24,218.5399932861328,428.8999938964844,174.3699951171875,180.8300018310547,114.25
2024-07-25,217.49000549316406,418.3999938964844,169.16000366210938,179.85000610351562,112.27999877929688
2024-07-26,217.9600067138672,425.2699890136719,168.67999267578125,182.5,113.05999755859375
2024-07-29,218.24000549316406,426.7300109863281,171.1300048828125,183.1999969482422,111.58999633789062
2024-07-30,218.8000030517578,422.9200134277344,171.86000061035156,181.7100067138672,103.7300033569336
2024-07-31,222.0800018310547,418.3500061035156,173.14999389648438,186.97999572753906,117.0199966430664
2024-08-01,218.36000061035156,417.1099853515625,172.4499969482422,184.07000732421875,109.20999908447266
2024-08-02,219.86000061035156,408.489990234375,168.39999389648438,167.89999389648438,107.2699966430664
2024-08-05,209.27000427246094,395.1499938964844,160.63999938964844,161.02000427246094,100.44999694824219
2024-08-06,207.22999572753906,399.6099853515625,160.5399932861328,161.92999267578125,104.25
2024-08-07,209.82000732421875,398.42999267578125,160.75,162.77000427246094,98.91000366210938
2024-08-08,213.30999755859375,402.69000244140625,163.83999633789062,165.8000030517578,104.97000122070312
2024-08-09,216.24000549316406,406.0199890136719,165.38999938964844,166.94000244140625,104.75
2024-08-12,217.52999877929688,406.80999755859375,163.9499969482422,166.8000030517578,109.0199966430664
2024-08-13,221.27000427246094,414.010009765625,165.92999267578125,170.22999572753906,116.13999938964844
2024-08-14,221.72000122070312,416.8599853515625,162.02999877929688,170.10000610351562,118.08000183105469
2024-08-15,224.72000122070312,421.0299987792969,163.1699981689453,177.58999633789062,122.86000061035156
2024-08-16,226.0500030517578,418.4700012207031,164.74000549316406,177.05999755859375,124.58000183105469
2024-08-19,225.88999938964844,421.5299987792969,168.39999389648438,178.22000122070312,130.0
2024-08-20,226.50999450683594,424.79998779296875,168.9600067138672,178.8800048828125,127.25
2024-08-21,226.39999389648438,424.1400146484375,167.6300048828125,180.11000061035156,128.5
2024-08-22,224.52999877929688,415.54998779296875,165.49000549316406,176.1300048828125,123.73999786376953
2024-08-23,226.83999633789062,416.7900085449219,167.42999267578125,177.0399932861328,129.3699951171875
2024-08-26,227.17999267578125,413.489990234375,167.92999267578125,175.5,126.45999908447266
2024-08-27,228.02999877929688,413.8399963378906,166.3800048828125,173.1199951171875,128.3000030517578
2024-08-28,226.49000549316406,410.6000061035156,164.5,170.8000030517578,125.61000061035156
2024-08-29,229.7899932861328,413.1199951171875,163.39999389648438,172.1199951171875,117.58999633789062
2024-08-30,229.0,417.1400146484375,165.11000061035156,178.5,119.37000274658203
2024-09-03,222.77000427246094,409.44000244140625,158.61000061035156,176.25,108.0
2024-09-04,220.85000610351562,408.8999938964844,157.80999755859375,173.3300018310547,106.20999908447266
2024-09-05,222.3800048828125,408.3900146484375,158.60000610351562,177.88999938964844,107.20999908447266
2024-09-06,220.82000732421875,401.70001220703125,152.1300048828125,171.38999938964844,102.83000183105469
2024-09-09,220.91000366210938,405.7200012207031,149.5399932861328,175.39999389648438,106.47000122070312
2024-09-10,220.11000061035156,414.20001220703125,150.00999450683594,179.5500030517578,108.0999984741211
2024-09-11,222.66000366210938,423.0400085449219,152.14999389648438,184.52000427246094,116.91000366210938
2024-09-12,222.77000427246094,427.0,155.5399932861328,187.0,119.13999938964844
2024-09-13,222.5,430.5899963378906,158.3699951171875,186.49000549316406,119.0999984741211
2024-09-16,216.32000732421875,431.3399963378906,158.99000549316406,184.88999938964844,116.77999877929688
2024-09-17,216.7899932861328,435.1499938964844,160.27999877929688,186.8800048828125,115.58999633789062
2024-09-18,220.69000244140625,430.80999755859375,160.80999755859375,186.42999267578125,113.37000274658203
2024-09-19,228.8699951171875,438.69000244140625,163.24000549316406,189.8699951171875,117.87000274658203
2024-09-20,228.1999969482422,435.2699890136719,164.63999938964844,191.60000610351562,116.0
2024-09-23,226.47000122070312,433.510009765625,163.07000732421875,193.8800048828125,116.26000213623047
2024-09-24,227.3699951171875,429.1700134277344,163.63999938964844,193.9600067138672,120.87000274658203
2024-09-25,226.3699951171875,432.1099853515625,162.99000549316406,192.52999877929688,123.51000213623047
2024-09-26,227.52000427246094,431.30999755859375,163.8300018310547,191.16000366210938,124.04000091552734
2024-09-27,227.7899932861328,428.0199890136719,165.2899932861328,187.97000122070312,121.4000015258789
2024-09-30,233.0,430.29998779296875,167.19000244140625,186.3300018310547,121.44000244140625
2024-10-01,226.2100067138672,420.69000244140625,168.4199981689453,185.1300048828125,117.0
2024-10-02,226.77999877929688,417.1300048828125,167.30999755859375,184.75999450683594,118.8499984741211
2024-10-03,225.6699981689453,416.5400085449219,167.2100067138672,181.9600067138672,122.8499984741211
2024-10-04,226.8000030517578,416.05999755859375,168.55999755859375,186.50999450683594,124.91999816894531
2024-10-07,221.69000244140625,409.5400085449219,164.38999938964844,180.8000030517578,127.72000122070312
2024-10-08,225.77000427246094,414.7099914550781,165.6999969482422,182.72000122070312,132.88999938964844
2024-10-09,229.5399932861328,417.4599914550781,163.05999755859375,185.1699981689453,132.64999389648438
2024-10-10,229.0399932861328,415.8399963378906,163.17999267578125,186.64999389648438,134.80999755859375
2024-10-11,227.5500030517578,416.32000732421875,164.52000427246094,188.82000732421875,134.8000030517578
2024-10-14,231.3000030517578,419.1400146484375,166.35000610351562,187.5399932861328,138.07000732421875
2024-10-15,233.85000610351562,418.739990234375,166.89999389648438,187.69000244140625,131.60000610351562
2024-10-16,231.77999877929688,416.1199951171875,166.74000549316406,186.88999938964844,135.72000122070312
2024-10-17,232.14999389648438,416.7200012207031,164.50999450683594,187.52999877929688,136.92999267578125
2024-10-18,235.0,418.1600036621094,165.0500030517578,188.99000549316406,138.0
2024-10-21,236.47999572753906,418.7799987792969,165.8000030517578,189.07000732421875,143.7100067138672
2024-10-22,235.86000061035156,427.510009765625,166.82000732421875,189.6999969482422,143.58999633789062
2024-10-23,230.75999450683594,424.6000061035156,164.47999572753906,184.7100067138672,139.55999755859375
2024-10-24,230.57000732421875,424.7300109863281,164.52999877929688,186.3800048828125,140.41000366210938
2024-10-25,231.41000366210938,428.1499938964844,166.99000549316406,187.8300018310547,141.5399932861328
2024-10-28,233.39999389648438,426.5899963378906,168.33999633789062,188.38999938964844,140.52000427246094
2024-10-29,233.6699981689453,431.95001220703125,171.13999938964844,190.8300018310547,141.25
2024-10-30,230.10000610351562,432.5299987792969,176.13999938964844,192.72999572753906,139.33999633789062
2024-10-31,225.91000366210938,406.3500061035156,172.69000244140625,186.39999389648438,132.75999450683594
2024-11-01,222.91000366210938,410.3699951171875,172.64999389648438,197.92999267578125,135.39999389648438
2024-11-04,222.00999450683594,408.4599914550781,170.67999267578125,195.77999877929688,136.0500030517578
2024-11-05,223.4499969482422,411.4599914550781,171.41000366210938,199.5,139.91000366210938
2024-11-06,222.72000122070312,420.17999267578125,178.3300018310547,207.08999633789062,145.61000061035156
2024-11-07,227.47999572753906,425.42999267578125,182.27999877929688,210.0500030517578,148.8800048828125
2024-11-08,226.9600067138672,422.5400085449219,179.86000061035156,208.17999267578125,147.6300048828125
2024-11-11,224.22999572753906,418.010009765625,181.97000122070312,206.83999633789062,145.25999450683594
2024-11-12,224.22999572753906,423.0299987792969,183.32000732421875,208.91000366210938,148.2899932861328
2024-11-13,225.1199951171875,425.20001220703125,180.49000549316406,214.10000610351562,146.27000427246094
2024-11-14,228.22000122070312,426.8900146484375,177.35000610351562,211.47999572753906,146.75999450683594
2024-11-15,225.0,415.0,173.88999938964844,202.61000061035156,141.97999572753906
2024-11-18,228.02000427246094,415.760009765625,176.8000030517578,201.6999969482422,140.14999389648438
2024-11-19,228.27999877929688,417.7900085449219,179.5800018310547,204.61000061035156,147.00999450683594
2024-11-20,229.0,415.489990234375,177.3300018310547,202.8800048828125,145.88999938964844
2024-11-21,228.52000427246094,412.8699951171875,169.24000549316406,198.3800048828125,146.6699981689453
2024-11-22,229.8699951171875,417.0,166.57000732421875,197.1199951171875,141.9499969482422
2024-11-25,232.8699951171875,418.7900085449219,169.42999267578125,201.4499969482422,136.02000427246094
2024-11-26,235.05999755859375,427.989990234375,170.6199951171875,207.86000061035156,136.9199981689453
2024-11-27,234.92999267578125,422.989990234375,170.82000732421875,205.74000549316406,135.33999633789062
2024-11-29,237.3300018310547,423.4599914550781,170.49000549316406,207.88999938964844,138.25
2024-12-02,239.58999633789062,430.9800109863281,172.97999572753906,210.7100067138672,138.6300048828125
2024-12-03,242.64999389648438,431.20001220703125,173.02000427246094,213.44000244140625,140.25999450683594
2024-12-04,243.00999450683594,437.4200134277344,176.08999633789062,218.16000366210938,145.13999938964844
2024-12-05,243.0399932861328,442.6199951171875,174.30999755859375,220.5500030517578,145.05999755859375
2024-12-06,242.83999633789062,443.57000732421875,176.49000549316406,227.02999877929688,142.44000244140625
2024-12-09,246.75,446.0199890136719,177.10000610351562,226.08999633789062,138.80999755859375
2024-12-10,247.77000427246094,443.3299865722656,186.52999877929688,225.0399932861328,135.07000732421875
2024-12-11,246.49000549316406,448.989990234375,196.7100067138672,230.25999450683594,139.30999755859375
2024-12-12,247.9600067138672,449.55999755859375,193.6300048828125,228.97000122070312,137.33999633789062
2024-12-13,248.1300048828125,447.2699890136719,191.3800048828125,227.4600067138672,134.25
2024-12-16,251.0399932861328,451.5899963378906,198.16000366210938,232.92999267578125,132.0
2024-12-17,253.47999572753906,454.4599914550781,197.1199951171875,231.14999389648438,130.38999938964844
2024-12-18,248.0500030517578,437.3900146484375,190.14999389648438,220.52000427246094,128.91000366210938
2024-12-19,249.7899932861328,437.0299987792969,189.6999969482422,223.2899932861328,130.67999267578125
2024-12-20,254.49000549316406,436.6000061035156,192.9600067138672,224.9199981689453,134.6999969482422
2024-12-23,255.27000427246094,435.25,195.99000549316406,225.05999755859375,139.6699981689453
2024-12-24,258.20001220703125,439.3299865722656,197.57000732421875,229.0500030517578,140.22000122070312
2024-12-26,259.0199890136719,438.1099853515625,197.10000610351562,227.0500030517578,139.92999267578125
2024-12-27,255.58999633789062,430.5299987792969,194.0399932861328,223.75,137.00999450683594
2024-12-30,252.1999969482422,424.8299865722656,192.69000244140625,221.3000030517578,137.49000549316406
2024-12-31,250.4199981689453,421.5,190.44000244140625,219.38999938964844,134.2899932861328
2025-01-02,243.85000610351562,418.5799865722656,190.6300048828125,220.22000122070312,138.30999755859375
2025-01-03,243.36000061035156,423.3500061035156,193.1300048828125,224.19000244140625,144.47000122070312
2025-01-06,245.0,427.8500061035156,197.9600067138672,227.61000061035156,149.42999267578125
2025-01-07,242.2100067138672,422.3699951171875,196.7100067138672,222.11000061035156,140.13999938964844
2025-01-08,242.6999969482422,424.55999755859375,195.38999938964844,222.1300048828125,140.11000061035156
2025-01-10,236.85000610351562,418.95001220703125,193.1699981689453,218.94000244140625,135.91000366210938
2025-01-13,234.39999389648438,417.19000244140625,192.2899932861328,218.4600067138672,133.22999572753906
2025-01-14,233.27999877929688,415.6700134277344,191.0500030517578,217.75999450683594,131.75999450683594
2025-01-15,237.8699951171875,426.30999755859375,196.97999572753906,223.35000610351562,136.24000549316406
2025-01-16,228.25999450683594,424.5799865722656,194.41000366210938,220.66000366210938,133.57000732421875
2025-01-17,229.97999572753906,429.0299987792969,197.5500030517578,225.94000244140625,137.7100067138672
2025-01-21,222.63999938964844,428.5,199.6300048828125,230.7100067138672,140.8300018310547
2025-01-22,223.8300018310547,446.20001220703125,200.02999877929688,235.00999450683594,147.07000732421875
2025-01-23,223.66000366210938,446.7099914550781,199.5800018310547,235.4199981689453,147.22000122070312
2025-01-24,222.77999877929688,444.05999755859375,201.89999389648438,234.85000610351562,142.6199951171875
2025-01-27,229.86000061035156,434.55999755859375,193.77000427246094,235.4199981689453,118.41999816894531
2025-01-28,238.25999450683594,447.20001220703125,197.07000732421875,238.14999389648438,128.99000549316406
2025-01-29,239.36000061035156,442.3299865722656,197.17999267578125,237.07000732421875,123.69999694824219
2025-01-30,237.58999633789062,414.989990234375,202.6300048828125,234.63999938964844,124.6500015258789
2025-01-31,236.0,415.05999755859375,205.60000610351562,237.67999267578125,120.06999969482422
2025-02-03,228.00999450683594,410.9200134277344,202.63999938964844,237.4199981689453,116.66000366210938
2025-02-04,232.8000030517578,412.3699951171875,207.7100067138672,242.05999755859375,118.6500015258789
2025-02-05,232.47000122070312,413.2900085449219,193.3000030517578,236.1699981689453,124.83000183105469
2025-02-06,233.22000122070312,415.82000732421875,193.30999755859375,238.8300018310547,128.67999267578125
2025-02-07,227.6300048828125,409.75,187.13999938964844,229.14999389648438,129.83999633789062
2025-02-10,227.64999389648438,412.2200012207031,188.1999969482422,233.13999938964844,133.57000732421875
2025-02-11,232.6199951171875,411.44000244140625,187.07000732421875,232.75999450683594,132.8000030517578
2025-02-12,236.8699951171875,409.0400085449219,185.42999267578125,228.92999267578125,131.13999938964844
2025-02-13,241.52999877929688,410.5400085449219,187.8800048828125,230.3699951171875,135.2899932861328
2025-02-14,244.60000610351562,408.42999267578125,186.8699951171875,228.67999267578125,138.85000610351562
2025-02-18,244.47000122070312,409.6400146484375,185.8000030517578,226.64999389648438,139.39999389648438
2025-02-19,244.8699951171875,414.7699890136719,187.1300048828125,226.6300048828125,139.22999572753906
2025-02-20,245.8300018310547,416.1300048828125,186.63999938964844,222.8800048828125,140.11000061035156
2025-02-21,245.5500030517578,408.2099914550781,181.5800018310547,216.5800018310547,134.42999267578125
2025-02-24,247.10000610351562,404.0,181.19000244140625,212.7100067138672,130.27999877929688
2025-02-25,247.0399932861328,397.8999938964844,177.3699951171875,212.8000030517578,126.62999725341797
2025-02-26,240.36000061035156,399.7300109863281,174.6999969482422,214.35000610351562,131.27999877929688
2025-02-27,237.3000030517578,392.5299987792969,170.2100067138672,208.74000549316406,120.1500015258789
2025-02-28,241.83999633789062,396.989990234375,172.22000122070312,212.27999877929688,124.91999816894531
2025-03-03,238.02999877929688,388.489990234375,168.66000366210938,205.02000427246094,114.05999755859375
2025-03-04,235.92999267578125,388.6099853515625,172.61000061035156,203.8000030517578,115.98999786376953
2025-03-05,235.74000549316406,401.0199890136719,174.99000549316406,208.36000061035156,117.30000305175781
2025-03-06,235.3300018310547,396.8900146484375,174.2100067138672,200.6999969482422,110.56999969482422
2025-03-07,239.07000732421875,393.30999755859375,175.75,199.25,112.69000244140625
2025-03-10,227.47999572753906,380.1600036621094,167.80999755859375,194.5399932861328,106.9800033569336
2025-03-11,220.83999633789062,380.45001220703125,165.97999572753906,196.58999633789062,108.76000213623047
2025-03-12,216.97999572753906,383.2699890136719,169.0,198.88999938964844,115.73999786376953
2025-03-13,209.67999267578125,378.7699890136719,164.72999572753906,193.88999938964844,115.58000183105469
2025-03-14,213.49000549316406,388.55999755859375,167.6199951171875,197.9499969482422,121.66999816894531
2025-03-17,214.0,388.70001220703125,166.57000732421875,195.74000549316406,119.52999877929688
2025-03-18,212.69000244140625,383.5199890136719,162.6699981689453,192.82000732421875,115.43000030517578
2025-03-19,215.24000549316406,387.82000732421875,166.27999877929688,195.5399932861328,117.5199966430664
2025-03-20,214.10000610351562,386.8399963378906,165.0500030517578,194.9499969482422,118.52999877929688
2025-03-21,218.27000427246094,391.260009765625,166.25,196.2100067138672,117.69999694824219
2025-03-24,220.72999572753906,393.0799865722656,169.92999267578125,203.25999450683594,121.41000366210938
2025-03-25,223.75,395.1600036621094,172.7899932861328,205.7100067138672,120.69000244140625
2025-03-26,221.52999877929688,389.9700012207031,167.13999938964844,201.1300048828125,113.76000213623047
2025-03-27,223.85000610351562,390.5799865722656,164.0800018310547,201.36000061035156,111.43000030517578
2025-03-28,217.89999389648438,378.79998779296875,156.05999755859375,192.72000122070312,109.66999816894531
2025-03-31,222.1300048828125,375.3900146484375,156.22999572753906,190.25999450683594,108.37999725341797
2025-04-01,223.19000244140625,382.19000244140625,158.8800048828125,192.1699981689453,110.1500015258789
2025-04-02,223.88999938964844,382.1400146484375,158.86000061035156,196.00999450683594,110.41999816894531
2025-04-03,203.19000244140625,373.1099853515625,152.6300048828125,178.41000366210938,101.80000305175781
2025-04-04,188.3800048828125,359.8399963378906,147.74000549316406,171.0,94.30999755859375
2025-04-07,181.4600067138672,357.8599853515625,149.24000549316406,175.25999450683594,97.63999938964844
2025-04-08,172.4199981689453,354.55999755859375,146.5800018310547,170.66000366210938,96.30000305175781
2025-04-09,198.85000610351562,390.489990234375,161.05999755859375,191.10000610351562,114.33000183105469
2025-04-10,190.4199981689453,381.3500061035156,155.3699951171875,181.22000122070312,107.56999969482422
2025-04-11,198.14999389648438,388.45001220703125,159.39999389648438,184.8699951171875,110.93000030517578
2025-04-14,202.52000427246094,387.80999755859375,161.47000122070312,182.1199951171875,110.70999908447266
2025-04-15,202.13999938964844,385.7300109863281,158.67999267578125,179.58999633789062,112.19999694824219
2025-04-16,194.27000427246094,371.6099853515625,155.5,174.3300018310547,104.48999786376953
2025-04-17,196.97999572753906,367.7799987792969,153.36000061035156,172.61000061035156,101.48999786376953
2025-04-21,193.16000366210938,359.1199951171875,149.86000061035156,167.32000732421875,96.91000366210938
2025-04-22,199.74000549316406,366.82000732421875,153.89999389648438,173.17999267578125,98.88999938964844
2025-04-23,204.60000610351562,374.3900146484375,157.72000122070312,180.60000610351562,102.70999908447266
2025-04-24,208.3699951171875,387.29998779296875,161.47000122070312,186.5399932861328,106.43000030517578
2025-04-25,209.27999877929688,391.8500061035156,163.85000610351562,188.99000549316406,111.01000213623047
2025-04-28,210.13999938964844,391.1600036621094,162.4199981689453,187.6999969482422,108.7300033569336
2025-04-29,211.2100067138672,394.0400085449219,162.05999755859375,187.38999938964844,109.0199966430664
2025-04-30,212.5,395.260009765625,160.88999938964844,184.4199981689453,108.91999816894531
2025-05-01,213.32000732421875,425.3999938964844,162.7899932861328,190.1999969482422,111.61000061035156
2025-05-02,205.35000610351562,435.2799987792969,165.80999755859375,189.97999572753906,114.5
2025-05-05,198.88999938964844,436.1700134277344,166.0500030517578,186.35000610351562,113.81999969482422
2025-05-06,198.50999450683594,433.30999755859375,165.1999969482422,185.00999450683594,113.54000091552734
2025-05-07,196.25,433.3500061035156,152.8000030517578,188.7100067138672,117.05999755859375
2025-05-08,197.49000549316406,438.1700134277344,155.75,192.0800018310547,117.37000274658203
2025-05-09,198.52999877929688,438.7300109863281,154.3800048828125,193.05999755859375,116.6500015258789
2025-05-12,210.7899932861328,449.260009765625,159.5800018310547,208.63999938964844,123.0
2025-05-13,212.92999267578125,449.1400146484375,160.88999938964844,211.3699951171875,129.92999267578125
2025-05-14,212.3300018310547,452.94000244140625,166.80999755859375,210.25,135.33999633789062
2025-05-15,211.4499969482422,453.1300048828125,165.39999389648438,205.1699981689453,134.8300018310547
2025-05-16,211.25999450683594,454.2699890136719,167.42999267578125,205.58999633789062,135.39999389648438
2025-05-19,208.77999877929688,458.8699951171875,167.8699951171875,206.16000366210938,135.57000732421875
2025-05-20,206.86000061035156,458.1700134277344,165.32000732421875,204.07000732421875,134.3800048828125
2025-05-21,202.08999633789062,452.57000732421875,170.05999755859375,201.1199951171875,131.8000030517578
2025-05-22,201.36000061035156,454.8599853515625,171.97999572753906,203.10000610351562,132.8300018310547
2025-05-23,195.27000427246094,450.17999267578125,169.58999633789062,200.99000549316406,131.2899932861328
2025-05-27,200.2100067138672,460.69000244140625,173.97999572753906,206.02000427246094,135.5
2025-05-28,200.4199981689453,457.3599853515625,173.3800048828125,204.72000122070312,134.80999755859375
2025-05-29,199.9499969482422,458.67999267578125,172.9600067138672,205.6999969482422,139.19000244140625
2025-05-30,200.85000610351562,460.3599853515625,172.85000610351562,205.00999450683594,135.1300048828125
2025-06-02,201.6999969482422,461.9700012207031,170.3699951171875,206.64999389648438,137.3800048828125
2025-06-03,203.27000427246094,462.9700012207031,167.7100067138672,205.7100067138672,141.22000122070312
2025-06-04,202.82000732421875,463.8699951171875,169.38999938964844,207.22999572753906,141.9199981689453
2025-06-05,200.6300048828125,467.67999267578125,169.80999755859375,207.91000366210938,139.99000549316406
2025-06-06,203.9199981689453,470.3800048828125,174.9199981689453,213.57000732421875,141.72000122070312
2025-06-09,201.4499969482422,472.75,177.6300048828125,216.97999572753906,142.6300048828125
2025-06-10,202.6699981689453,470.9200134277344,180.00999450683594,217.61000061035156,143.9600067138672
2025-06-11,198.77999877929688,472.6199951171875,178.7899932861328,213.1999969482422,142.8300018310547
2025-06-12,199.1999969482422,478.8699951171875,176.97000122070312,213.24000549316406,145.0
2025-06-13,196.4499969482422,474.9599914550781,175.8800048828125,212.10000610351562,141.97000122070312
2025-06-16,198.4199981689453,479.1400146484375,177.94000244140625,216.10000610351562,144.69000244140625
2025-06-17,195.63999938964844,478.0400085449219,177.22999572753906,214.82000732421875,144.1199951171875
2025-06-18,196.5800018310547,480.239990234375,173.97999572753906,212.52000427246094,145.47999572753906
2025-06-20,201.0,477.3999938964844,167.72999572753906,209.69000244140625,143.85000610351562
2025-06-23,201.5,486.0,166.00999450683594,208.47000122070312,144.1699981689453
2025-06-24,200.3000030517578,490.1099853515625,167.74000549316406,212.77000427246094,147.89999389648438
2025-06-25,201.55999755859375,492.2699890136719,171.49000549316406,211.99000549316406,154.30999755859375
2025-06-26,201.0,497.45001220703125,174.42999267578125,217.1199951171875,155.02000427246094
2025-06-27,201.0800018310547,495.94000244140625,178.27000427246094,223.3000030517578,157.75
2025-06-30,205.1699981689453,497.4100036621094,177.38999938964844,219.38999938964844,157.99000549316406
2025-07-01,207.82000732421875,492.04998779296875,176.91000366210938,220.4600067138672,153.3000030517578
2025-07-02,212.44000244140625,491.0899963378906,179.75999450683594,219.9199981689453,157.25
2025-07-03,213.5500030517578,498.8399963378906,180.5500030517578,223.41000366210938,159.33999633789062
2025-07-07,209.9499969482422,497.7200012207031,177.55999755859375,223.47000122070312,158.24000549316406
2025-07-08,210.00999450683594,496.6199951171875,175.16000366210938,219.36000061035156,160.0
2025-07-09,211.13999938964844,503.510009765625,177.66000366210938,222.5399932861328,162.8800048828125
2025-07-10,212.41000366210938,501.4800109863281,178.6999969482422,222.25999450683594,164.10000610351562
2025-07-11,211.16000366210938,503.32000732421875,181.30999755859375,225.02000427246094,164.9199981689453
2025-07-14,208.6199951171875,503.0199890136719,182.80999755859375,225.69000244140625,164.07000732421875
2025-07-15,209.11000061035156,505.82000732421875,183.10000610351562,226.35000610351562,170.6999969482422
2025-07-16,210.16000366210938,505.6199951171875,183.77000427246094,223.19000244140625,171.3699951171875
2025-07-17,210.02000427246094,511.70001220703125,184.6999969482422,223.8800048828125,173.0
2025-07-18,211.17999267578125,510.04998779296875,185.94000244140625,226.1300048828125,172.41000366210938
2025-07-21,212.47999572753906,510.05999755859375,191.14999389648438,229.3000030517578,171.3800048828125
2025-07-22,214.39999389648438,505.2699890136719,192.11000061035156,227.47000122070312,167.02999877929688
2025-07-23,214.14999389648438,505.8699951171875,191.50999450683594,228.2899932861328,170.77999877929688
2025-07-24,213.75999450683594,510.8800048828125,193.1999969482422,232.22999572753906,173.74000549316406
2025-07-25,213.8800048828125,513.7100219726562,194.0800018310547,231.44000244140625,173.5
2025-07-28,214.0500030517578,512.5,193.4199981689453,232.7899932861328,176.75
2025-07-29,211.27000427246094,512.5700073242188,196.42999267578125,231.00999450683594,175.50999450683594
2025-07-30,209.0500030517578,513.239990234375,197.44000244140625,230.19000244140625,179.27000427246094
2025-07-31,207.57000732421875,533.5,192.86000061035156,234.11000061035156,177.8699951171875
2025-08-01,202.3800048828125,524.1099853515625,189.9499969482422,214.75,173.72000122070312
2025-08-04,203.35000610351562,535.6400146484375,195.75,211.64999389648438,180.0
2025-08-05,202.9199981689453,527.75,195.32000732421875,213.75,178.25999450683594
2025-08-06,213.25,524.9400024414062,196.9199981689453,222.30999755859375,179.4199981689453
2025-08-07,220.02999877929688,520.8400268554688,197.27999877929688,223.1300048828125,180.77000427246094
2025-08-08,229.35000610351562,522.0399780273438,202.08999633789062,222.69000244140625,182.6999969482422
2025-08-11,227.17999267578125,521.77001953125,201.6300048828125,221.3000030517578,182.05999755859375
2025-08-12,229.64999389648438,529.239990234375,204.16000366210938,221.47000122070312,183.16000366210938
2025-08-13,233.3300018310547,520.5800170898438,203.02999877929688,224.55999755859375,181.58999633789062
2025-08-14,232.77999877929688,522.47998046875,203.82000732421875,230.97999572753906,182.02000427246094
2025-08-15,231.58999633789062,520.1699829101562,204.91000366210938,231.02999877929688,180.4499969482422
2025-08-18,230.88999938964844,517.0999755859375,204.2899932861328,231.49000549316406,182.00999450683594
2025-08-19,230.55999755859375,509.7699890136719,202.49000549316406,228.00999450683594,175.63999938964844
2025-08-20,226.00999450683594,505.7200012207031,200.19000244140625,223.80999755859375,175.39999389648438
2025-08-21,224.89999389648438,504.239990234375,200.6199951171875,221.9499969482422,174.97999572753906
2025-08-22,227.75999450683594,507.2300109863281,206.72000122070312,228.83999633789062,177.99000549316406
2025-08-25,227.16000366210938,504.260009765625,209.16000366210938,227.94000244140625,179.80999755859375
2025-08-26,229.30999755859375,502.0400085449219,207.9499969482422,228.7100067138672,181.77000427246094
2025-08-27,230.49000549316406,506.739990234375,208.2100067138672,229.1199951171875,181.60000610351562
2025-08-28,232.55999755859375,509.6400146484375,212.3699951171875,231.60000610351562,180.1699981689453
2025-08-29,232.13999938964844,506.69000244140625,213.52999877929688,229.0,174.17999267578125
2025-09-02,229.72000122070312,505.1199951171875,211.99000549316406,225.33999633789062,170.77999877929688
2025-09-03,238.47000122070312,505.3500061035156,231.10000610351562,225.99000549316406,170.6199951171875
2025-09-04,239.77999877929688,507.9700012207031,232.66000366210938,235.67999267578125,171.66000366210938
2025-09-05,239.69000244140625,495.0,235.1699981689453,232.3300018310547,167.02000427246094
2025-09-08,237.8800048828125,498.20001220703125,234.16000366210938,235.83999633789062,168.30999755859375
2025-09-09,234.35000610351562,498.4100036621094,239.94000244140625,238.24000549316406,170.75999450683594
2025-09-10,226.7899932861328,500.3699951171875,239.55999755859375,230.3300018310547,177.3300018310547
2025-09-11,230.02999877929688,501.010009765625,240.77999877929688,229.9499969482422,177.1699981689453
2025-09-12,234.07000732421875,509.8999938964844,241.3800048828125,228.14999389648438,177.82000732421875
2025-09-15,236.6999969482422,515.3599853515625,251.75999450683594,231.42999267578125,177.75
2025-09-16,238.14999389648438,509.0400085449219,251.4199981689453,234.0500030517578,174.8800048828125
2025-09-17,238.99000549316406,510.0199890136719,249.85000610351562,231.6199951171875,170.2899932861328
2025-09-18,237.8800048828125,508.45001220703125,252.3300018310547,231.22999572753906,176.24000549316406
2025-09-19,245.5,517.9299926757812,255.24000549316406,231.47999572753906,176.6699981689453
2025-09-22,256.0799865722656,514.4500122070312,252.8800048828125,227.6300048828125,183.61000061035156
2025-09-23,254.42999267578125,509.2300109863281,252.33999633789062,220.7100067138672,178.42999267578125
2025-09-24,252.30999755859375,510.1499938964844,247.8300018310547,220.2100067138672,176.97000122070312
2025-09-25,256.8699951171875,507.0299987792969,246.57000732421875,218.14999389648438,177.69000244140625
2025-09-26,255.4600067138672,511.4599914550781,247.17999267578125,219.77999877929688,178.19000244140625
2025-09-29,254.42999267578125,514.5999755859375,244.36000061035156,222.1699981689453,181.85000610351562
2025-09-30,254.6300048828125,517.9500122070312,243.5500030517578,219.57000732421875,186.5800018310547
2025-10-01,255.4499969482422,519.7100219726562,245.5399932861328,220.6300048828125,187.24000549316406
2025-10-02,257.1300048828125,515.739990234375,246.42999267578125,222.41000366210938,188.88999938964844
2025-10-03,258.0199890136719,517.3499755859375,246.4499969482422,219.50999450683594,187.6199951171875
2025-10-06,256.69000244140625,528.5700073242188,251.50999450683594,220.89999389648438,185.5399932861328
2025-10-07,256.4800109863281,523.97998046875,247.1300048828125,221.77999877929688,185.0399932861328
2025-10-08,258.05999755859375,524.8499755859375,245.4600067138672,225.22000122070312,189.11000061035156
2025-10-09,254.0399932861328,522.4000244140625,242.2100067138672,227.74000549316406,192.57000732421875
2025-10-10,245.27000427246094,510.9599914550781,237.49000549316406,216.3699951171875,183.16000366210938
2025-10-13,247.66000366210938,514.0499877929688,244.63999938964844,220.07000732421875,188.32000732421875
2025-10-14,247.77000427246094,513.5700073242188,246.19000244140625,216.38999938964844,180.02999877929688
2025-10-15,249.33999633789062,513.4299926757812,251.7100067138672,215.57000732421875,179.8300018310547
2025-10-16,247.4499969482422,511.6099853515625,251.8800048828125,214.47000122070312,181.80999755859375
2025-10-17,252.2899932861328,513.5800170898438,253.7899932861328,213.0399932861328,183.22000122070312
2025-10-20,262.239990234375,516.7899780273438,257.0199890136719,216.47999572753906,182.63999938964844
2025-10-21,262.7699890136719,517.6599731445312,251.33999633789062,222.02999877929688,181.16000366210938
2025-10-22,258.45001220703125,520.5399780273438,252.52999877929688,217.9499969482422,180.27999877929688
2025-10-23,259.5799865722656,520.5599975585938,253.72999572753906,221.08999633789062,182.16000366210938
2025-10-24,262.82000732421875,523.6099853515625,260.510009765625,224.2100067138672,186.25999450683594
