date,JNJ,PFE,MRK,ABT,AMGN
2020-01-02,124.07300567626953,28.447664260864258,73.24810028076172,78.20802307128906,201.03111267089844
2020-01-03,122.63651275634766,28.2950382232666,72.61937713623047,77.25460052490234,199.66629028320312
2020-01-06,122.48350524902344,28.258695602416992,72.92976379394531,77.65937042236328,201.1985626220703
2020-01-07,123.23150634765625,28.16420555114746,70.98794555664062,77.22764587402344,199.30628967285156
2020-01-08,123.21449279785156,28.389516830444336,70.51045227050781,77.54244232177734,199.45700073242188
2020-01-09,123.57997131347656,28.265958786010742,71.13118743896484,77.74931335449219,200.05149841308594
2020-01-10,123.29948425292969,28.702049255371094,71.25057220458984,76.77790069580078,199.49049377441406
2020-01-13,123.84346771240234,28.643901824951172,71.2346420288086,76.56204223632812,198.36851501464844
2020-01-14,124.5405044555664,29.12360382080078,71.56890106201172,77.44723510742188,200.94737243652344
2020-01-15,124.95697021484375,29.55970001220703,72.85018920898438,78.92862701416016,202.3707275390625
2020-01-16,125.96847534179688,29.516084671020508,72.56369018554688,79.74156951904297,201.36599731445312
2020-01-17,126.79293060302734,29.44340705871582,72.39655303955078,80.39192199707031,202.19491577148438
2020-01-21,126.8779525756836,29.319849014282227,71.60073852539062,81.05133056640625,198.93788146972656
2020-01-22,126.0109634399414,29.21082305908203,71.34605407714844,82.97531127929688,198.2261962890625
2020-01-23,126.24893951416016,29.58876609802246,70.4786148071289,81.95462036132812,196.79444885253906
2020-01-24,126.07048034667969,28.941892623901367,68.42537689208984,81.65653228759766,188.88211059570312
2020-01-27,126.43595886230469,29.18901824951172,68.5208740234375,80.92486572265625,186.6717071533203
2020-01-28,127.0734634399414,27.72084617614746,68.6402587890625,80.87973022460938,188.25421142578125
2020-01-29,127.95741271972656,27.313823699951172,69.42811584472656,80.51839447021484,190.1883087158203
2020-01-30,127.80442810058594,27.218379974365234,68.83920288085938,80.53645324707031,189.3510284423828
2020-01-31,126.53790283203125,27.343196868896484,67.99562072753906,78.71184539794922,180.89450073242188
2020-02-03,127.64292907714844,27.541446685791016,69.50770568847656,78.63956451416016,181.58946228027344
2020-02-04,128.85842895507812,27.673608779907227,70.31945037841797,79.69641876220703,185.7172088623047
2020-02-05,130.88990783691406,28.026042938232422,68.30599975585938,80.89778137207031,194.1988983154297
2020-02-06,130.49893188476562,28.092126846313477,68.18663024902344,80.81648254394531,193.7886199951172
2020-02-07,129.10494995117188,27.937938690185547,67.70911407470703,79.37123107910156,192.01356506347656
2020-02-10,129.0794219970703,27.76171875,68.17070770263672,79.7596435546875,190.4143524169922
2020-02-11,129.18992614746094,27.967300415039062,67.84441375732422,80.54549407958984,191.7037811279297
2020-02-12,128.42491149902344,27.710315704345703,66.25275421142578,80.2022476196289,190.0626983642578
2020-02-13,127.5749282836914,27.115585327148438,65.23408508300781,80.10289001464844,188.0726776123047
2020-02-14,127.60894775390625,26.80720329284668,65.7752456665039,80.98811340332031,188.44371032714844
2020-02-18,126.7674331665039,26.667695999145508,65.6240463256836,80.28355407714844,186.93435668945312
2020-02-19,126.59746551513672,26.601619720458984,65.25797271728516,80.71711730957031,188.00527954101562
2020-02-20,126.11294555664062,26.322601318359375,65.64791107177734,79.90415954589844,187.31382751464844
2020-02-21,127.43893432617188,26.227144241333008,65.528564453125,78.99183654785156,187.86192321777344
2020-02-24,124.81280517578125,25.456193923950195,64.72476196289062,76.44458770751953,183.72164916992188
2020-02-25,123.73499298095703,24.912851333618164,63.88119888305664,73.28314208984375,177.39752197265625
2020-02-26,122.90525817871094,25.492908477783203,63.61854934692383,73.49090576171875,180.90530395507812
2020-02-27,119.00458526611328,25.037677764892578,62.13833999633789,71.53076171875,171.59609985351562
2020-02-28,115.03548431396484,24.538393020629883,60.92868423461914,69.57968139648438,168.4171600341797
2020-03-02,119.77446746826172,25.610389709472656,64.756591796875,73.71668243408203,178.93215942382812
2020-03-03,115.98497772216797,25.184524536132812,62.973941802978516,70.44683074951172,172.37188720703125
2020-03-04,122.73418426513672,26.726430892944336,66.02993774414062,74.1502685546875,181.38595581054688
2020-03-05,121.47673797607422,26.0362491607666,64.92371368408203,72.73211669921875,178.86471557617188
2020-03-06,121.4938735961914,25.713180541992188,65.4171371459961,73.83409881591797,177.62518310546875
2020-03-09,116.71210479736328,24.78803253173828,62.83866882324219,69.57064056396484,167.2703857421875
2020-03-10,121.16024017333984,25.39745330810547,65.27388000488281,73.05728149414062,174.3787384033203
2020-03-11,112.74298095703125,23.62058448791504,63.0694465637207,70.53713989257812,167.5064697265625
2020-03-12,107.27690887451172,22.041961669921875,59.24947738647461,67.51114654541016,153.66917419433594
2020-03-13,114.87297058105469,24.017078399658203,61.58446502685547,73.75282287597656,170.4155731201172
2020-03-16,108.74822998046875,22.15944480895996,56.10405349731445,66.53562927246094,159.0995330810547
2020-03-17,116.8404312133789,23.613245010375977,59.76300048828125,71.8017349243164,175.2219696044922
2020-03-18,115.44609069824219,23.760089874267578,57.47615432739258,71.593994140625,172.759765625
2020-03-19,108.67980194091797,22.335660934448242,56.75400161743164,67.29438018798828,167.5992431640625
2020-03-20,102.55506896972656,21.300382614135742,57.259521484375,61.42304229736328,158.7369384765625
2020-03-23,95.07023620605469,20.918577194213867,53.27958679199219,56.74405288696289,156.78065490722656
2020-03-24,101.94772338867188,21.8070068359375,55.40595626831055,62.949607849121094,170.6179962158203
2020-03-25,102.13592529296875,21.84371566772461,54.73996353149414,63.90706253051758,162.86033630371094
2020-03-26,108.26919555664062,23.312206268310547,59.0007209777832,68.47764587402344,167.37158203125
2020-03-27,105.35225677490234,22.688098907470703,57.556392669677734,67.34857940673828,167.1860809326172
2020-03-30,113.77803802490234,23.98771095275879,61.74494552612305,71.66625213623047,175.7953643798828
2020-03-31,112.16987609863281,23.965679168701172,61.736915588378906,71.27783966064453,170.94683837890625
2020-04-01,110.18531799316406,23.312206268310547,59.217376708984375,69.16417694091797,166.79818725585938
2020-04-02,113.8978042602539,24.134553909301758,61.68073654174805,71.7565689086914,176.13265991210938
2020-04-03,114.77030181884766,24.699922561645508,61.18327713012695,71.76559448242188,173.2067108154297
2020-04-06,119.55206298828125,25.38277244567871,64.44102478027344,74.7283706665039,178.4093780517578
2020-04-07,117.60172271728516,24.67789649963379,63.036808013916016,74.0057373046875,176.04830932617188
2020-04-08,122.54598236083984,25.40479850769043,65.49217224121094,76.733642578125,184.8262939453125
2020-04-09,120.80950164794922,25.984848022460938,66.19023895263672,77.7182388305664,183.9999542236328
2020-04-13,119.56060791015625,25.80129051208496,64.62555694580078,77.54659271240234,184.0505828857422
2020-04-14,124.91548919677734,26.75580596923828,66.4710922241211,80.85746002197266,191.2432403564453
2020-04-15,126.30982971191406,26.41071319580078,65.8532485961914,82.4902114868164,187.02711486816406
2020-04-16,128.02915954589844,26.344619750976562,66.5994873046875,87.08003997802734,194.70046997070312
2020-04-17,130.03936767578125,27.10089683532715,66.96858215332031,87.08912658691406,198.13238525390625
2020-04-20,129.73995971679688,26.49147605895996,66.67973327636719,88.89421844482422,199.5068359375
2020-04-21,128.03770446777344,26.153724670410156,63.036808013916016,85.31126403808594,194.57394409179688
2020-04-22,130.86911010742188,26.61629295349121,64.17623138427734,86.60836029052734,193.3428955078125
2020-04-23,133.02476501464844,26.939361572265625,64.89839935302734,85.21145629882812,196.04115295410156
2020-04-24,132.46878051757812,27.445999145507812,65.3396987915039,85.32032775878906,199.2370147705078
2020-04-27,131.98117065429688,28.143524169921875,67.38585662841797,86.12759399414062,204.4227752685547
2020-04-28,129.50048828125,27.83513832092285,65.13909912109375,82.96188354492188,200.40907287597656
2020-04-29,128.51678466796875,27.989328384399414,64.81011962890625,83.70572662353516,198.73947143554688
2020-04-30,128.34568786621094,28.165546417236328,63.662662506103516,83.5333480834961,201.7161102294922
2020-05-01,126.84870910644531,27.63689613342285,62.322669982910156,81.50150299072266,194.7678985595703
2020-05-04,126.83158874511719,27.62221336364746,61.672733306884766,81.48335266113281,194.70889282226562
2020-05-05,127.88377380371094,28.27568244934082,62.59547805786133,84.38602447509766,199.30445861816406
2020-05-06,126.66908264160156,28.27568244934082,61.8813591003418,82.61720275878906,199.49838256835938
2020-05-07,126.24993133544922,27.40806007385254,60.66169357299805,85.25680541992188,196.7494659423828
2020-05-08,127.19940948486328,27.600862503051758,61.30362319946289,84.9937515258789,198.0059051513672
2020-05-11,127.55014038085938,28.253437042236328,62.515262603759766,87.14356231689453,204.6842041015625
2020-05-12,125.86499786376953,27.704679489135742,61.93751525878906,85.08446502685547,200.02117919921875
2020-05-13,125.85643005371094,27.47479820251465,62.499210357666016,83.59686279296875,199.70077514648438
2020-05-14,126.29269409179688,28.119958877563477,64.23239135742188,83.25216674804688,200.67044067382812
2020-05-15,128.68783569335938,28.001310348510742,64.0157470703125,81.53777313232422,203.91339111328125
2020-05-18,128.7562713623047,28.23118782043457,63.96759796142578,81.88245391845703,197.9623565673828
2020-05-19,127.47315979003906,27.941986083984375,62.226383209228516,80.02294921875,193.072509765625
2020-05-20,126.32687377929688,27.904909133911133,61.69680404663086,81.71917724609375,193.44607543945312
2020-05-21,125.49716186523438,27.63052749633789,61.423988342285156,81.99131774902344,190.82289123535156
2020-05-22,124.3515625,27.808500289916992,61.27953338623047,82.97098541259766,192.22357177734375
2020-05-26,124.51522827148438,27.80109214782715,61.99367141723633,81.16586303710938,188.8024139404297
2020-05-27,124.79946899414062,27.741762161254883,62.226383209228516,82.32691955566406,190.8483428955078
2020-05-28,126.59104919433594,28.312768936157227,63.42195510864258,83.54241180419922,190.27105712890625
2020-05-29,128.12425231933594,28.320178985595703,64.77000427246094,86.10041046142578,194.99961853027344
2020-06-01,126.78057098388672,26.29572296142578,63.83922576904297,84.36786651611328,192.63107299804688
2020-06-02,127.6935806274414,26.814807891845703,64.86628723144531,84.01412200927734,189.92298889160156
2020-06-03,128.03811645507812,26.814807891845703,65.84522247314453,82.90746307373047,187.61390686035156
2020-06-04,126.38436126708984,26.703575134277344,65.43600463867188,80.0501480102539,187.5120391845703
2020-06-05,126.87527465820312,26.688745498657227,66.00569152832031,81.51055908203125,191.5784149169922
2020-06-08,126.41878509521484,27.133686065673828,66.51924133300781,83.95967864990234,191.6463165283203
2020-06-09,125.72110748291016,26.851890563964844,66.00569152832031,81.88245391845703,190.92469787597656
2020-06-10,127.30599975585938,26.636838912963867,65.61251068115234,83.59686279296875,192.80935668945312
2020-06-11,121.33686065673828,24.69394874572754,62.065914154052734,79.62383270263672,185.83114624023438
2020-06-12,122.43941497802734,25.027652740478516,61.71003341674805,80.74860382080078,184.98220825195312
2020-06-15,121.66419982910156,24.73844337463379,59.86601638793945,81.2293701171875,186.57818603515625
2020-06-16,124.42910766601562,24.768104553222656,62.25191879272461,81.40171813964844,192.5971221923828
2020-06-17,124.05010223388672,24.886754989624023,61.70194625854492,82.45392608642578,191.8330841064453
2020-06-18,123.52469635009766,24.64945411682129,61.64533615112305,81.89152526855469,195.52598571777344
2020-06-19,123.88644409179688,24.782939910888672,63.004093170166016,82.2543716430664,202.64002990722656
2020-06-22,123.50749206542969,24.553054809570312,62.0739860534668,81.94596099853516,198.81129455566406
2020-06-23,123.0509262084961,24.300922393798828,62.37324523925781,82.81674194335938,200.1356658935547
2020-06-24,120.43251037597656,23.870820999145508,61.36225891113281,79.18842315673828,197.3850860595703
2020-06-25,120.30329895019531,23.96722412109375,61.928409576416016,81.2928695678711,199.59234619140625
2020-06-26,118.70115661621094,23.75958251953125,60.812294006347656,80.46742248535156,197.66525268554688
2020-06-29,119.76065063476562,24.20452117919922,61.564456939697266,80.73954010009766,196.57862854003906
2020-06-30,121.13015747070312,24.249013900756836,62.54307556152344,82.93467712402344,200.2290496826172
2020-07-01,120.91482543945312,25.020240783691406,63.18202590942383,83.12516021728516,216.57945251464844
2020-07-02,121.4229965209961,25.59123420715332,63.71581268310547,83.66035461425781,219.22813415527344
2020-07-06,123.154296875,25.59123420715332,64.36283111572266,84.33160400390625,217.53875732421875
2020-07-07,123.0423355102539,25.23529052734375,63.66728591918945,83.86897277832031,214.90707397460938
2020-07-08,123.40412139892578,25.027652740478516,63.0202522277832,83.97782897949219,213.58274841308594
2020-07-09,122.7322998046875,24.812597274780273,62.02546691894531,84.966552734375,213.6421661376953
2020-07-10,122.62889099121094,25.086977005004883,62.05781555175781,84.39507293701172,211.41795349121094
2020-07-13,125.0750732421875,26.11032485961914,62.55927276611328,84.44044494628906,212.266845703125
2020-07-14,127.40933990478516,26.12516212463379,63.28715133666992,86.34359741210938,214.85610961914062
2020-07-15,127.70217895507812,26.488521575927734,64.2496109008789,88.08287811279297,215.04293823242188
2020-07-16,128.5548858642578,26.399538040161133,64.21726989746094,87.7823486328125,216.6473846435547
2020-07-17,128.6410369873047,26.881549835205078,64.59735870361328,90.37760162353516,219.4148712158203
2020-07-20,128.8563995361328,27.066946029663086,64.225341796875,90.22277069091797,221.5287322998047
2020-07-21,128.9769744873047,27.207834243774414,63.80477523803711,89.41234588623047,218.94798278808594
2020-07-22,129.20953369140625,28.59455680847168,63.71581268310547,91.23355102539062,218.158447265625
2020-07-23,128.864990234375,28.483320236206055,63.13349533081055,91.80723571777344,214.134521484375
2020-07-24,127.58162689208984,27.927148818969727,62.35707473754883,90.1043930053711,210.5181121826172
2020-07-27,126.77191162109375,27.838172912597656,63.83714294433594,91.05142974853516,215.3314971923828
2020-07-28,126.4704818725586,28.935672760009766,64.45181274414062,90.93304443359375,216.70681762695312
2020-07-29,126.22071075439453,29.113649368286133,64.17681884765625,93.35526275634766,211.25668334960938
2020-07-30,126.47909545898438,29.00881004333496,63.88566970825195,92.45376586914062,208.9560546875
2020-07-31,125.54885864257812,28.81412124633789,64.89665222167969,91.64334106445312,207.70814514160156
2020-08-03,126.91839599609375,28.71677589416504,66.7568359375,91.67975616455078,209.9917449951172
2020-08-04,126.80638885498047,28.74673080444336,66.0531997680664,90.99678039550781,206.79127502441406
2020-08-05,127.82273864746094,28.79166603088379,66.02892303466797,93.00923156738281,204.99156188964844
2020-08-06,127.09062194824219,28.656877517700195,65.55174255371094,92.65408325195312,205.0594482421875
2020-08-07,127.99505615234375,28.79166603088379,65.52747344970703,92.18058013916016,204.3293914794922
2020-08-10,127.50408935546875,28.74673080444336,65.43852233886719,91.09696960449219,202.19009399414062
2020-08-11,126.59104919433594,28.297447204589844,65.43852233886719,90.20457458496094,199.20184326171875
2020-08-12,128.9080810546875,28.701805114746094,66.87007904052734,91.65242004394531,205.20376586914062
2020-08-13,127.47824096679688,28.581993103027344,67.56560516357422,92.06220245361328,204.13412475585938
2020-08-14,127.68495178222656,28.4996280670166,67.51708984375,91.05142974853516,204.86056518554688
2020-08-17,128.33094787597656,28.71677589416504,68.55233001708984,91.70706176757812,207.68080139160156
2020-08-18,129.27841186523438,28.724267959594727,68.39055633544922,91.93473052978516,206.39028930664062
2020-08-19,129.53684997558594,28.64938735961914,68.77072143554688,91.49763488769531,205.5271759033203
2020-08-20,130.4240264892578,28.993850708007812,68.77072143554688,92.54483795166016,204.02297973632812
2020-08-21,131.57821655273438,29.1136531829834,68.73026275634766,93.24600219726562,203.09152221679688
2020-08-24,131.925048828125,29.083694458007812,69.08613586425781,92.3262939453125,201.32241821289062
2020-08-25,131.84701538085938,28.761707305908203,69.29642486572266,93.30973815917969,212.1333465576172
2020-08-26,132.05508422851562,28.492143630981445,69.18318939208984,93.96537017822266,213.8083953857422
2020-08-27,132.64471435546875,28.349863052368164,69.40962982177734,101.34127807617188,216.0560302734375
2020-08-28,133.21697998046875,28.387304306030273,69.27214813232422,100.88597869873047,216.32098388671875
2020-08-31,133.01754760742188,28.297447204589844,68.96480560302734,99.68397521972656,216.4918975830078
2020-09-01,131.37879943847656,27.616031646728516,68.28543853759766,97.02499389648438,214.38955688476562
2020-09-02,133.38172912597656,27.855655670166016,70.30738067626953,99.65665435791016,220.59402465820312
2020-09-03,129.67066955566406,27.256603240966797,69.14273071289062,96.09616088867188,211.868408203125
2020-09-04,128.83827209472656,27.226654052734375,68.9405517578125,94.84866333007812,212.28717041015625
2020-09-08,127.68505859375,26.9046630859375,67.39578247070312,93.64665222167969,206.1168212890625
2020-09-09,129.8007049560547,27.09187126159668,68.6493911743164,96.35115051269531,209.8685760498047
2020-09-10,127.38159942626953,26.695003509521484,67.58988952636719,94.70295715332031,205.6553497314453
2020-09-11,128.13592529296875,27.009496688842773,68.32587432861328,95.34037780761719,207.85171508789062
2020-09-14,128.63018798828125,27.713380813598633,68.5621109008789,96.24188232421875,210.87704467773438
2020-09-15,129.09835815429688,27.67593765258789,68.60286712646484,97.05231475830078,212.24440002441406
2020-09-16,128.67352294921875,27.5411434173584,69.7107925415039,96.25098419189453,211.74021911621094
2020-09-17,127.60704803466797,27.57110595703125,69.767822265625,97.12519073486328,212.013671875
2020-09-18,129.3498077392578,27.4288330078125,69.90631866455078,97.30729675292969,211.70602416992188
2020-09-21,125.81218719482422,26.972057342529297,67.72301483154297,96.4786376953125,207.8345947265625
2020-09-22,125.04048156738281,27.1442813873291,67.56822967529297,95.43144989013672,211.51800537109375
2020-09-23,125.23992156982422,26.957080841064453,67.3156967163086,93.54649353027344,207.3218231201172
2020-09-24,125.4393310546875,26.777368545532227,67.73934173583984,91.8982925415039,205.38185119628906
2020-09-25,126.2977294921875,26.994525909423828,67.56007385253906,94.20211791992188,208.37303161621094
2020-09-28,127.55499267578125,27.249114990234375,67.42159271240234,95.10363006591797,211.11634826660156
2020-09-29,127.5116195678711,27.084381103515625,66.72099304199219,95.78657531738281,212.20175170898438
2020-09-30,129.0897216796875,27.481243133544922,67.5763931274414,99.10118865966797,217.2097625732422
2020-10-01,127.73709106445312,27.234142303466797,66.5091781616211,98.92816162109375,218.26095581054688
2020-10-02,126.8006591796875,27.241626739501953,65.82486724853516,96.9794692993164,209.73187255859375
2020-10-05,128.52609252929688,27.518695831298828,66.18328857421875,98.85531616210938,218.79083251953125
2020-10-06,126.8179702758789,27.084381103515625,64.87168884277344,96.7518310546875,215.9534912109375
2020-10-07,128.22264099121094,27.309019088745117,65.20571899414062,98.10862731933594,220.20950317382812
2020-10-08,129.09835815429688,27.623519897460938,65.56417083740234,98.83709716796875,205.18528747558594
2020-10-09,130.90191650390625,27.54863739013672,65.46641540527344,99.84789276123047,202.28811645507812
2020-10-12,131.65623474121094,27.57110595703125,65.46641540527344,101.12273406982422,204.68960571289062
2020-10-13,128.6388397216797,27.63100814819336,65.75154113769531,98.68231964111328,204.54434204101562
2020-10-14,128.41339111328125,27.601057052612305,65.58859252929688,98.44477081298828,203.10003662109375
2020-10-15,127.62434387207031,27.36892318725586,64.4073257446289,98.0518798828125,200.8438262939453
2020-10-16,128.41339111328125,28.41725730895996,65.03461456298828,100.19895935058594,201.45059204101562
2020-10-19,125.1358871459961,28.3049373626709,64.08961486816406,98.70970916748047,197.16900634765625
2020-10-20,125.33531951904297,28.07280921936035,63.76375198364258,99.00208282470703,197.5022735595703
2020-10-21,124.79768371582031,27.76579475402832,63.60081481933594,96.78192901611328,195.68194580078125
2020-10-22,125.79486083984375,28.027877807617188,64.52952575683594,100.0253677368164,194.83584594726562
2020-10-23,125.93359375,28.589487075805664,65.03461456298828,98.48130798339844,194.1350860595703
2020-10-26,124.8323974609375,28.394794464111328,64.22811889648438,99.58679962158203,192.19508361816406
2020-10-27,124.12137603759766,28.027877807617188,63.535648345947266,99.20307922363281,190.97296142578125
2020-10-28,119.96813201904297,26.545238494873047,62.06110382080078,97.22962188720703,184.92225646972656
2020-10-29,118.9536361694336,26.41793441772461,61.82486343383789,95.93226623535156,186.15293884277344
2020-10-30,118.88426971435547,26.567699432373047,61.2708740234375,96.03276824951172,185.40087890625
2020-11-02,120.25425720214844,27.12931251525879,62.492881774902344,98.19806671142578,188.19549560546875
2020-11-03,120.08950805664062,27.09935760498047,62.66396713256836,100.09845733642578,188.06727600097656
2020-11-04,120.86988830566406,27.952999114990234,65.67820739746094,101.89830780029297,196.84425354003906
2020-11-05,121.1820068359375,27.529348373413086,65.5478744506836,103.7256088256836,198.24583435058594
2020-11-06,123.34103393554688,27.536914825439453,65.46641540527344,104.53874969482422,197.98941040039062
2020-11-09,126.66194152832031,29.65513801574707,65.58045196533203,99.94314575195312,200.83531188964844
2020-11-10,128.5694580078125,29.26175308227539,66.077392578125,101.24047088623047,206.47576904296875
2020-11-11,128.15330505371094,29.125581741333008,66.03667449951172,102.92160034179688,205.6980743408203
2020-11-12,128.5868377685547,28.406896591186523,65.05908203125,102.28205871582031,202.6641387939453
2020-11-13,129.97413635253906,29.21636199951172,66.06110382080078,102.87591552734375,204.23013305664062
2020-11-16,130.7978973388672,28.2404727935791,65.31975555419922,103.85350799560547,203.6278533935547
2020-11-17,129.49725341796875,28.736860275268555,66.39511108398438,103.29617309570312,199.9968719482422
2020-11-18,127.78044128417969,28.96012306213379,65.37678527832031,100.2903060913086,195.97006225585938
2020-11-19,127.58102416992188,28.856468200683594,65.49083709716797,101.41409301757812,193.3114013671875
2020-11-20,126.90470123291016,29.263120651245117,65.53972625732422,101.3135986328125,192.02073669433594
2020-11-23,125.61250305175781,29.119592666625977,65.40121459960938,99.83348846435547,191.20330810546875
2020-11-24,125.61250305175781,29.183382034301758,65.28717041015625,98.31684875488281,189.68899536132812
2020-11-25,125.44661712646484,29.127567291259766,65.22199249267578,97.22046661376953,189.5599365234375
2020-11-27,125.72603607177734,29.685714721679688,65.05908203125,98.32598114013672,193.43185424804688
2020-11-30,126.3197250366211,30.54686737060547,65.49083709716797,98.87416076660156,191.0484619140625
2020-12-01,128.7382049560547,31.4239559173584,66.43585968017578,99.120849609375,193.66415405273438
2020-12-02,129.34063720703125,32.53229522705078,66.66395568847656,98.81021118164062,194.9375457763672
2020-12-03,130.09149169921875,31.966175079345703,66.35437774658203,98.2437515258789,195.2386932373047
2020-12-04,131.2003173828125,32.16550827026367,66.75357055664062,98.581787109375,197.21766662597656
2020-12-07,130.06533813476562,32.89110565185547,67.21794891357422,97.9239730834961,194.8429412841797
2020-12-08,132.31788635253906,33.93565368652344,67.76374816894531,97.5768051147461,196.9853515625
2020-12-09,133.6711883544922,33.36952590942383,68.00000762939453,97.13826751708984,197.76840209960938
2020-12-10,132.92906188964844,33.27383041381836,67.60895538330078,97.32097625732422,196.3142547607422
2020-12-11,133.5402374267578,32.78744888305664,67.58451080322266,97.77779388427734,195.6603240966797
2020-12-14,130.15264892578125,31.264490127563477,65.95054626464844,97.56766510009766,197.43276977539062
2020-12-15,131.4622802734375,30.865808486938477,66.0819320678711,98.1706771850586,198.3534393310547
2020-12-16,130.67649841308594,30.1721134185791,65.54820251464844,98.0701675415039,196.55516052246094
2020-12-17,134.125244140625,30.323606491088867,65.54000091552734,99.38579559326172,198.9644012451172
2020-12-18,134.90223693847656,30.04452896118164,65.30188751220703,99.55939483642578,196.59820556640625
2020-12-21,133.60134887695312,29.80532455444336,65.10482025146484,98.75538635253906,195.58287048339844
2020-12-22,133.3394775390625,29.295011520385742,65.2115478515625,98.92900848388672,190.14500427246094
2020-12-23,132.658447265625,29.85315704345703,65.49073791503906,98.1706771850586,191.8228759765625
2020-12-24,133.12112426757812,29.71761703491211,65.80274200439453,98.99293518066406,191.81422424316406
2020-12-28,133.74978637695312,29.358800888061523,66.05728912353516,98.48130798339844,192.4337158203125
2020-12-29,134.57923889160156,29.54219627380371,66.85376739501953,98.97468566894531,195.2042694091797
2020-12-30,136.24684143066406,29.295011520385742,66.17223358154297,99.07515716552734,195.46240234375
2020-12-31,137.4080810546875,29.350826263427734,67.16577911376953,100.03449249267578,197.8285675048828
2021-01-04,136.63975524902344,29.350826263427734,66.4760513305664,99.68731689453125,195.02357482910156
2021-01-05,138.24623107910156,29.65382194519043,66.59098815917969,100.92070770263672,195.97006225585938
2021-01-06,139.54714965820312,29.398672103881836,67.64201354980469,100.71060180664062,200.69381713867188
2021-01-07,140.01858520507812,29.550172805786133,68.98859405517578,101.68817138671875,201.3563232421875
2021-01-08,139.73046875,29.60597801208496,68.17572021484375,101.97142028808594,205.20242309570312
2021-01-11,139.14553833007812,30.116291046142578,69.79328918457031,101.26790618896484,204.4108123779297
2021-01-12,138.06288146972656,29.645849227905273,68.22496795654297,99.44062805175781,203.56764221191406
2021-01-13,137.85333251953125,29.39069938659668,67.60916137695312,102.46478271484375,204.55709838867188
2021-01-14,140.26307678222656,29.302982330322266,67.46956634521484,100.94200897216797,207.929931640625
2021-01-15,139.95750427246094,29.263120651245117,68.46308898925781,102.09784698486328,211.22537231445312
2021-01-19,142.12278747558594,29.287038803100586,68.3071060180664,103.26283264160156,213.61737060546875
2021-01-20,141.7735595703125,29.10365104675293,67.70768737792969,103.55638122558594,217.136474609375
2021-01-21,141.2060089111328,29.08769416809082,66.65666961669922,103.6114273071289,216.85255432128906
2021-01-22,142.7950897216797,29.143508911132812,66.49246215820312,103.51051330566406,218.11737060546875
2021-01-25,144.9166717529297,29.72559356689453,66.63204956054688,105.2350845336914,221.2148895263672
2021-01-26,148.8456268310547,29.749507904052734,65.89305114746094,105.24427032470703,222.50555419921875
2021-01-27,146.5755615234375,28.896329879760742,63.28199005126953,104.84063720703125,216.01791381835938
2021-01-28,147.69314575195312,28.90439224243164,63.97991943359375,110.43629455566406,213.16993713378906
2021-01-29,142.4283447265625,28.936634063720703,63.28199005126953,113.37171173095703,207.73207092285156
2021-02-01,142.06166076660156,28.85603141784668,63.520103454589844,112.40853881835938,206.87164306640625
2021-02-02,140.7869873046875,28.203144073486328,63.856754302978516,110.29869842529297,206.92330932617188
2021-02-03,140.1321258544922,28.082229614257812,63.48724365234375,110.28034210205078,203.98922729492188
2021-02-04,141.43304443359375,28.122539520263672,62.428043365478516,109.84004211425781,204.1096649169922
2021-02-05,143.5808563232422,28.146718978881836,62.23920440673828,113.77534484863281,203.3352813720703
2021-02-08,143.9912109375,28.06611442565918,61.61513900756836,114.20647430419922,204.4108123779297
2021-02-09,145.16986083984375,28.18702507019043,61.61513900756836,114.80274200439453,203.61924743652344
2021-02-10,145.641357421875,28.00163459777832,61.49199295043945,114.9311752319336,205.17657470703125
2021-02-11,144.986572265625,27.751766204833984,61.368812561035156,116.3530044555664,203.73768615722656
2021-02-12,145.4405517578125,27.985515594482422,61.582305908203125,117.62808990478516,205.61866760253906
2021-02-16,144.12216186523438,27.961334228515625,60.96647644042969,117.43544006347656,201.83065795898438
2021-02-17,144.63729858398438,28.122539520263672,62.02569580078125,116.71994018554688,204.23175048828125
2021-02-18,144.7071533203125,27.85654640197754,61.9189567565918,115.04125213623047,201.56195068359375
2021-02-19,142.29742431640625,27.75981903076172,61.01573944091797,112.86720275878906,200.8337860107422
2021-02-22,142.20956420898438,27.614736557006836,61.52483367919922,112.4177017211914,200.6431427001953
2021-02-23,140.95326232910156,27.332622528076172,61.20460891723633,110.8124008178711,201.5012664794922
2021-02-24,142.84210205078125,27.20366096496582,61.229225158691406,112.26174926757812,199.36021423339844
2021-02-25,142.991455078125,27.260080337524414,61.27029800415039,111.52790832519531,197.21922302246094
2021-02-26,139.21371459960938,26.994089126586914,59.628082275390625,109.87673950195312,194.9654541015625
2021-03-01,139.96926879882812,27.155298233032227,59.431034088134766,112.10582733154297,196.8031005859375
2021-03-02,139.70567321777344,27.010208129882812,59.816932678222656,112.39936828613281,195.63290405273438
2021-03-03,137.24578857421875,27.719526290893555,60.186439514160156,109.32634735107422,194.115966796875
2021-03-04,134.4783935546875,27.566370010375977,59.25859451293945,106.41844177246094,192.35633850097656
2021-03-05,137.14036560058594,27.719526290893555,60.04685592651367,107.55589294433594,197.4011993408203
2021-03-08,138.28245544433594,27.687284469604492,60.90079879760742,106.0698471069336,197.47056579589844
2021-03-09,138.54600524902344,27.76788330078125,60.876182556152344,107.05137634277344,198.49342346191406
2021-03-10,139.81988525390625,28.154783248901367,61.38524627685547,106.29917907714844,199.33425903320312
2021-03-11,139.81112670898438,27.977455139160156,61.278507232666016,107.80358123779297,200.3831024169922
2021-03-12,140.2152557373047,28.162843704223633,61.79204559326172,107.060546875,199.68093872070312
2021-03-15,140.93563842773438,28.541675567626953,63.1422004699707,108.33563232421875,204.53517150878906
2021-03-16,141.77027893066406,28.88021469116211,63.622615814208984,108.44570922851562,208.31446838378906
2021-03-17,141.2431640625,28.84796905517578,64.02849578857422,107.89532470703125,211.73846435546875
2021-03-18,140.9796142578125,28.831851959228516,64.0036392211914,108.34480285644531,211.86843872070312
2021-03-19,140.60179138183594,28.638404846191406,64.20243072509766,110.30784606933594,213.18603515625
2021-03-22,141.00595092773438,29.01723289489746,64.20243072509766,111.42700958251953,216.43663024902344
2021-03-23,140.8741455078125,28.501375198364258,63.17531967163086,110.52803039550781,212.40589904785156
2021-03-24,142.2447052001953,28.702880859375,63.15048599243164,108.26224517822266,212.77862548828125
2021-03-25,142.29742431640625,28.751245498657227,63.00967025756836,109.20709991455078,213.45474243164062
2021-03-26,144.89785766601562,29.2187442779541,64.10303497314453,111.9773941040039,219.1844482421875
2021-03-29,145.873046875,29.51697540283203,64.8568115234375,112.12416076660156,221.0047607421875
2021-03-30,144.96820068359375,29.105905532836914,63.74686813354492,109.84922790527344,216.48863220214844
2021-03-31,144.38836669921875,29.20262908935547,63.85453414916992,109.9317626953125,215.67381286621094
2021-04-01,143.05300903320312,29.259050369262695,63.85453414916992,109.1061782836914,215.98587036132812
2021-04-05,143.58009338378906,29.242929458618164,63.77998352050781,109.95011138916016,218.45631408691406
2021-04-06,143.544921875,29.057537078857422,62.777740478515625,110.05101776123047,215.92520141601562
2021-04-07,143.7382354736328,28.94469451904297,63.05108642578125,110.17945098876953,215.07569885253906
2021-04-08,143.17596435546875,28.984989166259766,62.52924728393555,109.87673950195312,214.0008544921875
2021-04-09,141.66488647460938,29.5008544921875,63.208457946777344,110.90413665771484,215.79513549804688
2021-04-12,142.0074920654297,29.799091339111328,63.13392639160156,111.03253936767578,215.78648376464844
2021-04-13,140.10984802246094,29.952238082885742,63.30785369873047,112.83967590332031,216.66200256347656
2021-04-14,140.49639892578125,29.960294723510742,63.28300476074219,111.8637466430664,216.37594604492188
2021-04-15,140.9093017578125,30.30689811706543,63.49837112426758,114.11023712158203,221.15211486816406
2021-04-16,142.53460693359375,31.088747024536133,64.16929626464844,114.4876937866211,221.65484619140625
2021-04-19,142.9299774169922,31.3789119720459,64.3266830444336,114.65343475341797,221.8802490234375
2021-04-20,146.2596435546875,31.459524154663086,65.08045196533203,110.48271179199219,224.62806701660156
2021-04-21,146.35626220703125,31.862545013427734,65.62712860107422,112.87651824951172,224.3159942626953
2021-04-22,145.11753845214844,31.145158767700195,64.5751953125,113.70513153076172,221.08277893066406
2021-04-23,145.4162139892578,31.161283493041992,64.50891876220703,113.53018951416016,222.79908752441406
2021-04-26,144.1862335205078,31.177410125732422,64.2190170288086,112.85811614990234,221.49017333984375
2021-04-27,143.36041259765625,30.992015838623047,64.07818603515625,112.0478744506836,221.15211486816406
2021-04-28,142.30616760253906,31.282197952270508,63.85453414916992,111.81771087646484,205.18528747558594
2021-04-29,144.2565460205078,31.112924575805664,61.03001022338867,111.4126205444336,203.4516143798828
2021-04-30,142.965087890625,31.153230667114258,61.7092170715332,110.55635833740234,207.72506713867188
2021-05-03,145.14390563964844,32.104347229003906,62.93513107299805,110.04998016357422,212.7006072998047
2021-05-04,147.39295959472656,32.201072692871094,62.94340515136719,108.21783447265625,214.41693115234375
2021-05-05,146.77796936035156,32.217193603515625,64.35983276367188,109.11089324951172,216.14187622070312
2021-05-06,147.3666229248047,31.899742126464844,64.42609405517578,109.36868286132812,217.8321990966797
2021-05-07,148.03428649902344,32.217193603515625,64.94791412353516,109.51598358154297,220.35467529296875
2021-05-10,149.58932495117188,32.44511032104492,64.7491226196289,109.50676727294922,218.97640991210938
2021-05-11,148.3681182861328,32.02997589111328,64.16101837158203,109.00041961669922,218.69900512695312
2021-05-12,147.77072143554688,32.306732177734375,64.60831451416016,107.12220001220703,217.42478942871094
2021-05-13,149.31695556640625,32.64046096801758,65.17985534667969,108.13496398925781,218.49961853027344
2021-05-14,149.54537963867188,32.575347900390625,64.8485336303711,108.92675018310547,219.4336395263672
2021-05-17,149.69471740722656,32.648597717285156,66.15724182128906,107.48126220703125,220.30657958984375
2021-05-18,149.74746704101562,32.599761962890625,65.75138092041016,107.70223236083984,218.97972106933594
2021-05-19,149.42236328125,32.42068862915039,65.73480224609375,107.14981842041016,217.03317260742188
2021-05-20,150.29214477539062,32.656742095947266,65.9832992553711,108.45719909667969,219.91375732421875
2021-05-21,150.19549560546875,32.518367767333984,65.58572387695312,107.84033203125,219.1107177734375
2021-05-24,150.77011108398438,32.4044075012207,65.46147918701172,107.9876480102539,216.26498413085938
2021-05-25,150.35464477539062,32.013702392578125,64.19414520263672,109.00961303710938,211.24574279785156
2021-05-26,149.46176147460938,31.67996597290039,63.970516204833984,107.490478515625,208.23419189453125
2021-05-27,149.2318878173828,31.460195541381836,62.88542938232422,106.5145492553711,205.40586853027344
2021-05-28,149.62088012695312,31.52531623840332,62.860591888427734,107.39839935302734,207.70167541503906
2021-06-01,146.3323516845703,31.338102340698242,62.272491455078125,97.39971923828125,203.89576721191406
2021-06-02,146.9246368408203,31.574155807495117,62.843990325927734,98.42168426513672,205.27496337890625
2021-06-03,146.78317260742188,31.720678329467773,64.15910339355469,100.53926849365234,205.78125
2021-06-04,146.72128295898438,31.86719512939453,64.33271026611328,100.62214660644531,206.75021362304688
2021-06-07,145.72230529785156,31.736949920654297,63.195552825927734,101.27581787109375,207.04698181152344
2021-06-08,144.44052124023438,31.62298583984375,62.84830856323242,99.34235382080078,206.72401428222656
2021-06-09,146.38534545898438,32.4044075012207,64.2719497680664,100.40116882324219,209.08087158203125
2021-06-10,147.7025604248047,33.112571716308594,66.09489440917969,101.41390991210938,213.55020141601562
2021-06-11,145.8284454345703,32.6811637878418,66.20774841308594,101.19295501708984,211.91787719726562
2021-06-14,146.19085693359375,32.257896423339844,66.05890655517578,101.71776580810547,210.53863525390625
2021-06-15,145.41294860839844,32.2253303527832,66.27777862548828,101.65331268310547,209.3689422607422
2021-06-16,145.35986328125,31.989282608032227,67.07453155517578,101.33104705810547,209.1332550048828
2021-06-17,146.05824279785156,32.13579559326172,67.61734771728516,102.77654266357422,210.16329956054688
2021-06-18,143.19406127929688,31.590435028076172,67.07453155517578,101.57964324951172,208.34762573242188
2021-06-21,144.83831787109375,32.08695602416992,67.19709777832031,102.60162353515625,209.70938110351562
2021-06-22,144.64382934570312,32.24161148071289,66.70679473876953,102.15967559814453,209.4213104248047
2021-06-23,143.7686309814453,31.785778045654297,66.1727294921875,102.04920196533203,208.37380981445312
2021-06-24,144.42283630371094,31.899742126464844,66.85565185546875,102.84099578857422,210.32916259765625
2021-06-25,145.16539001464844,31.728805541992188,67.59107971191406,103.78009796142578,211.8393096923828
2021-06-28,144.99746704101562,31.842769622802734,67.29340362548828,106.52373504638672,211.9789581298828
2021-06-29,145.00628662109375,31.82648277282715,67.599853515625,107.91399383544922,211.6472930908203
2021-06-30,145.6339111328125,31.875320434570312,68.09014129638672,106.7354965209961,212.77330017089844
2021-07-01,146.71243286132812,32.2009162902832,68.28275299072266,107.86795043945312,215.52297973632812
2021-07-02,149.3822021484375,32.33929443359375,68.81682586669922,108.67816925048828,217.09425354003906
2021-07-06,148.48936462402344,31.981143951416016,68.38782501220703,109.39629364013672,212.68605041503906
2021-07-07,149.7623291015625,32.02997589111328,68.78180694580078,110.36302947998047,212.3106689453125
2021-07-08,149.4705810546875,31.948577880859375,68.39656066894531,109.8014144897461,213.2359619140625
2021-07-09,150.06289672851562,32.24161148071289,68.28275299072266,110.24333190917969,214.03904724121094
2021-07-12,149.82421875,32.363712310791016,67.89753723144531,109.38706970214844,213.3144989013672
2021-07-13,149.63858032226562,32.2741813659668,67.95005798339844,109.23979949951172,213.716064453125
2021-07-14,150.6552276611328,32.518367767333984,67.95883178710938,108.28784942626953,213.60256958007812
2021-07-15,148.8429412841797,32.63232421875,68.2039566040039,107.81652069091797,215.2873077392578
2021-07-16,148.60421752929688,32.84395217895508,68.30902862548828,108.60208892822266,216.4482879638672
2021-07-19,147.5257110595703,32.6811637878418,67.45975494384766,109.78506469726562,215.37461853027344
2021-07-20,148.9136199951172,33.41374206542969,66.68928527832031,109.72958374023438,215.51426696777344
2021-07-21,149.8330535888672,33.389320373535156,66.88191223144531,109.9606704711914,213.7335205078125
2021-07-22,150.26620483398438,33.755615234375,67.00447082519531,109.28598022460938,213.6374969482422
2021-07-23,151.86631774902344,33.926551818847656,67.88876342773438,111.64269256591797,216.23880004882812
2021-07-26,151.93699645996094,34.03236389160156,67.62609100341797,110.45970916748047,213.93429565429688
2021-07-27,152.63539123535156,34.26841735839844,68.1601791381836,110.72770690917969,213.5851287841797
2021-07-28,152.21104431152344,35.367286682128906,68.58042907714844,111.38390350341797,213.20977783203125
2021-07-29,152.21104431152344,35.14552307128906,67.35469055175781,111.91070556640625,211.6472930908203
2021-07-30,152.22872924804688,35.16195297241211,67.30216217041016,111.80902862548828,210.84414672851562
2021-08-02,152.29061889648438,36.10649490356445,66.69804382324219,111.75357818603516,209.31655883789062
2021-08-03,154.1647491455078,37.519222259521484,66.89942169189453,112.86262512207031,213.06137084960938
2021-08-04,153.25421142578125,37.116756439208984,66.0851821899414,112.35431671142578,199.2954864501953
2021-08-05,153.5459442138672,37.009979248046875,66.18148040771484,112.94580078125,204.25363159179688
2021-08-06,153.03321838378906,37.0181999206543,66.05016326904297,112.90882873535156,200.90167236328125
2021-08-09,153.56362915039062,37.765625,65.9450912475586,113.82378387451172,198.9288787841797
2021-08-10,153.6166534423828,39.580806732177734,65.83126068115234,113.3986587524414,198.99000549316406
2021-08-11,153.64315795898438,38.03666687011719,65.84877014160156,112.25265502929688,199.13839721679688
2021-08-12,154.88082885742188,38.800533294677734,66.57546997070312,113.50032043457031,199.15582275390625
2021-08-13,155.8090057373047,39.818992614746094,67.17082214355469,113.73137664794922,200.4913787841797
2021-08-16,157.21461486816406,40.172176361083984,68.23021697998047,115.21007537841797,203.2622833251953
2021-08-17,158.65560913085938,41.41241455078125,69.01821899414062,116.16199493408203,203.37669372558594
2021-08-18,156.64002990722656,40.50071716308594,68.10765838623047,114.53540802001953,199.54135131835938
2021-08-19,157.86000061035156,40.08182907104492,68.69427490234375,116.1897201538086,197.38616943359375
2021-08-20,158.6291046142578,40.01612091064453,68.88688659667969,116.74424743652344,196.6296844482422
2021-08-23,157.9443359375,41.00994873046875,68.62419891357422,116.3006362915039,198.4857635498047
2021-08-24,155.97012329101562,39.73686218261719,68.04637145996094,115.98639678955078,197.37742614746094
2021-08-25,154.93858337402344,39.02228546142578,67.47725677490234,115.28401947021484,194.9231719970703
2021-08-26,154.11155700683594,38.9155158996582,67.03950500488281,115.95868682861328,194.81761169433594
2021-08-27,153.7825164794922,38.27485656738281,66.80311584472656,115.14537811279297,195.969970703125
2021-08-30,154.4316864013672,38.40627670288086,66.97821044921875,116.3930435180664,197.15750122070312
2021-08-31,153.96035766601562,37.839542388916016,66.79434967041016,116.79044342041016,198.3890380859375
2021-09-01,154.50283813476562,37.81490707397461,66.69804382324219,117.74237060546875,196.4713592529297
2021-09-02,155.56106567382812,38.47197723388672,67.52104187011719,118.749755859375,198.76724243164062
2021-09-03,155.65887451171875,38.47197723388672,67.64363098144531,119.16563415527344,199.1279296875
2021-09-07,153.24005126953125,38.398067474365234,66.5229263305664,118.65731048583984,194.70323181152344
2021-09-08,152.86654663085938,38.2009391784668,65.9801025390625,119.27654266357422,194.289794921875
2021-09-09,149.4606475830078,37.80669403076172,64.63179016113281,118.27840423583984,189.6364288330078
2021-09-10,148.48240661621094,37.44529724121094,64.3078384399414,119.03623962402344,188.02662658691406
2021-09-13,147.4419708251953,36.6157341003418,64.07144927978516,117.02149200439453,190.6392364501953
2021-09-14,146.55271911621094,36.722511291503906,63.700439453125,117.41888427734375,190.0410614013672
2021-09-15,147.10403442382812,36.771785736083984,64.31879425048828,117.82554626464844,191.8795623779297
2021-09-16,146.9261932373047,36.525386810302734,63.57676315307617,117.77932739257812,191.2022247314453
2021-09-17,146.5082244873047,36.049007415771484,63.320594787597656,117.17859649658203,192.97914123535156
2021-09-20,145.67230224609375,36.303619384765625,63.541419982910156,115.4041519165039,189.22299194335938
2021-09-21,146.31259155273438,36.07364273071289,63.57676315307617,115.6444320678711,189.44290161132812
2021-09-22,145.77902221679688,36.09828567504883,63.638587951660156,115.20083618164062,187.92990112304688
2021-09-23,146.6060791015625,36.29540252685547,64.53080749511719,115.80157470703125,189.17022705078125
2021-09-24,146.16139221191406,36.09007263183594,65.0255126953125,114.94207000732422,187.90350341796875
2021-09-27,145.10316467285156,35.78616714477539,64.80465698242188,111.43937683105469,187.4636688232422
2021-09-28,144.7830352783203,35.350860595703125,64.76932525634766,109.73883819580078,186.7247772216797
2021-09-29,145.85906982421875,35.753318786621094,66.3328857421875,110.4042739868164,189.0382537841797
2021-09-30,143.6180877685547,35.32622146606445,66.35055541992188,109.17506408691406,187.05902099609375
2021-10-01,142.70213317871094,35.26051330566406,71.90702819824219,108.3248291015625,188.17616271972656
2021-10-04,141.59054565429688,34.84162902832031,73.40875244140625,106.77217864990234,185.99465942382812
2021-10-05,141.91067504882812,34.75948715209961,72.08368682861328,107.09564971923828,186.36407470703125
2021-10-06,142.20413208007812,34.51308059692383,71.25332641601562,107.65940856933594,184.71031188964844
2021-10-07,143.47581481933594,35.10445022583008,72.384033203125,108.97177124023438,183.95382690429688
2021-10-08,143.1112060546875,34.86626434326172,71.2268295288086,109.41539001464844,183.80433654785156
2021-10-11,142.50648498535156,34.54594039916992,70.60845184326172,108.01982879638672,181.82505798339844
2021-10-12,140.2299346923828,34.37345504760742,70.30810546875,108.42647552490234,177.59393310546875
2021-10-13,141.57275390625,34.020267486572266,69.74272918701172,108.13074493408203,179.10693359375
2021-10-14,142.38197326660156,34.22561264038086,69.1950454711914,109.07707214355469,181.8954620361328
2021-10-15,143.4402618408203,34.07777404785156,69.1950454711914,109.00283813476562,182.82786560058594
2021-10-18,142.39083862304688,33.93813705444336,68.15265655517578,108.38123321533203,178.68470764160156
2021-10-19,145.7256622314453,34.57057189941406,70.21975708007812,110.71919250488281,181.8954620361328
2021-10-20,145.64561462402344,35.15372848510742,71.61549377441406,114.40242004394531,184.4288787841797
2021-10-21,145.3076934814453,35.2030143737793,71.7038345336914,116.01675415039062,183.83949279785156
2021-10-22,145.59231567382812,35.44941711425781,71.68617248535156,117.56608581542969,184.05938720703125
2021-10-25,145.91246032714844,35.44120407104492,72.13670349121094,117.43620300292969,182.64317321777344
2021-10-26,147.3975067138672,35.7779541015625,72.65788269042969,118.87425994873047,183.56678771972656
2021-10-27,145.6100616455078,35.293365478515625,72.03068542480469,118.48457336425781,181.7195281982422
2021-10-28,144.81861877441406,35.46585464477539,76.45642852783203,118.48457336425781,182.23854064941406
2021-10-29,144.8452911376953,35.92580795288086,77.781494140625,119.57933044433594,182.0625762939453
2021-11-01,144.9698028564453,35.84366989135742,77.5959701538086,119.625732421875,184.54319763183594
2021-11-02,147.2552032470703,37.3303108215332,78.63835906982422,118.48457336425781,188.4752655029297
2021-11-03,146.78390502929688,36.8128662109375,78.33799743652344,119.40304565429688,191.8795623779297
2021-11-04,146.37481689453125,36.33229446411133,79.98109436035156,119.764892578125,189.06463623046875
2021-11-05,145.33441162109375,40.27622985839844,72.092529296875,115.38584899902344,188.0442352294922
2021-11-08,144.83639526367188,40.04423522949219,73.03773498535156,117.64031982421875,185.9330596923828
2021-11-09,144.51626586914062,39.190826416015625,73.07306671142578,117.29704284667969,186.23214721679688
2021-11-10,146.08135986328125,40.615943908691406,74.2126235961914,118.58663940429688,187.5516357421875
2021-11-11,145.00535583496094,41.57706832885742,74.22146606445312,118.05780792236328,186.1002197265625
2021-11-12,146.73944091796875,41.204219818115234,74.20381927490234,119.1711196899414,185.95066833496094
2021-11-15,145.41441345214844,41.137943267822266,73.92996215820312,120.089599609375,183.97254943847656
2021-11-16,144.6585693359375,41.09649658203125,74.30097961425781,121.43486785888672,182.1895751953125
2021-11-17,145.20095825195312,42.148773193359375,72.96705627441406,119.32884979248047,182.57102966308594
2021-11-18,144.41844177246094,42.59619903564453,73.36458587646484,118.41963958740234,180.97434997558594
2021-11-19,144.85418701171875,42.09077835083008,71.28864288330078,117.67742919921875,182.80166625976562
2021-11-22,142.94760131835938,42.422203063964844,72.11902618408203,116.21156311035156,179.830078125
2021-11-23,143.83377075195312,42.32277297973633,73.14375305175781,115.4879150390625,181.4267578125
2021-11-24,143.4309844970703,42.16534423828125,72.68437957763672,116.03527069091797,180.92999267578125
2021-11-26,142.50006103515625,44.742164611816406,69.92823791503906,116.7867660522461,178.37530517578125
2021-11-29,142.99237060546875,43.416473388671875,66.1562271118164,118.7814712524414,180.48646545410156
2021-11-30,139.57310485839844,44.51845169067383,66.17388916015625,116.6847152709961,176.4149627685547
2021-12-01,141.49754333496094,45.30558776855469,65.75872039794922,117.58465576171875,178.11807250976562
2021-12-02,140.6114044189453,43.946746826171875,65.2728271484375,119.1061782836914,178.44627380371094
2021-12-03,142.66119384765625,44.965877532958984,64.7869873046875,120.8596420288086,179.5728302001953
2021-12-06,145.8477325439453,42.65419387817383,64.85765838623047,122.90071868896484,185.2055206298828
2021-12-07,146.2236785888672,42.853050231933594,63.85060119628906,122.8543472290039,187.44976806640625
2021-12-08,147.1008758544922,42.58790969848633,64.67215728759766,122.8079605102539,189.41009521484375
2021-12-09,148.4972381591797,43.151336669921875,64.36296081542969,122.95638275146484,188.55857849121094
2021-12-10,148.13026428222656,43.731327056884766,64.15096282958984,124.6634750366211,187.06834411621094
2021-12-13,150.77972412109375,45.7364387512207,64.85765838623047,126.13862609863281,187.51185607910156
2021-12-14,152.42674255371094,46.01814270019531,65.74049377441406,123.33678436279297,189.59642028808594
2021-12-15,153.1875457763672,48.71924591064453,67.14054870605469,125.76750946044922,194.4840087890625
2021-12-16,154.8614044189453,50.74921417236328,67.69344329833984,126.25919342041016,197.43785095214844
2021-12-17,150.58279418945312,49.28266906738281,67.49726104736328,127.2055435180664,197.36688232421875
2021-12-20,150.1531524658203,50.55864334106445,68.13934326171875,125.22944641113281,195.1404266357422
2021-12-21,149.66983032226562,48.84353256225586,67.3635025024414,125.49848175048828,195.9653778076172
2021-12-22,150.31431579589844,49.34065628051758,67.91638946533203,128.94973754882812,196.50643920898438
2021-12-23,150.60073852539062,48.644683837890625,67.53292846679688,129.10745239257812,198.5111846923828
2021-12-27,151.8717803955078,49.0506706237793,68.28201293945312,131.2413330078125,199.7353057861328
2021-12-28,152.48045349121094,48.06468200683594,68.49602508544922,130.32284545898438,200.26751708984375
2021-12-29,153.55455017089844,47.70840835571289,68.6208724975586,130.99082946777344,201.8907928466797
2021-12-30,154.23484802246094,48.3878288269043,68.79032135009766,130.8145294189453,200.88844299316406
2021-12-31,153.1249237060547,48.926387786865234,68.34443664550781,130.5733184814453,199.557861328125
2022-01-03,153.54559326171875,46.93785095214844,68.54953002929688,128.99615478515625,201.0835723876953
2022-01-04,153.13385009765625,45.18130111694336,68.67437744140625,125.96235656738281,202.10369873046875
2022-01-05,154.154296875,46.092716217041016,70.34196472167969,125.39640045166016,199.7086639404297
2022-01-06,153.62619018554688,45.43815612792969,70.29739379882812,125.37786102294922,199.7353057861328
2022-01-07,155.7028045654297,46.16728591918945,71.60826873779297,125.76750946044922,201.6157989501953
2022-01-10,154.93299865722656,46.59813690185547,73.4542236328125,125.48919677734375,204.347900390625
2022-01-11,153.2860107421875,46.97098922729492,72.82997131347656,125.89741516113281,206.130859375
2022-01-12,151.9791717529297,46.93785095214844,72.41085815429688,124.06043243408203,205.58087158203125
2022-01-13,151.05723571777344,46.01814270019531,72.51786804199219,120.70869445800781,204.77369689941406
2022-01-14,150.23373413085938,45.529300689697266,72.57137298583984,119.32145690917969,208.77427673339844
2022-01-18,149.57135009765625,44.83330535888672,72.71405029296875,117.84110260009766,207.4170684814453
2022-01-19,149.10594177246094,44.36102294921875,72.49111938476562,117.35698699951172,205.17286682128906
2022-01-20,147.91542053222656,44.783592224121094,72.00955963134766,116.10939025878906,203.0439453125
2022-01-21,147.57528686523438,43.7396125793457,71.32292175292969,117.15215301513672,201.99725341796875
2022-01-24,145.8745880126953,42.70391082763672,70.29739379882812,115.28077697753906,200.54251098632812
2022-01-25,150.04576110839844,43.532474517822266,70.85919952392578,114.76870727539062,199.6199951171875
2022-01-26,150.7170867919922,43.92189407348633,70.57384490966797,111.78939056396484,197.4023895263672
2022-01-27,152.69525146484375,44.5563850402832,71.85797119140625,112.1338882446289,198.69744873046875
2022-01-28,153.76937866210938,45.357845306396484,72.14331817626953,116.70525360107422,203.25682067871094
2022-01-31,154.2169189453125,43.98868179321289,72.66055297851562,118.66973876953125,201.48275756835938
2022-02-01,152.954833984375,44.30592727661133,73.05292510986328,118.42767333984375,202.8488311767578
2022-02-02,154.64659118652344,44.96546173095703,73.1331787109375,121.07180786132812,203.070556640625
2022-02-03,154.6376190185547,44.564735412597656,70.45791625976562,121.1369857788086,198.73294067382812
2022-02-04,153.62619018554688,44.24748229980469,70.05661010742188,120.76457977294922,197.02093505859375
2022-02-07,153.11595153808594,44.42280578613281,69.18269348144531,119.21905517578125,198.280517578125
2022-02-08,153.51876831054688,43.162166595458984,68.58522033691406,119.77767181396484,213.78602600097656
2022-02-09,153.50086975097656,42.970157623291016,68.246337890625,121.49079132080078,210.39755249023438
2022-02-10,151.64797973632812,42.24383544921875,68.27308654785156,118.94906616210938,202.9729766845703
2022-02-11,150.1173858642578,42.39409637451172,68.34443664550781,116.83558654785156,202.42298889160156
2022-02-14,148.2286834716797,41.57594299316406,68.19284057617188,114.31249237060547,200.6426544189453
2022-02-15,149.75933837890625,41.567596435546875,69.38778686523438,115.42974853515625,200.34744262695312
2022-02-16,149.66983032226562,41.475765228271484,68.86165618896484,115.15042877197266,199.20228576660156
2022-02-17,148.75682067871094,40.82456970214844,68.0947494506836,112.26422882080078,198.32553100585938
2022-02-18,147.16232299804688,40.51566696166992,68.10364532470703,108.735595703125,197.51141357421875
2022-02-22,145.1624298095703,39.68082046508789,67.7291259765625,109.40593719482422,198.08399963378906
2022-02-23,145.2344970703125,39.12980651855469,67.63103485107422,109.16386413574219,197.71719360351562
2022-02-24,142.45989990234375,38.370079040527344,65.55323028564453,110.53250885009766,196.16944885253906
2022-02-25,149.5405731201172,39.83942794799805,68.05907440185547,113.96803283691406,203.11190795898438
2022-02-28,148.25233459472656,39.1882438659668,68.29093170166016,112.30145263671875,202.6198272705078
2022-03-01,147.7388458251953,38.19476318359375,68.07689666748047,110.02042388916016,201.48367309570312
2022-03-02,149.57659912109375,39.82273864746094,68.37117767333984,112.05937957763672,204.50753784179688
2022-03-03,151.774658203125,39.93126678466797,68.79922485351562,112.62732696533203,208.130859375
2022-03-04,152.67550659179688,40.61585998535156,69.40563201904297,113.03697967529297,208.37245178222656
2022-03-07,155.1348114013672,40.05649948120117,69.31645965576172,110.66285705566406,209.66969299316406
2022-03-08,151.99087524414062,39.60567855834961,68.6208724975586,108.10247802734375,206.75314331054688
2022-03-09,152.56739807128906,40.699337005615234,69.36995697021484,110.22525787353516,207.07521057128906
2022-03-10,152.837646484375,41.07502746582031,69.4591293334961,108.93112182617188,203.04031372070312
2022-03-11,152.5583953857422,41.96832275390625,69.78909301757812,106.15663146972656,204.74014282226562
2022-03-14,154.66641235351562,43.621341705322266,69.97801971435547,107.55318450927734,205.06224060058594
2022-03-15,158.6751251220703,43.587947845458984,70.75174713134766,109.37799072265625,207.16465759277344
2022-03-16,157.21578979492188,44.180702209472656,70.28390502929688,111.24007415771484,207.2630615234375
2022-03-17,159.26968383789062,45.28271484375,71.02166748046875,112.8414535522461,211.01165771484375
2022-03-18,157.50405883789062,45.508121490478516,71.17461395263672,114.0052490234375,211.36053466796875
2022-03-21,158.39590454101562,45.240970611572266,71.12962341308594,113.36284637451172,211.42318725585938
2022-03-22,157.648193359375,44.28087615966797,71.3455581665039,113.48387908935547,211.557373046875
2022-03-23,157.05361938476562,43.57124328613281,71.73241424560547,108.85663604736328,209.5086212158203
2022-03-24,157.86439514160156,43.90519332885742,72.3442153930664,109.6945571899414,211.91522216796875
2022-03-25,159.3778076171875,44.06382751464844,73.18093872070312,110.74662780761719,213.63296508789062
2022-03-28,160.1975860595703,44.48125076293945,73.06395721435547,111.71489715576172,215.13597106933594
2022-03-29,160.11651611328125,44.030426025390625,73.38784790039062,111.901123046875,216.0932159423828
2022-03-30,161.78305053710938,43.779964447021484,74.13459014892578,112.07801055908203,217.01475524902344
2022-03-31,159.6570587158203,43.220619201660156,73.81970977783203,110.19732666015625,216.34373474121094
2022-04-01,160.52188110351562,43.05364227294922,75.1422348022461,110.40214538574219,217.50677490234375
2022-04-04,158.972412109375,42.52767562866211,75.11526489257812,110.68144989013672,219.0724639892578
2022-04-05,159.99940490722656,42.77813720703125,75.32219696044922,111.24007415771484,218.79510498046875
2022-04-06,164.16127014160156,44.138954162597656,76.44680786132812,111.66837310791016,223.5993194580078
2022-04-07,163.73789978027344,46.050785064697266,78.0932388305664,114.86181640625,225.12918090820312
2022-04-08,164.06219482421875,46.05912399291992,78.88496398925781,114.75008392333984,225.4691619873047
2022-04-11,162.00827026367188,45.02391052246094,77.94029998779297,111.76145935058594,224.44032287597656
2022-04-12,162.0623321533203,44.339317321777344,77.04059600830078,110.22525787353516,223.69773864746094
2022-04-13,162.7469482421875,44.330970764160156,77.49044799804688,111.6834487915039,226.80218505859375
2022-04-14,162.0623321533203,44.34767532348633,78.19220733642578,110.01024627685547,227.25845336914062
2022-04-18,160.04443359375,43.27904510498047,77.43647003173828,108.70162200927734,225.3886260986328
2022-04-19,164.92701721191406,41.893184661865234,77.18456268310547,112.15083312988281,226.6769256591797
2022-04-20,165.65670776367188,41.5341911315918,77.7873306274414,114.63725280761719,228.4751739501953
2022-04-21,165.1792755126953,40.9998893737793,77.5804214477539,115.31961822509766,228.54673767089844
2022-04-22,163.5397186279297,40.181732177734375,76.10491943359375,111.83301544189453,223.97508239746094
2022-04-25,167.56651306152344,40.86630630493164,76.86964416503906,112.17887878417969,225.60336303710938
2022-04-26,166.36839294433594,40.93309783935547,76.00596618652344,109.33724975585938,223.54563903808594
2022-04-27,164.04420471191406,41.52585220336914,75.94298553466797,109.10354614257812,222.57945251464844
2022-04-28,165.2693328857422,42.16868591308594,79.69469451904297,110.30938720703125,213.04248046875
2022-04-29,162.56680297851562,40.96649169921875,79.79366302490234,106.09368133544922,208.6229248046875
2022-05-02,160.92723083496094,40.3570442199707,78.85797119140625,105.46739959716797,206.59205627441406
2022-05-03,160.6119384765625,41.15016555786133,78.36314392089844,105.09349060058594,207.72830200195312
2022-05-04,162.33255004882812,41.45905685424805,79.64070892333984,108.15010833740234,211.22637939453125
2022-05-05,159.23367309570312,40.44888687133789,79.1818618774414,105.63565826416016,209.66073608398438
2022-05-06,158.88233947753906,40.94145584106445,79.52375030517578,104.94393157958984,211.58421325683594
2022-05-09,159.74713134765625,40.60750198364258,78.84896850585938,100.38237762451172,214.03555297851562
2022-05-10,159.53094482421875,41.317134857177734,79.00192260742188,99.78414154052734,215.35067749023438
2022-05-11,158.66612243652344,41.283748626708984,80.24352264404297,98.93351745605469,215.28805541992188
2022-05-12,160.23362731933594,42.41157531738281,81.718994140625,100.92454528808594,218.938232421875
2022-05-13,159.31475830078125,42.015987396240234,81.34112548828125,102.70987701416016,217.75729370117188
2022-05-16,160.4227752685547,42.64723587036133,83.05953979492188,102.55097961425781,219.93072509765625
2022-05-17,161.08941650390625,43.21115493774414,83.67133331298828,107.0658187866211,221.26539611816406
2022-05-18,158.09860229492188,42.419986724853516,82.8615951538086,105.3832778930664,220.0118865966797
2022-05-19,156.6932830810547,42.630401611328125,82.85260772705078,105.10285186767578,220.74237060546875
2022-05-20,159.4318389892578,44.1622428894043,84.1661605834961,105.85064697265625,223.20437622070312
2022-05-23,162.68667602539062,44.507328033447266,84.41807556152344,107.52384185791016,224.59320068359375
2022-05-24,164.46368408203125,44.95341491699219,85.14681243896484,106.3460464477539,227.16343688964844
2022-05-25,162.84986877441406,45.205902099609375,84.3460922241211,105.80390167236328,228.17349243164062
2022-05-26,162.70481872558594,45.44157409667969,83.05054473876953,107.37428283691406,228.20956420898438
2022-05-27,164.18263244628906,45.37424087524414,83.74329376220703,109.07552337646484,230.2025909423828
2022-05-31,162.7682647705078,44.64198684692383,82.79862976074219,109.79527282714844,231.537353515625
2022-06-01,161.11819458007812,44.07807540893555,81.9979019165039,107.5705795288086,228.5432586669922
2022-06-02,160.6104736328125,44.33899688720703,80.97225952148438,109.84200286865234,223.90780639648438
2022-06-03,159.94863891601562,44.77665328979492,80.89129638671875,108.96334838867188,224.06112670898438
2022-06-06,159.93048095703125,44.82716369628906,80.82828521728516,108.8231430053711,221.3466033935547
2022-06-07,161.68936157226562,45.41632080078125,81.40410614013672,109.25312805175781,222.22137451171875
2022-06-08,160.72833251953125,45.003902435302734,80.50442504882812,107.20601654052734,221.38267517089844
2022-06-09,157.4916534423828,43.58148956298828,79.17286682128906,105.35521697998047,218.01881408691406
2022-06-10,156.43997192382812,42.058074951171875,78.43511962890625,102.47621154785156,216.4496307373047
2022-06-13,154.86239624023438,40.324241638183594,76.47379302978516,98.99896240234375,213.5276641845703
2022-06-14,152.48704528808594,40.3326530456543,76.64613342285156,96.2227554321289,212.56271362304688
2022-06-15,154.11898803710938,40.82923889160156,76.76404571533203,97.9614028930664,212.4545135498047
2022-06-16,154.20057678222656,39.962318420410156,76.99988555908203,95.40953826904297,208.06259155273438
2022-06-17,153.63845825195312,39.16273880004883,76.75498962402344,95.83950805664062,211.6788787841797
2022-06-21,156.85699462890625,40.492576599121094,79.8480453491211,97.59684753417969,215.00669860839844
2022-06-22,159.33212280273438,41.300575256347656,80.87301635742188,98.55962371826172,216.56686401367188
2022-06-23,162.88613891601562,42.15907287597656,83.44905853271484,99.27938079833984,219.2272491455078
2022-06-24,165.27056884765625,43.421573638916016,84.4740219116211,102.30795288085938,221.283447265625
2022-06-27,165.116455078125,43.66566467285156,85.63505554199219,101.96210479736328,220.8144989013672
2022-06-28,160.42010498046875,42.63882827758789,83.3492660522461,99.98976135253906,219.60606384277344
2022-06-29,160.4654083251953,42.874488830566406,83.91165161132812,101.98078918457031,221.3375701904297
2022-06-30,160.93685913085938,44.128578186035156,82.69617462158203,101.56015014648438,219.41664123535156
2022-07-01,162.7592010498047,44.02757263183594,83.83001708984375,103.0277099609375,221.44581604003906
2022-07-05,161.508056640625,43.463653564453125,84.0295639038086,102.1677474975586,222.50994873046875
2022-07-06,161.65310668945312,44.39790725708008,84.4740219116211,101.59754180908203,221.17523193359375
2022-07-07,161.83444213867188,44.961822509765625,84.36518096923828,102.34535217285156,223.13223266601562
2022-07-08,161.635009765625,44.75141143798828,84.15654754638672,102.1303482055664,224.08819580078125
2022-07-11,161.69845581054688,44.515743255615234,85.53528594970703,101.78449249267578,223.45687866210938
2022-07-12,159.43182373046875,43.800323486328125,84.90032958984375,101.23298645019531,222.72640991210938
2022-07-13,159.06011962890625,43.589908599853516,85.05452728271484,99.27938079833984,222.83462524414062
2022-07-14,159.27772521972656,43.253238677978516,85.15430450439453,99.25120544433594,221.4818878173828
2022-07-15,161.58963012695312,43.556243896484375,86.13394165039062,102.17119598388672,224.27755737304688
2022-07-18,157.9630889892578,42.71457290649414,83.75743865966797,100.48116302490234,219.90365600585938
2022-07-19,155.66024780273438,43.236412048339844,83.77559661865234,103.2133560180664,223.04205322265625
2022-07-20,154.77175903320312,42.77349090576172,81.31747436523438,101.61724090576172,222.4197540283203
2022-07-21,155.3157196044922,43.02599334716797,81.76192474365234,103.92694091796875,221.65321350097656
2022-07-22,156.0500946044922,43.11857986450195,81.73469543457031,102.52796173095703,221.80653381347656
2022-07-25,156.35836791992188,43.573081970214844,82.11567687988281,101.8707504272461,224.3046417236328
2022-07-26,157.46446228027344,44.0191535949707,82.80504608154297,102.42469024658203,226.487060546875
2022-07-27,157.0292510986328,43.72457504272461,82.75062561035156,103.26969146728516,227.01011657714844
2022-07-28,157.93589782714844,43.020572662353516,81.58052062988281,103.61710357666016,225.23353576660156
2022-07-29,158.22601318359375,42.84244918823242,81.03628540039062,102.18995666503906,223.1772918701172
2022-08-01,157.67295837402344,42.927276611328125,80.30155944824219,102.82840728759766,221.52694702148438
2022-08-02,156.77540588378906,42.146934509277344,79.46707916259766,102.00218963623047,219.96676635742188
2022-08-03,158.2895050048828,42.29111862182617,79.47615814208984,102.91291809082031,222.8797149658203
2022-08-04,155.75091552734375,42.29111862182617,78.75050354003906,103.01618957519531,222.7353973388672
2022-08-05,155.1343994140625,41.79068374633789,79.28568267822266,102.57491302490234,222.07708740234375
2022-08-08,154.30934143066406,42.045143127441406,80.2652816772461,102.3401870727539,223.0149688720703
2022-08-09,154.2912139892578,42.22325897216797,81.19953918457031,101.3167953491211,223.97996520996094
2022-08-10,154.7354736328125,42.36745834350586,80.90023803710938,103.5325927734375,227.3437957763672
2022-08-11,151.53506469726562,40.95945358276367,80.66439819335938,103.73915100097656,223.97091674804688
2022-08-12,149.86683654785156,42.503170013427734,82.56012725830078,104.66867065429688,224.00701904296875
2022-08-15,150.58309936523438,42.197818756103516,82.17916870117188,105.0630111694336,226.4329376220703
2022-08-16,151.92494201660156,42.29111862182617,82.17009735107422,105.18505859375,228.29974365234375
2022-08-17,151.93397521972656,41.79068374633789,82.57828521728516,103.79548645019531,227.72718811035156
2022-08-18,151.19960021972656,41.20542907714844,82.90481567382812,103.24154663085938,226.92742919921875
2022-08-19,153.50244140625,41.688907623291016,83.52162170410156,103.33541870117188,227.981689453125
2022-08-22,152.96392822265625,41.47685623168945,82.68712615966797,100.88490295410156,224.38282775878906
2022-08-23,151.63136291503906,40.721954345703125,81.81634521484375,99.53287506103516,222.17442321777344
2022-08-24,151.12936401367188,40.22999954223633,81.64400482177734,98.9977035522461,222.19261169433594
2022-08-25,152.54408264160156,40.62865447998047,81.87985229492188,99.42020416259766,223.27406311035156
2022-08-26,149.93370056152344,39.71260070800781,80.96371459960938,95.67398834228516,218.7028045654297
2022-08-29,148.77455139160156,39.21216583251953,79.44892883300781,95.61764526367188,217.54864501953125
2022-08-30,148.25428771972656,38.88985061645508,78.80492401123047,95.9556655883789,217.31234741210938
2022-08-31,147.25941467285156,38.36396408081055,77.42620849609375,96.378173828125,218.38473510742188
2022-09-01,150.9103240966797,39.55144500732422,79.04981994628906,98.43437194824219,223.11048889160156
2022-09-02,148.53724670410156,38.762630462646484,78.21534729003906,96.23733520507812,220.26593017578125
2022-09-06,148.93882751464844,38.813507080078125,78.38768005371094,96.43449401855469,220.12962341308594
2022-09-07,149.7511444091797,39.12734603881836,78.79586029052734,98.30290985107422,222.46522521972656
2022-09-08,150.9559326171875,39.933128356933594,79.29473876953125,100.45298767089844,223.0650634765625
2022-09-09,151.248046875,40.577762603759766,79.22216796875,101.85196685791016,225.1007537841797
2022-09-12,151.1841583251953,40.509910583496094,79.96597290039062,102.61247253417969,215.94915771484375
2022-09-13,147.25027465820312,39.1782341003418,78.26070404052734,99.37325286865234,206.1704559326172
2022-09-14,150.28965759277344,39.144309997558594,79.50422668457031,99.31694030761719,207.31552124023438
2022-09-15,150.6730194091797,38.9661865234375,79.32136535644531,98.64091491699219,206.89747619628906
2022-09-16,152.97308349609375,39.04252243041992,80.20830535888672,97.64568328857422,210.0601043701172
2022-09-19,151.7682647705078,38.54209518432617,79.22077941894531,97.73018646240234,209.71475219726562
2022-09-20,150.57257080078125,37.973793029785156,78.63558197021484,96.0589370727539,206.94293212890625
2022-09-21,149.0300750732422,37.25283432006836,77.29146575927734,94.5003662109375,203.9893341064453
2022-09-22,151.677001953125,37.80415344238281,80.01628875732422,94.89470672607422,206.9792938232422
2022-09-23,152.1698760986328,37.38854217529297,79.34879302978516,94.52852630615234,206.27044677734375
2022-09-26,151.23887634277344,37.17649841308594,78.80016326904297,93.73985290527344,206.1795196533203
2022-09-27,150.54522705078125,37.39702224731445,78.48928833007812,92.3221206665039,205.37979125976562
2022-09-28,151.84129333496094,37.6854133605957,79.34879302978516,92.68827819824219,209.91470336914062
2022-09-29,150.17100524902344,37.45639419555664,79.22077941894531,92.2845687866211,207.57908630371094
2022-09-30,149.1031036376953,37.11711883544922,78.74530792236328,90.84805297851562,204.84359741210938
2022-10-03,148.95706176757812,37.439430236816406,80.0528564453125,93.43941497802734,209.42398071289062
2022-10-04,151.1658477783203,37.710853576660156,80.82093811035156,96.78189086914062,211.76869201660156
2022-10-05,150.70037841796875,37.42247009277344,80.82093811035156,97.0635757446289,212.49569702148438
2022-10-06,147.77967834472656,36.54882049560547,79.95228576660156,96.19039154052734,209.87835693359375
2022-10-07,146.21888732910156,35.89570999145508,80.09857177734375,95.57070922851562,208.14254760742188
2022-10-10,146.4105682373047,35.41223907470703,82.7319564819336,94.95103454589844,210.97801208496094
2022-10-11,148.52809143066406,35.55643081665039,83.25314331054688,95.53316497802734,223.05596923828125
2022-10-12,148.4915771484375,35.64973068237305,82.67708587646484,93.9651870727539,223.96478271484375
2022-10-13,150.73687744140625,36.45552062988281,84.56982421875,96.66313171386719,228.70872497558594
2022-10-14,150.1071014404297,36.35374450683594,84.28636932373047,95.1915283203125,228.41790771484375
2022-10-17,152.0512237548828,37.02382278442383,86.06024932861328,97.65361785888672,229.86289978027344
2022-10-18,151.5218505859375,37.39702224731445,86.50828552246094,99.03089141845703,229.1267547607422
2022-10-19,150.31704711914062,36.56578826904297,85.2739028930664,92.55020141601562,225.55516052246094
2022-10-20,150.70037841796875,36.396148681640625,84.98128509521484,89.81453704833984,224.8826446533203
2022-10-21,153.98622131347656,38.12648010253906,87.4775161743164,89.67304229736328,228.96316528320312
2022-10-24,156.05810546875,38.62691116333008,89.03193664550781,92.72000885009766,237.4877471923828
2022-10-25,155.81167602539062,38.6693229675293,89.34282684326172,92.39926147460938,236.2789764404297
2022-10-26,157.18075561523438,39.06797409057617,89.9828872680664,92.8426284790039,242.3406982421875
2022-10-27,157.27203369140625,38.79655075073242,91.19898223876953,91.43706512451172,242.8587188720703
2022-10-28,159.60858154296875,40.22999954223633,92.14080047607422,93.85198974609375,248.83863830566406
2022-10-31,158.7871856689453,39.483585357666016,92.53396606445312,93.33316040039062,245.69418334960938
2022-11-01,157.9839630126953,40.721954345703125,91.21729278564453,93.68220520019531,247.2482147216797
2022-11-02,155.5560760498047,39.924652099609375,90.88811492919922,92.48416137695312,244.47640991210938
2022-11-03,155.82078552246094,39.839107513427734,90.29376983642578,90.98426055908203,241.63185119628906
2022-11-04,156.5144805908203,40.395164489746094,90.70524597167969,92.51246643066406,244.50367736816406
2022-11-07,157.883544921875,40.2839469909668,91.50074005126953,93.8614273071289,251.75595092773438
2022-11-08,158.66847229003906,40.50636291503906,92.80827331542969,93.9935073852539,265.72412109375
2022-11-09,157.39979553222656,39.96742630004883,92.89057159423828,93.82369232177734,263.2340393066406
2022-11-10,159.24349975585938,40.532020568847656,93.16487121582031,98.3233871459961,264.47003173828125
2022-11-11,154.47906494140625,40.72023391723633,89.5714111328125,98.19131469726562,259.0262451171875
2022-11-14,156.9069366455078,42.12320327758789,91.75674438476562,96.22918701171875,259.28076171875
2022-11-15,157.3450469970703,41.5500373840332,91.07098388671875,97.29515075683594,257.7358093261719
2022-11-16,158.3216552734375,41.105194091796875,91.37271881103516,97.738525390625,259.66656494140625
2022-11-17,159.5994873046875,41.3447265625,93.5489273071289,96.74800109863281,262.896728515625
2022-11-18,160.822509765625,41.259178161621094,95.30449676513672,97.98379516601562,262.8875732421875
2022-11-21,161.6492919921875,41.216407775878906,96.56632232666016,97.99322509765625,263.68365478515625
2022-11-22,162.43011474609375,41.986328125,97.74586486816406,98.9271240234375,262.6679382324219
2022-11-23,162.60464477539062,41.78956604003906,97.67272186279297,100.0119400024414,259.3279724121094
2022-11-25,162.81594848632812,42.0975341796875,98.29447937011719,100.89867401123047,259.6391296386719
2022-11-28,162.89862060546875,42.40550994873047,99.16313171386719,99.41764831542969,258.6142272949219
2022-11-29,161.75949096679688,42.33706283569336,99.51972198486328,99.04974365234375,258.0377197265625
2022-11-30,163.51406860351562,42.88456344604492,100.69013214111328,101.4835433959961,262.0731506347656
2022-12-01,164.19387817382812,43.697265625,100.39752960205078,101.81371307373047,261.6522216796875
2022-12-02,164.32247924804688,43.55182647705078,100.61698150634766,101.9646224975586,261.2587585449219
2022-12-05,164.2305908203125,43.39784622192383,100.58954620361328,99.43650817871094,260.7097473144531
2022-12-06,161.76870727539062,42.5252685546875,99.6020278930664,97.9743423461914,259.22735595703125
2022-12-07,162.75161743164062,42.97867202758789,100.66268157958984,98.87049865722656,261.4875183105469
2022-12-08,162.77919006347656,44.29608917236328,101.35761260986328,100.86094665527344,261.31365966796875
2022-12-09,161.43800354003906,44.2447624206543,99.46487426757812,101.41751861572266,254.98141479492188
2022-12-12,163.36708068847656,44.62117004394531,99.63861083984375,103.2853012084961,253.27029418945312
2022-12-13,164.62559509277344,45.39963150024414,101.4124755859375,105.20970153808594,249.1342315673828
2022-12-14,165.130859375,46.60584259033203,102.67344665527344,104.95499420166016,248.1002197265625
2022-12-15,163.0456085205078,45.86159133911133,100.90623474121094,102.3702621459961,243.53408813476562
2022-12-16,161.37367248535156,43.971012115478516,100.51045227050781,100.85151672363281,244.6961669921875
2022-12-19,161.1991424560547,43.93678665161133,100.73136138916016,100.5496597290039,243.13143920898438
2022-12-20,161.37367248535156,43.90257263183594,100.97986602783203,100.45530700683594,242.26210021972656
2022-12-21,163.2200927734375,44.19343185424805,102.26847076416016,102.01178741455078,243.64385986328125
2022-12-22,162.62301635742188,44.17632293701172,102.38812255859375,101.90803527832031,242.72882080078125
2022-12-23,163.036376953125,44.338863372802734,102.95877838134766,102.04954528808594,241.50265502929688
2022-12-27,162.99044799804688,43.74003219604492,103.19810485839844,102.41743469238281,241.01766967773438
2022-12-28,162.28314208984375,43.45772933959961,102.24085235595703,101.7193832397461,239.21499633789062
2022-12-29,163.10989379882812,43.91112518310547,102.00154113769531,104.05883026123047,240.80722045898438
2022-12-30,162.27394104003906,43.834136962890625,102.1212158203125,103.56831359863281,240.3313446044922
2023-01-03,163.68861389160156,43.85124206542969,102.29607391357422,103.37020874023438,239.4254608154297
2023-01-04,165.4707489013672,42.88456344604492,103.1612777709961,104.90782165527344,241.93272399902344
2023-01-05,164.2489776611328,42.48249435424805,104.59713745117188,104.52106475830078,244.19293212890625
2023-01-06,165.58099365234375,43.56037902832031,105.70164489746094,105.96436309814453,251.82452392578125
2023-01-09,161.29103088378906,41.396053314208984,101.5965576171875,105.79457092285156,247.17601013183594
2023-01-10,160.9051971435547,40.737342834472656,101.99234771728516,107.39820861816406,250.6166229248047
2023-01-11,160.6479949951172,40.59191131591797,102.23164367675781,106.73789978027344,249.72903442382812
2023-01-12,159.839599609375,40.814334869384766,102.87593841552734,105.52497100830078,247.9080810546875
2023-01-13,159.31600952148438,40.9340934753418,103.31776428222656,107.56231689453125,248.64926147460938
2023-01-17,158.33309936523438,39.41992950439453,101.66099548339844,107.44859313964844,246.5355224609375
2023-01-18,155.9446563720703,38.49601364135742,100.13308715820312,105.6671142578125,241.93272399902344
2023-01-19,155.73336791992188,38.46179962158203,101.15475463867188,105.9419174194336,239.77316284179688
2023-01-20,155.00767517089844,38.590126037597656,101.19157409667969,106.9084701538086,240.88037109375
2023-01-23,154.61268615722656,38.47890853881836,101.1363525390625,108.03612518310547,238.80320739746094
2023-01-24,154.61268615722656,38.24793243408203,99.88455963134766,106.63365936279297,237.64108276367188
2023-01-25,155.71499633789062,38.555904388427734,99.94898986816406,105.18383026123047,234.74951171875
2023-01-26,155.1454620361328,38.20193862915039,98.3658676147461,105.25016784667969,233.23049926757812
2023-01-27,154.5391845703125,37.8048210144043,96.99442291259766,104.18885040283203,232.10496520996094
2023-01-30,148.81619262695312,37.597618103027344,97.6479263305664,104.05618286132812,230.21994018554688
2023-01-31,150.12059020996094,38.12424087524414,98.8628921508789,104.7574234008789,230.9611358642578
2023-02-01,151.49855041503906,37.96021270751953,98.46710968017578,105.96087646484375,225.4799346923828
2023-02-02,152.06808471679688,38.279640197753906,95.22721099853516,106.36833953857422,225.58973693847656
2023-02-03,151.2137908935547,38.03791427612305,94.74859619140625,105.93242645263672,224.34524536132812
2023-02-06,150.0655059814453,37.77891540527344,95.7518539428711,104.94692993164062,223.1374053955078
2023-02-07,150.10223388671875,37.63215255737305,97.27056121826172,106.12195587158203,223.27462768554688
2023-02-08,150.295166015625,37.968841552734375,98.15416717529297,104.42573547363281,219.79739379882812
2023-02-09,148.26498413085938,37.416324615478516,98.2278060913086,102.40735626220703,219.6144256591797
2023-02-10,148.95396423339844,37.88251876831055,99.93058013916016,102.49263000488281,221.90203857421875
2023-02-13,149.50515747070312,37.97747802734375,100.83261108398438,102.8337631225586,222.96351623535156
2023-02-14,148.85293579101562,37.744380950927734,100.08705139160156,101.63980102539062,222.50193786621094
2023-02-15,146.40020751953125,37.3990478515625,99.11139678955078,101.65873718261719,221.61575317382812
2023-02-16,145.36219787597656,37.079620361328125,98.03450775146484,100.5216293334961,216.21543884277344
2023-02-17,148.39691162109375,37.30409240722656,100.80499267578125,101.14703369140625,222.04037475585938
2023-02-21,146.18563842773438,36.863792419433594,100.39080047607422,98.21896362304688,219.92640686035156
2023-02-22,145.9821014404297,36.587528228759766,100.4736328125,97.30925750732422,218.00628662109375
2023-02-23,145.9358367919922,36.51846694946289,101.78984832763672,97.17659759521484,219.3540496826172
2023-02-24,144.30743408203125,36.043643951416016,101.14555358886719,95.19610595703125,215.69847106933594
2023-02-27,143.99282836914062,35.206214904785156,100.65771484375,94.54225158691406,216.42774963378906
2023-02-28,141.80006408691406,35.02492141723633,97.78599548339844,96.39009094238281,213.8522186279297
2023-03-01,141.16168212890625,34.6882209777832,98.16337585449219,95.54672241210938,218.03399658203125
2023-03-02,141.05062866210938,35.06808853149414,98.49471282958984,97.25239562988281,216.69544982910156
2023-03-03,142.50323486328125,35.5256462097168,98.37506866455078,98.97702026367188,216.7600860595703
2023-03-06,143.92807006835938,35.49111557006836,102.25926208496094,97.3661117553711,217.0370330810547
2023-03-07,142.56800842285156,34.826358795166016,102.41573333740234,94.74125671386719,211.13821411132812
2023-03-08,141.52252197265625,34.63642501831055,99.66368103027344,94.1916275024414,210.87051391601562
2023-03-09,139.93113708496094,34.06663513183594,99.03777313232422,92.72286224365234,208.43344116210938
2023-03-10,140.27342224121094,34.006202697753906,99.12061309814453,91.87948608398438,210.3535614013672
2023-03-13,141.614990234375,34.41196823120117,97.31657409667969,93.0450439453125,215.25535583496094
2023-03-14,142.4107208251953,34.446502685546875,99.14241790771484,93.38619232177734,212.85523986816406
2023-03-15,142.80853271484375,34.77455520629883,99.75411224365234,92.67548370361328,216.8431396484375
2023-03-16,142.51246643066406,34.852256774902344,99.48534393310547,93.8410415649414,216.53855895996094
2023-03-17,140.98587036132812,34.61915969848633,96.48242950439453,91.92687225341797,212.12596130371094
2023-03-20,142.38294982910156,35.232120513916016,98.1043701171875,92.7418212890625,216.6769561767578
2023-03-21,142.38294982910156,35.10261917114258,97.81706237792969,93.1777114868164,215.04306030273438
2023-03-22,139.7553253173828,34.54146194458008,96.76048278808594,91.78474426269531,212.1628875732422
2023-03-23,139.829345703125,34.6882209777832,96.60292053222656,91.95530700683594,215.18153381347656
2023-03-24,141.2356719970703,34.8695182800293,97.13121795654297,92.91238403320312,219.73255920410156
2023-03-27,141.83706665039062,34.72275924682617,99.10535430908203,93.30088806152344,218.56015014648438
2023-03-28,140.46775817871094,34.52419662475586,97.80777740478516,92.0216293334961,220.14796447753906
2023-03-29,141.84632873535156,34.7486572265625,97.24242401123047,93.45252227783203,222.50193786621094
2023-03-30,141.95736694335938,34.86089324951172,98.16925048828125,93.8884048461914,222.93580627441406
2023-03-31,143.4099578857422,35.22348403930664,98.60486602783203,95.95419311523438,223.1665802001953
2023-04-03,145.12161254882812,35.69831085205078,100.90338897705078,96.26689147949219,225.64981079101562
2023-04-04,146.6389923095703,35.309814453125,100.86631774902344,97.41349029541016,228.50228881835938
2023-04-05,153.22659301757812,35.8709716796875,103.72093200683594,98.7496109008789,233.8933563232422
2023-04-06,152.8009796142578,35.82781219482422,104.11019897460938,99.43187713623047,233.8472137451172
2023-04-10,152.03305053710938,36.02637481689453,104.36972045898438,98.26634979248047,231.6132354736328
2023-04-11,151.98680114746094,36.07817459106445,104.25849151611328,97.87781524658203,232.10247802734375
2023-04-12,151.66297912597656,35.715572357177734,105.42627716064453,97.18605041503906,230.32086181640625
2023-04-13,153.68922424316406,35.801910400390625,107.12238311767578,98.67171478271484,232.11172485351562
2023-04-14,153.43939208984375,35.560184478759766,106.87214660644531,99.00503540039062,230.7824249267578
2023-04-17,153.28208923339844,35.551544189453125,106.5940933227539,99.538330078125,229.0007781982422
2023-04-18,148.97056579589844,35.007652282714844,106.4272689819336,99.18598175048828,227.1729736328125
2023-04-19,150.3769073486328,34.740028381347656,105.77848815917969,106.9380111694336,227.28375244140625
2023-04-20,151.348388671875,34.40332794189453,105.81555938720703,105.0904769897461,224.74514770507812
2023-04-21,150.52493286132812,34.71412658691406,106.92774200439453,106.33804321289062,225.11441040039062
2023-04-24,151.44090270996094,34.45513153076172,107.45603942871094,105.13809967041016,225.65904235839844
2023-04-25,152.8287353515625,33.95440673828125,108.00285339355469,104.72857666015625,226.04676818847656
2023-04-26,150.4601593017578,33.35008239746094,105.12969970703125,103.56672668457031,220.44337463378906
2023-04-27,150.81175231933594,33.44505310058594,106.73312377929688,104.2809829711914,221.864990234375
2023-04-28,151.45941162109375,33.57454299926758,107.02043151855469,105.20474243164062,221.3111114501953
2023-05-01,151.36688232421875,33.85080337524414,107.82676696777344,105.81425476074219,220.5356903076172
2023-05-02,152.68997192382812,33.72130584716797,109.26333618164062,106.1856689453125,217.8308868408203
2023-05-03,150.6914825439453,33.194679260253906,109.5692138671875,106.43326568603516,211.68287658691406
2023-05-04,150.0068359375,33.00475311279297,108.7813949584961,105.5761489868164,214.0645294189453
2023-05-05,150.5156707763672,33.229217529296875,109.06871795654297,105.95709991455078,218.34786987304688
2023-05-08,150.17337036132812,33.384605407714844,109.71749114990234,105.61426544189453,216.58468627929688
2023-05-09,149.007568359375,33.220584869384766,108.8370132446289,104.99522399902344,216.40927124023438
2023-05-10,149.56271362304688,33.065181732177734,109.27262878417969,105.41426849365234,216.11387634277344
2023-05-11,148.95205688476562,32.794654846191406,108.94822692871094,104.80477142333984,214.43377685546875
2023-05-12,148.7577362060547,32.59394073486328,108.56822967529297,105.22380065917969,215.04306030273438
2023-05-15,147.61973571777344,32.42814254760742,107.85456848144531,104.6047592163086,215.5784912109375
2023-05-16,147.42543029785156,32.297237396240234,107.58580780029297,104.17622375488281,210.36279296875
2023-05-17,147.1016387939453,32.070343017578125,106.36238861083984,103.63340759277344,209.6825408935547
2023-05-18,146.6297149658203,31.83472442626953,105.6579818725586,103.3000717163086,208.9464111328125
2023-05-19,147.02760314941406,32.087799072265625,107.0389633178711,103.73815155029297,208.1916046142578
2023-05-22,146.23521423339844,33.815670013427734,106.11213684082031,103.09056091308594,208.7227783203125
2023-05-23,146.17929077148438,34.59233856201172,104.98141479492188,100.70018768310547,209.14207458496094
2023-05-24,146.03945922851562,33.71095657348633,105.28726196289062,99.08121490478516,206.23475646972656
2023-05-25,143.9419708251953,33.01282501220703,104.08241271972656,97.27177429199219,202.63784790039062
2023-05-26,143.88604736328125,32.812110900878906,102.94239807128906,97.96697998046875,202.1439208984375
2023-05-30,143.9046630859375,32.297237396240234,101.18143463134766,96.86226654052734,203.63490295410156
2023-05-31,144.5479278564453,33.17863082885742,102.33069610595703,97.13846588134766,205.61041259765625
2023-06-01,144.0631561279297,33.17863082885742,102.81266021728516,97.91935729980469,199.66526794433594
2023-06-02,146.32843017578125,33.475337982177734,104.28629302978516,99.23358917236328,203.20628356933594
2023-06-05,147.58688354492188,33.7284049987793,104.8331298828125,98.81456756591797,206.75657653808594
2023-06-06,147.45640563964844,33.48405456542969,101.9599838256836,97.72891235351562,206.14157104492188
2023-06-07,147.7733612060547,33.93784713745117,100.66242218017578,96.81465911865234,206.1695098876953
2023-06-08,149.39540100097656,34.11238098144531,102.2472915649414,95.97660064697266,205.71292114257812
2023-06-09,149.16233825683594,34.007659912109375,102.6087417602539,96.84323120117188,203.84921264648438
2023-06-12,149.05978393554688,34.819236755371094,101.8209457397461,96.56705474853516,202.54466247558594
2023-06-13,149.8428192138672,35.150840759277344,101.9414291381836,97.00511932373047,206.85910034179688
2023-06-14,150.6072540283203,34.34799575805664,101.38162994384766,98.32886505126953,207.12930297851562
2023-06-15,152.63015747070312,34.688331604003906,102.07206726074219,100.01451110839844,212.8694305419922
2023-06-16,153.0962677001953,34.9588623046875,101.99740600585938,101.13825988769531,214.00628662109375
2023-06-20,153.00302124023438,34.33054733276367,102.8464584350586,101.61443328857422,213.0092010498047
2023-06-21,152.76998901367188,33.946571350097656,103.71416473388672,101.18588256835938,211.56483459472656
2023-06-22,154.39198303222656,33.798221588134766,106.10269165039062,103.09056091308594,214.00628662109375
2023-06-23,154.26148986816406,33.42296600341797,106.92375183105469,102.90010070800781,211.6300811767578
2023-06-26,152.53692626953125,32.19252014160156,105.50556182861328,103.33818054199219,209.41229248046875
2023-06-27,152.21995544433594,31.782363891601562,105.7294921875,102.65248107910156,207.4368133544922
2023-06-28,151.912353515625,31.66892433166504,104.9084243774414,102.48107147216797,206.22540283203125
2023-06-29,152.97506713867188,31.520566940307617,105.93474578857422,102.5286865234375,206.08566284179688
2023-06-30,154.29879760742188,32.00926208496094,107.66082763671875,103.82386779785156,206.8870391845703
2023-07-03,152.27589416503906,31.983083724975586,106.67182922363281,102.10964965820312,209.6732177734375
2023-07-05,151.7725067138672,31.817270278930664,106.08401489257812,102.25248718261719,210.48391723632812
2023-07-06,150.64453125,31.092967987060547,104.2646255493164,102.09061431884766,207.7816162109375
2023-07-07,148.453857421875,31.005699157714844,101.69884490966797,101.28112030029297,203.74673461914062
2023-07-10,148.6962127685547,31.1366024017334,102.59454345703125,101.91918182373047,209.41229248046875
2023-07-11,147.87588500976562,31.433305740356445,101.41893005371094,102.37629699707031,208.60159301757812
2023-07-12,147.36318969726562,31.40712547302246,100.27133178710938,101.7573013305664,210.2975616455078
2023-07-13,148.04367065429688,31.468215942382812,99.1983642578125,103.0969467163086,212.14260864257812
2023-07-14,149.0318145751953,31.695100784301758,100.15003204345703,103.27877044677734,211.92828369140625
2023-07-17,148.2860870361328,31.29368019104004,98.49861907958984,102.38884735107422,212.3103485107422
2023-07-18,148.2767333984375,31.62529182434082,98.8531494140625,102.34098815917969,216.71792602539062
2023-07-19,147.97845458984375,31.799816131591797,98.8531494140625,102.65678405761719,216.23338317871094
2023-07-20,156.96490478515625,32.087799072265625,101.19501495361328,107.01069641113281,217.33291625976562
2023-07-21,158.6522216796875,32.637577056884766,102.9957504272461,109.36468505859375,218.8145751953125
2023-07-24,159.4818572998047,32.73357009887695,101.5029296875,109.68047332763672,219.3736572265625
2023-07-25,160.70306396484375,32.34086990356445,100.32731628417969,108.06329345703125,219.2711639404297
2023-07-26,161.01068115234375,32.471771240234375,99.96343994140625,109.16374206542969,219.17800903320312
2023-07-27,161.91493225097656,31.942340850830078,98.21869659423828,107.79536437988281,219.96072387695312
2023-07-28,162.6513671875,31.827627182006836,99.21702575683594,107.87191772460938,220.2589111328125
2023-07-31,156.17254638671875,31.818809509277344,99.50626373291016,106.53224182128906,218.19024658203125
2023-08-01,157.44032287597656,31.42173194885254,98.22802734375,105.76671600341797,216.29859924316406
2023-08-02,158.3911590576172,31.19231414794922,98.61988830566406,103.93902587890625,214.7051544189453
2023-08-03,159.07168579101562,30.883481979370117,98.64788818359375,102.90557861328125,214.97537231445312
2023-08-04,157.5801544189453,30.9011287689209,97.9667739868164,103.01082611083984,226.69793701171875
2023-08-07,161.36492919921875,31.48349952697754,98.98375701904297,103.77635955810547,235.6995086669922
2023-08-08,161.43946838378906,31.448204040527344,99.28233337402344,101.03003692626953,243.02374267578125
2023-08-09,161.3369598388672,31.62468910217285,98.99309539794922,100.7621078491211,241.64463806152344
2023-08-10,160.49794006347656,31.518798828125,98.49861907958984,100.22624206542969,244.19790649414062
2023-08-11,162.06407165527344,31.801158905029297,100.24335479736328,100.77167510986328,244.6172332763672
2023-08-14,161.68186950683594,31.827627182006836,101.61488342285156,101.52763366699219,243.1821746826172
2023-08-15,161.21575927734375,31.227609634399414,101.38162994384766,100.41761016845703,247.878662109375
2023-08-16,160.70306396484375,31.307025909423828,101.44694519042969,100.0252685546875,246.95611572265625
2023-08-17,162.21322631835938,32.21588134765625,101.62419891357422,100.40804290771484,247.8579864501953
2023-08-18,160.79627990722656,32.348236083984375,101.88544464111328,99.2406234741211,245.95098876953125
2023-08-21,156.00474548339844,32.65707015991211,102.29598999023438,99.39373779296875,244.89891052246094
2023-08-22,154.76490783691406,32.50706481933594,100.04741668701172,100.61856079101562,242.00555419921875
2023-08-23,153.3759002685547,32.348236083984375,103.84478759765625,100.59943389892578,241.7613067626953
2023-08-24,153.89793395996094,31.907045364379883,102.11870574951172,99.27890014648438,241.06614685058594
2023-08-25,156.10452270507812,32.101173400878906,102.82780456542969,99.71907043457031,240.84071350097656
2023-08-28,154.26416015625,31.951160430908203,101.63353729248047,98.36026763916016,241.00039672851562
2023-08-29,154.2829132080078,31.89821434020996,102.6225357055664,99.39373779296875,243.90313720703125
2023-08-30,153.73831176757812,31.677623748779297,102.82780456542969,99.91045379638672,242.2498016357422
2023-08-31,151.8134002685547,31.21878433227539,101.6801986694336,98.46552276611328,240.80313110351562
2023-09-01,150.68663024902344,31.57173728942871,102.48258972167969,98.41769409179688,241.1507110595703
2023-09-05,150.87442016601562,31.21878433227539,100.30865478515625,96.53257751464844,238.6143341064453
2023-09-06,148.3673858642578,30.327571868896484,99.35697937011719,97.18327331542969,233.91741943359375
2023-09-07,150.2641143798828,30.24816131591797,100.70985412597656,96.33161926269531,238.9713134765625
2023-09-08,150.7617950439453,30.22169303894043,101.7454833984375,96.3890609741211,243.7058563232422
2023-09-11,152.73361206054688,29.948150634765625,101.32564544677734,98.03491973876953,245.85704040527344
2023-09-12,153.59747314453125,30.133455276489258,101.7175064086914,97.9870834350586,244.53250122070312
2023-09-13,153.9824676513672,30.071685791015625,100.58856201171875,98.26458740234375,241.63919067382812
2023-09-14,153.74771118164062,30.133455276489258,101.67823028564453,98.22631072998047,246.40187072753906
2023-09-15,151.5974578857422,30.0628604888916,101.00188446044922,97.35552978515625,244.91766357421875
2023-09-18,152.55519104003906,29.68343734741211,101.28369903564453,96.64741516113281,247.20034790039062
2023-09-19,152.30166625976562,29.99226951599121,100.8515853881836,96.33161926269531,248.2900390625
2023-09-20,152.96835327148438,29.665782928466797,100.80461883544922,95.95844268798828,255.00669860839844
2023-09-21,151.79464721679688,28.986347198486328,100.25977325439453,94.66661834716797,253.0809326171875
2023-09-22,150.7054443359375,28.845169067382812,99.89341735839844,93.92023468017578,251.47457885742188
2023-09-25,150.48007202148438,29.10106086730957,99.4237289428711,93.26953887939453,250.68553161621094
2023-09-26,149.3157501220703,28.589277267456055,99.00101470947266,92.08296966552734,252.73338317871094
2023-09-27,147.5222930908203,28.324560165405273,97.638916015625,91.41314697265625,252.67701721191406
2023-09-28,147.30633544921875,28.315736770629883,97.97710418701172,93.89152526855469,254.40548706054688
2023-09-29,146.24530029296875,29.26871681213379,96.70893096923828,92.67625427246094,252.4703369140625
2023-10-02,145.68190002441406,29.948150634765625,96.33317565917969,91.60452270507812,250.1688690185547
2023-10-03,145.86032104492188,29.912860870361328,95.60045623779297,91.66194152832031,245.19009399414062
2023-10-04,146.02932739257812,29.392248153686523,95.97620391845703,91.52796936035156,249.35157775878906
2023-10-05,147.5504913330078,29.53342628479004,97.31951904296875,92.05426788330078,249.0133819580078
2023-10-06,148.01995849609375,29.23341941833496,97.5825424194336,92.70496368408203,251.25856018066406
2023-10-09,148.86505126953125,29.295183181762695,98.16496276855469,92.59013366699219,255.08184814453125
2023-10-10,148.6959991455078,29.26871681213379,97.32891845703125,93.35566711425781,254.8094024658203
2023-10-11,146.64906311035156,29.215770721435547,97.1880111694336,88.64769744873047,266.410888671875
2023-10-12,146.7899169921875,29.04811668395996,97.31012725830078,86.7810287475586,267.7636413574219
2023-10-13,147.27816772460938,28.333385467529297,97.70465850830078,87.43531036376953,266.8805847167969
2023-10-16,147.9166717529297,29.356952667236328,97.82678985595703,88.69579315185547,269.4920959472656
2023-10-17,146.56454467773438,28.89811134338379,97.85496520996094,88.65731048583984,267.18121337890625
2023-10-18,143.4095916748047,27.715715408325195,95.80712890625,91.94804382324219,266.39208984375
2023-10-19,143.0246124267578,27.521591186523438,94.3416976928711,91.83257293701172,263.5927429199219
2023-10-20,143.66311645507812,27.045101165771484,96.44590759277344,93.12193298339844,261.91119384765625
2023-10-23,142.1513671875,27.212757110595703,97.08467864990234,92.15972137451172,256.5097351074219
2023-10-24,142.00112915039062,26.85097885131836,96.78406524658203,91.22637939453125,259.38427734375
2023-10-25,142.32037353515625,27.115692138671875,97.34770202636719,90.03325653076172,255.66429138183594
2023-10-26,139.90721130371094,27.495119094848633,99.15131378173828,90.42776489257812,253.36276245117188
2023-10-27,136.71470642089844,26.568614959716797,96.58680725097656,89.3404769897461,245.71615600585938
2023-10-30,138.05746459960938,26.956863403320312,96.45529174804688,89.48480987548828,247.23797607421875
2023-10-31,139.28749084472656,26.965688705444336,96.47408294677734,90.9762191772461,240.20191955566406
2023-11-01,139.6161346435547,26.921567916870117,96.614990234375,91.41883087158203,245.03041076660156
2023-11-02,141.07154846191406,26.912742614746094,96.614990234375,92.33292388916016,250.43186950683594
2023-11-03,142.10440063476562,27.583356857299805,97.11286163330078,92.21746063232422,253.50367736816406
2023-11-06,142.44244384765625,27.512767791748047,98.01465606689453,91.40921783447266,256.2936706542969
2023-11-07,141.69126892089844,27.574533462524414,97.69527435302734,91.2167739868164,254.6779022216797
2023-11-08,141.1748504638672,27.195110321044922,98.0710220336914,91.1590347290039,256.6976013183594
2023-11-09,138.42364501953125,26.542282104492188,96.1734848022461,90.0140151977539,248.05519104003906
2023-11-10,138.2640380859375,26.363426208496094,95.24349975585938,90.41813659667969,251.10816955566406
2023-11-13,138.620849609375,25.916284561157227,96.25802612304688,92.16934967041016,250.52584838867188
2023-11-14,138.64898681640625,26.166685104370117,95.97620391845703,93.41059112548828,253.65396118164062
2023-11-15,139.71942138671875,26.998367309570312,95.20591735839844,94.29581451416016,256.4815368652344
2023-11-16,140.94009399414062,26.62276840209961,95.80712890625,96.47039031982422,254.6826934814453
2023-11-17,140.6490020751953,26.75691032409668,95.58168029785156,95.78722381591797,251.26483154296875
2023-11-20,141.888916015625,26.810565948486328,96.45529174804688,97.37486267089844,251.22694396972656
2023-11-21,143.03416442871094,27.096736907958984,96.0137939453125,98.05803680419922,248.8316192626953
2023-11-22,142.750244140625,27.1146240234375,95.51592254638672,98.81816101074219,250.5073699951172
2023-11-24,144.34034729003906,27.275592803955078,95.69440460205078,98.98174285888672,251.3311004638672
2023-11-27,143.18563842773438,26.953651428222656,95.28108215332031,98.82779693603516,250.2044219970703
2023-11-28,143.5168914794922,26.551225662231445,94.10684967041016,98.20236206054688,251.38787841796875
2023-11-29,143.97120666503906,26.899995803833008,94.999267578125,99.7130126953125,252.41041564941406
2023-11-30,146.38475036621094,27.24876594543457,96.26741790771484,100.34806823730469,255.2886199951172
2023-12-01,149.90573120117188,25.85368537902832,97.1880111694336,100.91575622558594,257.9490661621094
2023-12-04,150.37896728515625,26.1845703125,98.69100952148438,101.21404266357422,258.0343017578125
2023-12-05,150.06661987304688,26.014657974243164,99.79010009765625,100.40579223632812,256.453125
2023-12-06,148.23988342285156,25.74637222290039,99.22644805908203,100.97350311279297,255.01405334472656
2023-12-07,147.0851593017578,25.60328483581543,97.5825424194336,100.11713409423828,256.8697204589844
2023-12-08,146.15760803222656,25.737428665161133,97.4604263305664,100.55974578857422,254.79627990722656
2023-12-11,146.7633514404297,25.612228393554688,98.0428466796875,102.20511627197266,257.65557861328125
2023-12-12,146.7728271484375,25.55857276916504,98.033447265625,102.64772033691406,259.4071044921875
2023-12-13,147.4542999267578,23.841550827026367,100.61673736572266,103.1961898803711,266.6309814453125
2023-12-14,148.4765167236328,23.36758041381836,100.18150329589844,104.49516296386719,261.613037109375
2023-12-15,146.85801696777344,23.814722061157227,99.45293426513672,103.23467254638672,260.78936767578125
2023-12-18,147.123046875,24.199262619018555,100.33287048339844,103.97557067871094,260.81781005859375
2023-12-19,148.08847045898438,25.18297576904297,100.7586669921875,104.32195281982422,263.6202087402344
2023-12-20,145.0691680908203,24.70900535583496,99.68948364257812,103.34053039550781,260.5337219238281
2023-12-21,146.55516052246094,25.317113876342773,100.66405487060547,104.37969207763672,264.4628601074219
2023-12-22,147.1419677734375,25.39760398864746,101.9035415649414,104.9089126586914,269.0357971191406
2023-12-26,147.7855682373047,25.406543731689453,101.8373031616211,105.10134887695312,268.7896423339844
2023-12-27,147.98434448242188,25.58540153503418,102.16847229003906,105.64016723632812,271.2796630859375
2023-12-28,148.20204162597656,25.74637222290039,102.91594696044922,106.22712707519531,273.10693359375
2023-12-29,148.3534698486328,25.74637222290039,103.15249633789062,105.90959167480469,272.6903381347656
2024-01-02,151.41064453125,26.586994171142578,107.14537048339844,105.69791412353516,281.5616455078125
2024-01-03,152.35714721679688,26.586994171142578,108.59302520751953,105.38038635253906,284.68597412109375
2024-01-04,152.03533935546875,26.014657974243164,110.71247100830078,106.78520965576172,287.03399658203125
2024-01-05,152.50857543945312,26.35448455810547,110.91117095947266,106.61199951171875,286.873046875
2024-01-08,152.88719177246094,26.452852249145508,111.06256103515625,108.15152740478516,294.3336181640625
2024-01-09,152.9818115234375,26.291881561279297,112.0560531616211,108.46905517578125,290.9063415527344
2024-01-10,153.208984375,25.925230026245117,112.46290588378906,110.07594299316406,288.3594970703125
2024-01-11,152.5275115966797,25.39760398864746,112.0560531616211,109.73753356933594,286.96771240234375
2024-01-12,153.70115661621094,25.6658878326416,112.24529266357422,110.14361572265625,290.19622802734375
2024-01-16,151.93121337890625,25.32605743408203,112.1128158569336,109.98892211914062,287.3275146484375
2024-01-17,151.8460235595703,25.174030303955078,111.77217864990234,110.15328216552734,287.8955383300781
2024-01-18,152.5843048095703,25.12037467956543,112.1601333618164,110.24030303955078,288.2837219238281
2024-01-19,153.02914428710938,25.2902889251709,112.49128723144531,110.8880844116211,291.42706298828125
2024-01-22,153.77687072753906,25.317113876342773,113.00222778320312,110.4046630859375,293.6519775390625
2024-01-23,151.2592010498047,25.4244327545166,113.3901596069336,110.22095489501953,293.4152526855469
2024-01-24,150.45469665527344,25.33500099182129,112.48182678222656,107.09803771972656,289.2400207519531
2024-01-25,151.0225830078125,24.93559455871582,113.66455078125,108.72234344482422,293.7466735839844
2024-01-26,150.96580505371094,24.93559455871582,114.31742095947266,108.29692077636719,295.17626953125
2024-01-29,150.83328247070312,24.944673538208008,114.7526626586914,109.68919372558594,296.76690673828125
2024-01-30,150.27487182617188,24.52711296081543,115.11222076416016,109.71820068359375,297.8745422363281
2024-01-31,150.39791870117188,24.58157730102539,114.27957153320312,109.39913940429688,297.53375244140625
2024-02-01,149.8867645263672,24.77220344543457,119.57817840576172,110.69470977783203,307.2855224609375
2024-02-02,148.23040771484375,24.445417404174805,119.60655975341797,108.39360809326172,305.9884338378906
2024-02-05,147.4637908935547,24.11863136291504,119.3889389038086,107.94886779785156,304.8333435058594
2024-02-06,149.60284423828125,24.962827682495117,120.05126190185547,110.22095489501953,299.2474365234375
2024-02-07,149.52713012695312,25.017292022705078,120.60951232910156,109.5538330078125,280.1225280761719
2024-02-08,148.0316619873047,25.026369094848633,119.7957992553711,108.70301055908203,279.15679931640625
2024-02-09,148.37242126464844,25.017292022705078,118.69822692871094,108.10355377197266,275.6253662109375
2024-02-12,149.40406799316406,25.108068466186523,118.59415435791016,108.7996826171875,278.7591552734375
2024-02-13,148.09791564941406,24.481725692749023,118.67930603027344,107.64913940429688,275.0194091796875
2024-02-14,147.406982421875,24.60881233215332,119.0483169555664,108.34526062011719,274.6312561035156
2024-02-15,149.4703369140625,24.971906661987305,119.72956848144531,109.87289428710938,275.823974609375
2024-02-16,149.29867553710938,25.071758270263672,120.91229248046875,110.23062896728516,270.7000427246094
2024-02-20,150.54798889160156,25.044525146484375,120.514892578125,112.77344512939453,270.5187683105469
2024-02-21,151.3300018310547,25.117145538330078,121.22451782226562,113.96267700195312,270.47100830078125
2024-02-22,153.0180206298828,25.008214950561523,122.30317687988281,115.07453918457031,272.1122131347656
2024-02-23,154.34364318847656,25.198841094970703,122.48294067382812,115.49996185302734,275.92889404296875
2024-02-26,153.34226989746094,24.672353744506836,121.90577697753906,114.7554931640625,273.2476806640625
2024-02-27,153.52349853515625,24.409109115600586,122.0855484008789,115.44196319580078,265.7287902832031
2024-02-28,154.0670928955078,24.545270919799805,121.29076385498047,116.0704116821289,264.7459716796875
2024-02-29,153.9049530029297,24.109554290771484,120.30673217773438,114.70714569091797,261.2823181152344
2024-03-01,154.6106719970703,24.136789321899414,120.12696075439453,114.68781280517578,267.4844665527344
2024-03-04,152.436279296875,23.501367568969727,117.37357330322266,116.06073760986328,266.5875549316406
2024-03-05,152.5602569580078,23.673839569091797,116.21923065185547,114.55244445800781,263.9730529785156
2024-03-06,151.95944213867188,24.681428909301758,117.0897216796875,115.3839340209961,263.91583251953125
2024-03-07,151.51121520996094,24.318334579467773,117.31681060791016,116.91156005859375,260.3567810058594
2024-03-08,152.131103515625,24.708662033081055,116.85318756103516,116.95023345947266,261.2059631347656
2024-03-11,153.7618865966797,25.7525634765625,116.16246795654297,116.20577239990234,262.7422180175781
2024-03-12,155.2019500732422,25.4257755279541,116.05840301513672,116.75686645507812,263.8681640625
2024-03-13,153.63792419433594,25.61640167236328,115.58529663085938,116.1767578125,263.34332275390625
2024-03-14,151.83547973632812,25.534704208374023,114.74737548828125,114.91018676757812,259.0972595214844
2024-03-15,150.85316467285156,25.36223602294922,115.7090835571289,111.66156768798828,256.5495910644531
2024-03-18,149.4989471435547,25.16253089904785,115.6329116821289,108.71268463134766,258.4866027832031
2024-03-19,148.9744415283203,25.080835342407227,116.35655975341797,109.40880584716797,259.2785339355469
2024-03-20,148.54525756835938,25.144376754760742,117.92766571044922,107.80384063720703,260.5380859375
2024-03-21,148.5357208251953,25.108068466186523,117.70867156982422,107.8134994506836,264.2593688964844
2024-03-22,148.03981018066406,24.83574676513672,117.92766571044922,106.90467071533203,263.5151062011719
2024-03-25,148.03028869628906,24.899288177490234,119.31784057617188,106.36322784423828,267.9519958496094
2024-03-26,148.5548095703125,25.044525146484375,119.51779174804688,107.80384063720703,268.85845947265625
2024-03-27,150.6433563232422,25.216997146606445,125.44988250732422,109.71820068359375,273.18084716796875
2024-03-28,150.86270141601562,25.189762115478516,125.64035034179688,109.89224243164062,271.2916564941406
2024-04-01,150.47171020507812,25.16253089904785,124.72623443603516,108.37427520751953,270.0703125
2024-04-02,150.42401123046875,25.008214950561523,124.1168441772461,108.30658721923828,263.5531921386719
2024-04-03,147.11474609375,24.708662033081055,123.68836212158203,107.59112548828125,261.84527587890625
2024-04-04,145.436279296875,24.19124984741211,121.55547332763672,106.45989990234375,255.8053741455078
2024-04-05,145.3313751220703,24.200326919555664,121.86968994140625,107.5137710571289,257.580078125
2024-04-08,144.56842041015625,24.127710342407227,120.50807189941406,106.85631561279297,256.8644714355469
2024-04-09,145.23599243164062,24.30925750732422,120.6509017944336,108.71268463134766,257.9712829589844
2024-04-10,143.2427978515625,23.89169692993164,120.6889877319336,107.48477935791016,254.2405242919922
2024-04-11,141.89810180664062,23.90985107421875,120.11768341064453,107.75550079345703,257.6278381347656
2024-04-12,140.6869659423828,23.474138259887695,119.72727966308594,106.01624298095703,255.03244018554688
2024-04-15,140.75369262695312,23.51952362060547,120.15576934814453,105.802490234375,253.34356689453125
2024-04-16,137.75914001464844,23.319822311401367,119.07978820800781,106.11341094970703,253.46762084960938
2024-04-17,138.06431579589844,23.07473373413086,119.3749771118164,102.89726257324219,251.96954345703125
2024-04-18,138.98941040039062,23.047500610351562,119.24166870117188,102.28512573242188,250.71005249023438
2024-04-19,141.0588836669922,23.60122299194336,119.76536560058594,104.23814392089844,256.6068115234375
2024-04-22,142.2128143310547,23.837234497070312,120.86990356445312,104.03410339355469,259.4502868652344
2024-04-23,142.6324462890625,23.89169692993164,120.8127670288086,104.53935241699219,261.0055847167969
2024-04-24,141.65013122558594,23.846309661865234,120.92704010009766,103.85919952392578,260.4999084472656
2024-04-25,140.01937866210938,22.929492950439453,124.46914672851562,103.83004760742188,257.0362243652344
2024-04-26,139.370849609375,23.05657386779785,124.92619323730469,104.48104858398438,257.6087646484375
2024-04-29,140.01937866210938,23.274433135986328,123.8978271484375,104.22842407226562,263.7154846191406
2024-04-30,137.8926544189453,23.25628089904785,123.04087829589844,102.96528625488281,261.3872985839844
2024-05-01,144.17739868164062,24.672353744506836,122.6409683227539,103.27621459960938,264.66009521484375
2024-05-02,142.97576904296875,25.144376754760742,122.12677001953125,102.91670227050781,265.6333923339844
2024-05-03,142.3558807373047,25.244226455688477,121.41265106201172,102.89726257324219,297.0257873535156
2024-05-06,141.69784545898438,25.561939239501953,121.46977996826172,102.64463806152344,285.7569580078125
2024-05-07,141.83135986328125,25.207918167114258,124.14540100097656,103.15961456298828,286.53936767578125
2024-05-08,142.0507049560547,25.661788940429688,123.3551025390625,101.96448516845703,293.2281799316406
2024-05-09,142.90902709960938,25.965862274169922,124.00257873535156,101.70213317871094,298.5238037109375
2024-05-10,142.9662322998047,25.80921745300293,123.84069061279297,101.7701416015625,295.93798828125
2024-05-13,144.21554565429688,26.205432891845703,123.1075210571289,101.79930114746094,294.31591796875
2024-05-14,144.36814880371094,26.150144577026367,122.50765991210938,101.06086730957031,297.1402893066406
2024-05-15,145.598388671875,26.555572509765625,125.43083953857422,101.6244125366211,304.420654296875
2024-05-16,147.13381958007812,26.647716522216797,124.62150573730469,101.89646911621094,302.4314880371094
2024-05-17,147.4771270751953,26.38971710205078,124.91667175292969,101.13858795166016,300.2693176269531
2024-05-20,145.42938232421875,26.288362503051758,124.72623443603516,100.28353881835938,302.258544921875
2024-05-21,145.40054321289062,26.316001892089844,124.50724029541016,100.0406265258789,302.5564270019531
2024-05-22,147.5732879638672,27.274290084838867,124.83097839355469,101.84789276123047,297.32879638671875
2024-05-23,143.9199981689453,26.435789108276367,124.82144927978516,101.27462768554688,294.5324401855469
2024-05-24,141.29541015625,26.610858917236328,123.2979736328125,101.00254821777344,293.8981628417969
2024-05-28,138.80540466308594,26.076433181762695,120.06055450439453,99.05926513671875,288.46881103515625
2024-05-29,138.86309814453125,25.634143829345703,119.879638671875,97.87386322021484,284.7979736328125
2024-05-30,139.67066955566406,25.984289169311523,118.57514953613281,98.855224609375,289.2471923828125
2024-05-31,141.00698852539062,26.408145904541016,119.53685760498047,99.29246520996094,293.9078369140625
2024-06-03,142.03567504882812,27.0070743560791,122.27912902832031,99.95317840576172,295.41656494140625
2024-06-04,142.09335327148438,27.17293357849121,122.5552749633789,100.49730682373047,295.36846923828125
2024-06-05,140.33401489257812,27.22821807861328,123.25987243652344,100.30297088623047,295.3780822753906
2024-06-06,140.7666473388672,26.537145614624023,124.2787094116211,101.3134765625,293.7540588378906
2024-06-07,141.40115356445312,26.334430694580078,124.42153930664062,104.52962493896484,293.1102600097656
2024-06-10,141.44923400878906,25.864503860473633,125.20233154296875,104.44218444824219,292.8219299316406
2024-06-11,141.09352111816406,25.82764434814453,125.53558349609375,102.809814453125,288.95892333984375
2024-06-12,139.795654296875,25.486719131469727,123.97401428222656,101.42036437988281,289.32403564453125
2024-06-13,139.83409118652344,25.477502822875977,123.18370819091797,100.51673126220703,286.8448181152344
2024-06-14,139.92062377929688,25.366931915283203,123.28843688964844,100.74020385742188,286.9600830078125
2024-06-17,140.3147735595703,24.860145568847656,122.12940979003906,100.51673126220703,291.4381408691406
2024-06-18,140.0263671875,25.25636100769043,122.5987777709961,101.04141998291016,294.0423583984375
2024-06-20,142.07412719726562,25.5604305267334,124.20799255371094,103.54827117919922,297.7900695800781
2024-06-21,143.0066680908203,25.5604305267334,125.21378326416016,102.72237396240234,296.1276550292969
2024-06-24,143.3623809814453,26.131717681884766,127.35943603515625,102.31428527832031,305.7275695800781
2024-06-25,141.5069122314453,25.790788650512695,127.32109832763672,102.4989013671875,306.8422546386719
2024-06-26,141.15121459960938,25.265575408935547,125.96092987060547,101.90618133544922,300.6056823730469
2024-06-27,140.1705780029297,25.61571502685547,124.35169982910156,101.68270874023438,301.44171142578125
2024-06-28,140.51669311523438,25.78157615661621,118.58527374267578,100.96369934082031,300.2501220703125
2024-07-01,140.78587341308594,26.002717971801758,122.51256561279297,100.2738265991211,298.8663635253906
2024-07-02,140.39169311523438,25.64335823059082,122.34014892578125,100.2738265991211,298.63568115234375
2024-07-03,140.0648193359375,25.523574829101562,120.54891967773438,99.42849731445312,297.29998779296875
2024-07-05,140.82432556152344,25.8460750579834,121.1236343383789,101.07057189941406,298.74139404296875
2024-07-08,139.8629150390625,25.735504150390625,120.48185729980469,99.22445678710938,299.29876708984375
2024-07-09,141.37232971191406,25.542003631591797,120.73091125488281,98.758056640625,303.5750427246094
2024-07-10,143.66041564941406,26.12250328063965,121.9378433227539,100.1280746459961,309.1101379394531
2024-07-11,143.9199981689453,26.408145904541016,123.53749084472656,101.22603607177734,312.3965759277344
2024-07-12,144.09304809570312,26.647716522216797,122.37846374511719,101.26490783691406,317.9124450683594
2024-07-15,143.47775268554688,26.813573837280273,122.7232894897461,100.57137298583984,317.2590026855469
2024-07-16,145.17942810058594,27.182146072387695,120.15618896484375,100.3369369506836,320.1322937011719
2024-07-17,150.53436279296875,27.67050552368164,120.58722686767578,102.25146484375,322.5635070800781
2024-07-18,149.4191436767578,27.375646591186523,119.01631164550781,97.74842071533203,318.0469970703125
2024-07-19,148.71734619140625,27.615217208862305,120.47228240966797,99.66294860839844,318.3545227050781
2024-07-22,148.2847137451172,27.274290084838867,120.39564514160156,101.31373596191406,322.8517761230469
2024-07-23,146.46768188476562,27.182146072387695,119.14083099365234,101.50910186767578,320.2283630371094
2024-07-24,150.24594116210938,27.624431610107422,120.615966796875,104.77161407470703,322.5057678222656
2024-07-25,153.47622680664062,27.808717727661133,120.54891967773438,103.50177764892578,321.2469482421875
2024-07-26,154.43759155273438,28.75249671936035,119.98377227783203,102.7984848022461,321.7754821777344
2024-07-29,152.43789672851562,28.70577049255371,122.39761352539062,102.33938598632812,319.5268859863281
2024-07-30,155.10096740722656,29.33184242248535,110.3954086303711,102.8766098022461,320.26678466796875
2024-07-31,151.7553253173828,28.537574768066406,108.36470031738281,103.48223114013672,319.4884033203125
2024-08-01,154.55294799804688,28.640361785888672,109.02564239501953,107.59457397460938,322.428955078125
2024-08-02,157.80245971679688,28.43478775024414,110.3475112915039,108.72765350341797,320.9490661621094
2024-08-05,155.0240478515625,27.790029525756836,107.5792465209961,106.10981750488281,312.521484375
2024-08-06,152.8320770263672,27.397567749023438,106.4681167602539,106.95964050292969,316.1058654785156
2024-08-07,152.76480102539062,26.958385467529297,107.75167083740234,107.38943481445312,300.29815673828125
2024-08-08,154.03382873535156,26.874286651611328,109.12142944335938,107.213623046875,312.01220703125
2024-08-09,154.41836547851562,26.67805290222168,109.72489929199219,106.18797302246094,309.8981018066406
2024-08-12,153.70693969726562,26.584611892700195,108.6999740600586,105.29910278320312,307.5053405761719
2024-08-13,152.2744903564453,26.958385467529297,109.5716323852539,105.72887420654297,310.8206481933594
2024-08-14,152.3610076904297,26.98641586303711,108.79574584960938,107.3405990600586,310.12872314453125
2024-08-15,152.9474334716797,26.82756233215332,108.53711700439453,108.36624145507812,312.68487548828125
2024-08-16,153.23585510253906,26.444446563720703,108.88196563720703,108.42484283447266,311.0398864746094
2024-08-19,153.4666290283203,26.91166114807129,109.6003646850586,109.30396270751953,317.35858154296875
2024-08-20,153.97613525390625,27.005104064941406,110.2900390625,108.20018005371094,317.9197998046875
2024-08-21,155.1970977783203,27.126583099365234,111.1425552368164,108.80579376220703,318.50042724609375
2024-08-22,156.08157348632812,26.892972946166992,111.64065551757812,109.49932098388672,314.0299072265625
2024-08-23,157.79286193847656,27.005104064941406,111.68854522705078,110.07563018798828,318.1617126464844
2024-08-26,158.25430297851562,27.023794174194336,111.37244415283203,110.08541107177734,316.20709228515625
2024-08-27,157.84747314453125,26.93035125732422,111.59275817871094,110.47612762451172,316.35223388671875
2024-08-28,158.787109375,26.864940643310547,112.45484924316406,110.28076934814453,318.8293762207031
2024-08-29,159.08737182617188,26.83690643310547,112.51232147216797,110.1440200805664,320.3002624511719
2024-08-30,160.66635131835938,27.107892990112305,113.46061706542969,110.64217376708984,323.02899169921875
2024-09-03,161.92564392089844,26.444446563720703,111.66938781738281,111.99994659423828,319.8164367675781
2024-09-04,162.119384765625,26.528545379638672,110.92224884033203,111.7459716796875,319.9422302246094
2024-09-05,159.82359313964844,26.640674591064453,113.59471130371094,110.47612762451172,313.8653869628906
2024-09-06,159.2327117919922,26.68739891052246,112.87631225585938,111.218505859375,310.1883544921875
2024-09-09,161.3928680419922,27.48166847229004,110.54866790771484,113.72887420654297,315.37493896484375
2024-09-10,162.1387481689453,27.790029525756836,110.47203826904297,114.39309692382812,318.2875061035156
2024-09-11,159.65890502929688,27.715272903442383,109.87815856933594,113.89493560791016,319.3035583496094
2024-09-12,159.4845428466797,27.248058319091797,110.3954086303711,114.11959838867188,319.3809814453125
2024-09-13,160.33700561523438,27.350847244262695,110.97970581054688,113.69956970214844,321.69366455078125
2024-09-16,161.76097106933594,28.098392486572266,113.7472152709961,114.90103149414062,324.4127197265625
2024-09-17,161.83847045898438,27.874126434326172,114.06543731689453,115.3894271850586,322.03228759765625
2024-09-18,160.94725036621094,27.799373626708984,114.40293884277344,112.21483612060547,322.1484680175781
2024-09-19,159.65890502929688,27.715272903442383,113.04329681396484,111.50177001953125,325.0804138183594
2024-09-20,159.01959228515625,27.491010665893555,112.98543548583984,111.06219482421875,326.4641418457031
2024-09-23,158.1090087890625,27.388221740722656,111.50043487548828,112.14645385742188,324.7513732910156
2024-09-24,157.68280029296875,27.565763473510742,110.85435485839844,110.71055603027344,320.2131652832031
2024-09-25,155.57107543945312,27.033138275146484,110.63257598876953,109.99748992919922,302.7374572753906
2024-09-26,156.33631896972656,27.07051658630371,109.05113983154297,110.11471557617188,308.7756042480469
2024-09-27,156.34597778320312,27.182645797729492,109.62971496582031,109.82167053222656,312.2301025390625
2024-09-30,156.98533630371094,27.042482376098633,109.50435638427734,111.36502075195312,311.7849426269531
2024-10-01,156.9175262451172,26.790185928344727,110.6422119140625,110.92545318603516,309.95611572265625
2024-10-02,156.12319946289062,26.734119415283203,108.07722473144531,111.00360107421875,309.3852233886719
2024-10-03,155.4741973876953,26.481822967529297,106.24507141113281,109.6263198852539,307.2080078125
2024-10-04,155.270751953125,26.706087112426758,105.8497085571289,110.02679443359375,309.31744384765625
2024-10-07,154.53456115722656,27.28543472290039,104.71185302734375,110.73008728027344,307.1789855957031
2024-10-08,154.6895294189453,27.266746520996094,104.64435577392578,111.97062683105469,307.4015197753906
2024-10-09,155.61949157714844,28.210525512695312,106.33185577392578,113.26000213623047,311.978515625
2024-10-10,155.48385620117188,27.416255950927734,105.49292755126953,112.93767547607422,310.6238098144531
2024-10-11,156.4041290283203,27.248058319091797,105.81114959716797,113.42606353759766,317.7262878417969
2024-10-14,156.5397491455078,27.173303604125977,105.77257537841797,114.52984619140625,314.116943359375
2024-10-15,158.96145629882812,27.50969886779785,107.5468521118164,113.8919448852539,314.57177734375
2024-10-16,159.1358184814453,27.724618911743164,106.47649383544922,115.6290283203125,311.2237243652344
2024-10-17,159.3198699951172,27.350847244262695,105.83042907714844,115.69772338867188,310.93341064453125
2024-10-18,159.94952392578125,27.304121017456055,104.81793212890625,117.1698226928711,311.2527770996094
2024-10-21,157.73123168945312,27.033138275146484,102.54220581054688,114.81444549560547,306.4919128417969
2024-10-22,158.33180236816406,26.949039459228516,102.83149719238281,113.96063995361328,309.31744384765625
2024-10-23,160.66635131835938,26.967729568481445,102.5807876586914,114.83409118652344,304.7114562988281
2024-10-24,158.544921875,26.76215171813965,102.09864044189453,114.37281799316406,305.4759216308594
2024-10-25,155.84228515625,26.584611892700195,100.2665023803711,112.0959701538086,306.7241516113281
2024-10-28,156.5397491455078,26.967729568481445,100.50756072998047,111.9487533569336,306.9080505371094
2024-10-29,155.0770263671875,26.59395408630371,100.02542877197266,111.29121398925781,305.77587890625
2024-10-30,155.58074951171875,26.6500244140625,101.08614349365234,112.32168579101562,305.3307800292969
2024-10-31,154.85423278808594,26.444446563720703,98.66577911376953,111.26177215576172,309.80126953125
2024-11-01,155.11578369140625,26.248214721679688,98.24148559570312,116.39451599121094,308.8916931152344
2024-11-04,153.28497314453125,25.939851760864258,98.23185729980469,115.4621810913086,306.65643310546875
2024-11-05,153.39151000976562,26.15477180480957,98.01970672607422,115.54069519042969,308.95947265625
2024-11-06,152.93624877929688,25.56608009338379,97.132568359375,114.62798309326172,311.3785705566406
2024-11-07,151.82223510742188,25.659523010253906,97.55685424804688,113.15589141845703,311.4946594238281
2024-11-08,150.60169982910156,25.355857849121094,99.24435424804688,114.42189025878906,314.755615234375
2024-11-11,150.18515014648438,24.900365829467773,97.132568359375,114.62798309326172,311.39788818359375
2024-11-12,147.8603057861328,24.85291862487793,95.0593490600586,114.27468872070312,289.17108154296875
2024-11-13,148.4415283203125,25.355857849121094,94.98221588134766,113.58769989013672,291.6869812011719
2024-11-14,147.1144256591797,24.691598892211914,94.84720611572266,112.89089965820312,286.3552551269531
2024-11-15,149.177734375,23.53388023376465,92.87041473388672,113.7447280883789,274.433837890625
2024-11-18,149.92359924316406,23.5908203125,93.11148834228516,115.17758178710938,271.89788818359375
2024-11-19,148.2090301513672,23.818565368652344,93.09220886230469,114.95185089111328,273.05859375
2024-11-20,148.3155975341797,23.666732788085938,93.96006774902344,113.774169921875,280.7835998535156
2024-11-21,150.63075256347656,23.847034454345703,96.29363250732422,115.07943725585938,282.7636413574219
2024-11-22,150.3110809326172,24.340486526489258,95.63792419433594,115.57014465332031,287.2796630859375
2024-11-25,150.9019775390625,24.833938598632812,97.54721069335938,115.9332504272461,286.7626953125
2024-11-26,150.8824462890625,24.454360961914062,97.99078369140625,115.76641845703125,273.1170959472656
2024-11-27,151.7417449951172,24.511295318603516,99.43721008300781,116.73799896240234,273.1756286621094
2024-11-29,151.36090087890625,24.87189483642578,98.01006317138672,116.56135559082031,275.90667724609375
2024-12-02,151.15586853027344,24.501806259155273,97.01685333251953,114.63780975341797,271.25408935546875
2024-12-03,148.7733154296875,24.255081176757812,98.21256256103516,114.1274642944336,271.46868896484375
2024-12-04,146.92779541015625,23.941926956176758,97.74971008300781,113.81342315673828,271.4101867675781
2024-12-05,146.00018310546875,24.3879337310791,99.85185241699219,113.44047546386719,267.576904296875
2024-12-06,145.79510498046875,24.416400909423828,99.40827941894531,113.45030975341797,265.8699645996094
2024-12-09,146.0782928466797,24.76751136779785,100.08328247070312,112.7633285522461,270.7956848144531
2024-12-10,145.71697998046875,24.264570236206055,97.3929214477539,113.35216522216797,268.96197509765625
2024-12-11,143.18795776367188,23.941926956176758,96.18756103515625,112.01744079589844,266.6795654296875
2024-12-12,142.79739379882812,24.07478141784668,97.63399505615234,111.74266052246094,267.31353759765625
2024-12-13,143.16842651367188,24.27406120300293,98.35720825195312,111.2715835571289,263.9582214355469
2024-12-16,140.46363830566406,23.960906982421875,97.25884246826172,110.52572631835938,259.9396667480469
2024-12-17,142.96337890625,25.080663681030273,97.25884246826172,111.18326568603516,259.4032287597656
2024-12-18,141.3424530029297,24.568233489990234,95.58699035644531,109.84854888916016,252.40969848632812
2024-12-19,140.1999969482422,24.454360961914062,96.73395538330078,110.32942962646484,254.76039123535156
2024-12-20,141.0690460205078,25.014240264892578,95.30511474609375,112.10578155517578,256.8964538574219
2024-12-23,141.8502197265625,25.34636878967285,96.58816528320312,112.18428802490234,257.501220703125
2024-12-24,142.41656494140625,25.37483787536621,96.6659164428711,112.62592315673828,257.9791259765625
2024-12-26,142.1529083251953,25.204025268554688,97.07416534423828,113.12643432617188,256.70135498046875
2024-12-27,141.63539123535156,25.26096534729004,96.90892028808594,112.85164642333984,256.1844177246094
2024-12-30,139.96563720703125,25.07117462158203,95.61615753173828,110.70237731933594,252.91688537597656
2024-12-31,141.21551513671875,25.175559997558594,96.69508361816406,111.00660705566406,254.22393798828125
2025-01-02,140.629638671875,25.251476287841797,96.39376068115234,111.33047485351562,252.89739990234375
2025-01-03,140.79563903808594,25.23249626159668,96.36460876464844,111.71321868896484,254.78964233398438
2025-01-06,140.27810668945312,25.517179489135742,96.92835998535156,110.93791198730469,252.22439575195312
2025-01-07,142.78761291503906,25.74492645263672,98.19196319580078,111.29121398925781,255.60897827148438
2025-01-08,138.92083740234375,25.488712310791016,97.05471801757812,112.12541198730469,257.7060546875
2025-01-10,138.7157745361328,25.355857849121094,96.47152709960938,110.22148895263672,255.77481079101562
2025-01-13,141.0690460205078,25.431774139404297,98.15309143066406,111.08513641357422,263.538818359375
2025-01-14,141.3424530029297,25.06168556213379,96.86032104492188,110.91828155517578,260.52490234375
2025-01-15,141.55726623535156,24.881383895874023,97.28800201416016,109.60616302490234,262.3196105957031
2025-01-16,144.29135131835938,25.137601852416992,97.88092803955078,112.37837982177734,262.7975158691406
2025-01-17,143.56878662109375,24.95730209350586,95.17874908447266,111.95416259765625,265.41156005859375
2025-01-21,144.66241455078125,25.279943466186523,93.54578399658203,115.21965789794922,268.0451354980469
2025-01-22,141.8502197265625,24.68210792541504,93.00146484375,116.19633483886719,266.70880126953125
2025-01-23,143.18795776367188,25.090152740478516,93.92486572265625,121.56320190429688,271.0395202636719
2025-01-24,143.36373901367188,25.167325973510742,92.87510681152344,123.34886169433594,268.6401062011719
2025-01-27,149.2908172607422,25.910093307495117,95.19819641113281,127.68968963623047,275.9847106933594
2025-01-28,146.83993530273438,25.803985595703125,94.72190856933594,125.67713165283203,273.3999328613281
2025-01-29,147.591796875,25.6785831451416,95.52867126464844,126.14080810546875,274.7459716796875
2025-01-30,149.27130126953125,25.95832633972168,96.17991638183594,127.07803344726562,277.0283508300781
2025-01-31,148.56825256347656,25.58211898803711,96.05355834960938,126.20987701416016,278.3939514160156
2025-02-03,148.2948455810547,25.273435592651367,96.99639892578125,126.7228775024414,281.75897216796875
2025-02-04,149.876708984375,24.955106735229492,88.19975280761719,127.36414337158203,281.9053039550781
2025-02-05,151.0484619140625,25.504947662353516,87.15970611572266,130.28433227539062,300.2327575683594
2025-02-06,149.896240234375,24.916519165039062,85.58506774902344,126.4959716796875,290.4496765136719
2025-02-07,149.51539611816406,24.829702377319336,84.83661651611328,127.33455657958984,286.31402587890625
2025-02-10,150.6090545654297,24.955106735229492,83.98125457763672,129.54441833496094,287.53326416015625
2025-02-11,152.45455932617188,24.62713050842285,84.1173324584961,129.6726837158203,289.35723876953125
2025-02-12,151.6050262451172,24.569250106811523,83.27169036865234,128.73545837402344,287.7966003417969
2025-02-13,153.54820251464844,24.733238220214844,82.05668640136719,130.01795959472656,289.6595764160156
2025-02-14,152.4740753173828,24.62713050842285,80.6861572265625,128.8538360595703,286.2869873046875
2025-02-18,152.55282592773438,24.656068801879883,80.95832061767578,128.4296112060547,287.8995361328125
2025-02-19,155.4072265625,24.974397659301758,83.20365142822266,130.35340881347656,289.34490966796875
2025-02-20,157.1690673828125,24.984045028686523,85.22541809082031,131.37940979003906,292.94366455078125
2025-02-21,159.7478790283203,25.369897842407227,86.99446868896484,133.10586547851562,297.9386901855469
2025-02-24,161.1652374267578,25.707521438598633,88.71491241455078,133.13548278808594,304.5363464355469
2025-02-25,163.478271484375,25.794336318969727,88.87043762207031,133.99378967285156,310.3474426269531
2025-02-26,160.515625,25.485654830932617,86.8778305053711,134.1319122314453,301.25225830078125
2025-02-27,161.1553955078125,25.176971435546875,88.04423522949219,134.04310607910156,300.70166015625
2025-02-28,162.42510986328125,25.49530029296875,89.66748046875,136.15432739257812,302.9041442871094
2025-03-03,164.64956665039062,25.321666717529297,90.54228973388672,138.33462524414062,305.57861328125
2025-03-04,162.81881713867188,24.8393497467041,89.96880340576172,135.73013305664062,306.96502685546875
2025-03-05,162.52352905273438,25.02263069152832,90.58116912841797,135.85838317871094,311.271728515625
2025-03-06,163.2223663330078,25.31201934814453,91.36849212646484,133.26373291015625,312.50079345703125
2025-03-07,164.06884765625,25.784690856933594,92.00029754638672,135.2960205078125,319.4229431152344
2025-03-10,165.06295776367188,25.697874069213867,92.5640640258789,135.51307678222656,321.8811340332031
2025-03-11,163.25189208984375,25.070859909057617,92.07805633544922,130.8762664794922,313.5528869628906
2025-03-12,160.2892303466797,24.800764083862305,90.73668670654297,128.52825927734375,307.26983642578125
2025-03-13,160.42703247070312,24.69465446472168,92.0586166381836,128.14352416992188,307.4075012207031
2025-03-14,160.24984741210938,24.810409545898438,91.92254638671875,125.00627136230469,308.4595642089844
2025-03-17,160.27938842773438,25.128738403320312,92.9323501586914,125.92376708984375,311.8616943359375
2025-03-18,161.66722106933594,25.379545211791992,92.86372375488281,124.6017837524414,313.3169250488281
2025-03-19,160.42703247070312,25.2830810546875,92.17743682861328,125.70672607421875,310.4654235839844
2025-03-20,160.45655822753906,25.263790130615234,92.87352752685547,125.07532501220703,309.767333984375
2025-03-21,161.0569610595703,25.350605010986328,91.2852783203125,124.64124298095703,310.7506103515625
2025-03-24,160.72230529785156,25.21555519104004,90.50094604492188,125.49954986572266,309.1183776855469
2025-03-25,158.48800659179688,24.646421432495117,86.14796447753906,123.91119384765625,301.7242126464844
2025-03-26,159.17698669433594,24.318445205688477,86.38326263427734,124.9076156616211,300.5934753417969
2025-03-27,160.56483459472656,24.125520706176758,85.88325500488281,129.58389282226562,300.6524658203125
2025-03-28,161.13571166992188,24.318445205688477,87.48131561279297,129.06101989746094,301.812744140625
2025-03-31,163.23220825195312,24.443849563598633,88.00092315673828,130.86639404296875,306.3357238769531
2025-04-01,150.84019470214844,23.672142028808594,85.41266632080078,129.9193115234375,301.78326416015625
2025-04-02,152.91700744628906,23.82648468017578,84.90284729003906,130.1560821533203,300.5836486816406
2025-04-03,157.306884765625,23.43098258972168,84.69696807861328,129.86013793945312,304.6641845703125
2025-04-04,150.83035278320312,22.157663345336914,79.8733901977539,122.76679992675781,289.46295166015625
2025-04-07,148.2515411376953,21.829687118530273,79.58907318115234,123.18114471435547,284.84161376953125
2025-04-08,147.64129638671875,21.067626953125,77.40277099609375,122.28338623046875,275.5694274902344
2025-04-09,148.59603881835938,21.694639205932617,80.30477142333984,125.33184051513672,286.2181701660156
2025-04-10,146.35189819335938,20.82646942138672,76.03021240234375,122.82598876953125,276.7001647949219
2025-04-11,149.34408569335938,21.135150909423828,77.62826538085938,125.17398071289062,281.1936950683594
2025-04-14,151.93272399902344,21.337724685668945,77.61846160888672,126.23946380615234,289.0008239746094
2025-04-15,151.20437622070312,21.646408081054688,76.85375213623047,125.09967803955078,290.3576965332031
2025-04-16,151.48980712890625,21.260555267333984,74.9615707397461,128.5487823486328,277.90960693359375
2025-04-17,154.99383544921875,21.35701560974121,76.47138977050781,129.81741333007812,272.6491394042969
2025-04-21,154.4524688720703,21.260555267333984,76.32432556152344,128.7371063232422,269.09954833984375
2025-04-22,155.26942443847656,21.733224868774414,77.4223861694336,130.56076049804688,273.74053955078125
2025-04-23,152.9366912841797,21.598175048828125,77.19689178466797,128.68753051757812,273.2489318847656
2025-04-24,152.49375915527344,21.974384307861328,78.27532958984375,128.2316436767578,275.15643310546875
2025-04-25,152.14927673339844,22.109432220458984,81.11849975585938,127.70632934570312,276.13970947265625
2025-04-28,152.90716552734375,22.234834671020508,81.55968475341797,128.3802947998047,278.35205078125
2025-04-29,153.45835876464844,22.948665618896484,83.04988861083984,129.34169006347656,283.7304992675781
2025-04-30,153.85206604003906,23.54673957824707,83.53028106689453,129.58946228027344,286.051025390625
2025-05-01,152.0311737060547,23.083715438842773,81.62831115722656,129.7183074951172,279.0304870605469
2025-05-02,153.66505432128906,23.344165802001953,81.54988098144531,131.64111328125,276.5133361816406
2025-05-05,152.5626678466797,23.025836944580078,81.21653747558594,131.4230499267578,275.3727722167969
2025-05-06,152.04100036621094,22.070844650268555,77.49101257324219,131.87896728515625,265.9137878417969
2025-05-07,154.82650756835938,21.984031677246094,77.56944274902344,132.7610626220703,271.223388671875
2025-05-08,153.21229553222656,22.157663345336914,76.12825012207031,132.8106231689453,267.4967956542969
2025-05-09,151.79493713378906,21.902074813842773,74.4811782836914,132.057373046875,261.4104309082031
2025-05-12,151.7161865234375,22.698335647583008,78.85376739501953,130.81846618652344,270.1614990234375
2025-05-13,146.10581970214844,22.482067108154297,75.12823486328125,127.90455627441406,265.9236145019531
2025-05-14,144.05853271484375,21.646486282348633,72.03016662597656,127.41889953613281,257.8903503417969
2025-05-15,147.25741577148438,22.21664810180664,73.3341064453125,132.16639709472656,267.1428527832031
2025-05-16,148.95037841796875,22.442745208740234,74.56940460205078,133.603515625,270.2178955078125
2025-05-19,150.09214782714844,22.609861373901367,75.71648406982422,134.34686279296875,273.6302185058594
2025-05-20,151.24374389648438,23.121042251586914,76.44197845458984,133.99996948242188,272.7969970703125
2025-05-21,150.7712860107422,22.649185180664062,75.47138977050781,131.8690643310547,269.1565246582031
2025-05-22,150.2102508544922,22.649185180664062,76.31452178955078,130.3328094482422,269.7120056152344
2025-05-23,150.53506469726562,22.9244327545166,76.05962371826172,130.1345977783203,269.47393798828125
2025-05-27,152.13333129882812,23.209514617919922,76.06941986083984,131.76004028320312,277.2012634277344
2025-05-28,151.3192901611328,22.786808013916016,74.67725372314453,130.84820556640625,276.1596984863281
2025-05-29,152.46092224121094,23.052228927612305,74.90274810791016,131.67083740234375,281.25836181640625
2025-05-30,154.0790557861328,23.091550827026367,75.33412170410156,132.39434814453125,285.8609924316406
2025-06-02,154.2676544189453,23.062057495117188,74.75568389892578,132.3844451904297,286.148681640625
2025-06-03,153.2947998046875,22.95392608642578,75.62824249267578,132.523193359375,287.2398376464844
2025-06-04,152.10354614257812,22.99324607849121,76.73609924316406,131.7798614501953,284.700439453125
2025-06-05,152.54034423828125,22.727827072143555,76.09883880615234,132.75115966796875,284.7897033691406
2025-06-06,153.90036010742188,22.95392608642578,77.4223861694336,132.39434814453125,287.9936828613281
2025-06-09,154.09889221191406,23.56340789794922,77.77532958984375,132.2159423828125,287.6465148925781
2025-06-10,155.3100128173828,23.88780975341797,79.7557373046875,132.93946838378906,291.0687561035156
2025-06-11,154.12867736816406,24.064756393432617,78.74592590332031,134.07925415039062,289.4617919921875
2025-06-12,155.5184783935547,24.418651580810547,80.2165298461914,135.23886108398438,294.897705078125
2025-06-13,155.9552764892578,24.123741149902344,80.10868835449219,134.41622924804688,292.8443603515625
2025-06-16,154.08897399902344,23.986114501953125,80.16809844970703,132.82052612304688,293.1816101074219
2025-06-17,151.26966857910156,23.592899322509766,77.51431274414062,131.1058807373047,287.7159423828125
2025-06-18,149.63168334960938,23.474933624267578,78.51443481445312,131.2347412109375,287.2993469238281
2025-06-20,148.6985321044922,23.56340789794922,78.28668212890625,131.80958557128906,287.0017395019531
2025-06-23,150.21739196777344,23.622390747070312,79.37592315673828,132.07717895507812,270.2476806640625
2025-06-24,151.0810546875,23.897640228271484,79.53435516357422,136.85440063476562,275.25701904296875
2025-06-25,151.17039489746094,23.84848976135254,78.89070892333984,136.18043518066406,278.0940246582031
2025-06-26,150.90235900878906,23.828828811645508,78.05892944335938,132.48355102539062,276.8639831542969
2025-06-27,151.29945373535156,23.77967643737793,78.32628631591797,133.187255859375,274.8999328613281
2025-06-30,151.63697814941406,23.828828811645508,78.38570404052734,134.8027801513672,276.9631652832031
2025-07-01,154.78387451171875,24.615259170532227,81.00978088378906,135.05056762695312,288.1821594238281
2025-07-02,154.42649841308594,24.8905086517334,81.5841064453125,132.91964721679688,294.46124267578125
2025-07-03,154.8732147216797,24.94948959350586,80.13838958740234,133.24671936035156,295.84002685546875
2025-07-07,154.13861083984375,24.811864852905273,80.10868835449219,132.51327514648438,290.5926208496094
2025-07-08,154.65481567382812,25.185420989990234,80.57408905029297,132.17630004882812,294.6100158691406
2025-07-09,155.14125061035156,25.12643814086914,82.89119720458984,132.0375518798828,294.1338806152344
2025-07-10,156.5409698486328,25.34270668029785,83.19815826416016,132.41416931152344,297.9529113769531
2025-07-11,155.75672912597656,25.21491050720215,82.54462432861328,130.84820556640625,292.8939514160156
2025-07-14,155.6773223876953,24.920000076293945,82.8515853881836,130.8581085205078,294.6397705078125
2025-07-15,154.03933715820312,24.19255256652832,80.72261810302734,130.9078826904297,290.1561584472656
2025-07-16,163.57931518554688,24.19255256652832,81.62371826171875,131.1567840576172,296.61376953125
2025-07-17,161.79241943359375,24.163061141967773,80.72261810302734,119.97649383544922,295.8499755859375
2025-07-18,162.50717163085938,24.0549259185791,79.1778793334961,123.12250518798828,292.3880615234375
2025-07-21,163.16236877441406,23.84848976135254,78.53423309326172,123.86917877197266,293.4891052246094
2025-07-22,166.70635986328125,24.71356201171875,80.81173706054688,125.17338562011719,303.2301025390625
2025-07-23,167.8678436279297,24.92983055114746,83.15856170654297,125.27294158935547,306.731689453125
2025-07-24,168.32447814941406,24.920000076293945,83.28728485107422,125.08377838134766,306.06707763671875
2025-07-25,167.07366943359375,24.790000915527344,83.88141632080078,125.97979736328125,304.1129150390625
2025-07-28,165.00881958007812,24.309999465942383,83.2377700805664,125.79063415527344,298.8655090332031
2025-07-29,166.8850555419922,24.299999237060547,81.82176208496094,127.44328308105469,301.11724853515625
2025-07-30,166.04122924804688,23.809999465942383,80.95037078857422,127.98090362548828,298.9448547363281
2025-07-31,163.53961181640625,23.290000915527344,77.35588073730469,125.63134765625,292.7253112792969
2025-08-01,166.11073303222656,23.489999771118164,78.51443481445312,126.72647857666016,294.4909973144531
2025-08-04,169.79368591308594,23.530000686645508,79.078857421875,129.3547821044922,299.5102844238281
2025-08-05,169.4958953857422,24.75,79.99976348876953,130.11143493652344,297.66522216796875
2025-08-06,169.3469696044922,23.93000030517578,78.6629638671875,130.35035705566406,282.3792724609375
2025-08-07,170.28012084960938,24.229999542236328,79.58386993408203,131.47535705566406,282.4090270996094
2025-08-08,172.0670166015625,24.579999923706055,79.90074157714844,133.68553161621094,285.9106140136719
2025-08-11,172.55345153808594,24.579999923706055,79.2471923828125,130.77845764160156,282.7958679199219
2025-08-12,171.52101135253906,24.649999618530273,79.51455688476562,130.43997192382812,282.686767578125
2025-08-13,173.14906311035156,25.15999984741211,81.9009780883789,128.82713317871094,287.0017395019531
2025-08-14,173.44688415527344,25.110000610351562,81.95049285888672,128.70767211914062,287.95404052734375
2025-08-15,175.35289001464844,25.139999389648438,83.38630676269531,131.16673278808594,294.08428955078125
2025-08-18,174.96572875976562,25.06999969482422,83.39620971679688,129.6932830810547,290.2652587890625
2025-08-19,176.5044403076172,25.31999969482422,84.0992660522461,130.6689453125,293.17169189453125
2025-08-20,177.536865234375,25.3799991607666,83.8319091796875,131.8536834716797,294.064453125
2025-08-21,177.62620544433594,25.739999771118164,85.2380142211914,131.41561889648438,293.3800048828125
2025-08-22,177.98358154296875,25.8799991607666,86.5154037475586,132.0030059814453,293.7200012207031
2025-08-25,177.11000061035156,25.139999389648438,84.47554779052734,131.28619384765625,288.4700012207031
2025-08-26,176.49000549316406,24.920000076293945,84.15867614746094,131.00743103027344,289.5799865722656
2025-08-27,176.7899932861328,25.06999969482422,83.24767303466797,130.87802124023438,287.9700012207031
2025-08-28,175.4499969482422,24.600000381469727,82.39608764648438,130.7884063720703,285.6099853515625
2025-08-29,177.1699981689453,24.760000228881836,83.29718780517578,132.0727081298828,287.7099914550781
2025-09-02,178.05999755859375,24.979999542236328,84.64389038085938,130.87802124023438,286.9200134277344
2025-09-03,178.0,24.790000915527344,83.35659790039062,131.59481811523438,283.8500061035156
2025-09-04,178.75999450683594,24.540000915527344,83.22787475585938,132.22203063964844,280.1000061035156
2025-09-05,178.42999267578125,24.8799991607666,83.88141632080078,132.35147094726562,283.6400146484375
2025-09-08,178.1300048828125,24.549999237060547,83.2674789428711,131.61473083496094,280.19000244140625
2025-09-09,176.9600067138672,24.709999084472656,83.78239440917969,131.3658447265625,279.9700012207031
2025-09-10,175.7899932861328,24.56999969482422,83.20806884765625,128.7873077392578,278.510009765625
2025-09-11,178.5,24.860000610351562,84.3171157836914,132.062744140625,282.7300109863281
2025-09-12,178.05999755859375,23.8700008392334,82.0,133.13796997070312,276.3900146484375
2025-09-15,177.39999389648438,23.969999313354492,81.0199966430664,130.74859619140625,274.3999938964844
2025-09-16,176.4600067138672,23.899999618530273,81.08999633789062,132.17225646972656,273.0799865722656
2025-09-17,177.1999969482422,24.049999237060547,81.13999938964844,133.57601928710938,274.7099914550781
2025-09-18,174.16000366210938,24.149999618530273,81.52999877929688,133.97425842285156,275.8299865722656
2025-09-19,176.19000244140625,24.030000686645508,81.51000213623047,135.43772888183594,285.4100036621094
2025-09-22,174.2100067138672,24.040000915527344,80.4000015258789,136.01516723632812,286.0
2025-09-23,176.5800018310547,24.1299991607666,79.95999908447266,135.2884063720703,286.80999755859375
2025-09-24,176.69000244140625,24.09000015258789,79.66999816894531,133.29725646972656,279.2200012207031
2025-09-25,177.72999572753906,23.600000381469727,77.5999984741211,132.71981811523438,271.17999267578125
2025-09-26,179.7100067138672,23.760000228881836,78.55999755859375,132.95877075195312,272.9800109863281
2025-09-29,181.6199951171875,23.850000381469727,78.58000183105469,132.5207061767578,273.9700012207031
2025-09-30,185.4199981689453,25.479999542236328,83.93000030517578,133.3470458984375,282.20001220703125
2025-10-01,186.0500030517578,27.209999084472656,90.12999725341797,132.87911987304688,298.5
2025-10-02,185.97999572753906,27.079999923706055,89.51000213623047,132.4012451171875,297.3999938964844
2025-10-03,188.63999938964844,27.3700008392334,89.19000244140625,133.99415588378906,297.8900146484375
2025-10-06,188.16000366210938,26.43000030517578,88.80000305175781,133.14793395996094,294.1199951171875
2025-10-07,188.88999938964844,26.270000457763672,87.61000061035156,132.43112182617188,295.5400085449219
2025-10-08,189.69000244140625,25.68000030517578,86.4000015258789,133.6755828857422,294.6199951171875
2025-10-09,191.0800018310547,25.239999771118164,87.5,132.71981811523438,295.42999267578125
2025-10-10,190.72000122070312,24.780000686645508,85.98999786376953,131.9831085205078,290.1300048828125
2025-10-13,190.89999389648438,24.729999542236328,85.69999694824219,130.79837036132812,292.3999938964844
2025-10-14,190.85000610351562,24.520000457763672,84.69999694824219,132.6800079345703,293.8500061035156
2025-10-15,191.1699981689453,24.389999389648438,84.11000061035156,129.4499969482422,297.32000732421875
2025-10-16,192.1199951171875,24.229999542236328,83.91999816894531,127.62999725341797,295.80999755859375
2025-10-17,193.22000122070312,24.510000228881836,84.79000091552734,128.5399932861328,298.80999755859375
2025-10-20,193.72000122070312,24.690000534057617,86.31999969482422,129.50999450683594,303.3299865722656
2025-10-21,191.8800048828125,24.850000381469727,87.62000274658203,127.54000091552734,301.1400146484375
2025-10-22,192.94000244140625,24.719999313354492,87.61000061035156,127.94999694824219,295.9800109863281
2025-10-23,192.47000122070312,24.670000076293945,87.18000030517578,126.33999633789062,292.8900146484375
2025-10-24,190.39999389648438,24.760000228881836,87.48999786376953,126.8499984741211,291.760009765625
2025-10-27,190.3000030517578,24.770000457763672,88.0,127.18000030517578,291.1600036621094
2025-10-28,186.92999267578125,24.5,87.02999877929688,126.61000061035156,292.0899963378906
2025-10-29,185.55999755859375,24.4950008392334,86.8499984741211,125.0,293.2300109863281
