date,XOM,CVX,COP,SLB,ENPH
2020-01-02,54.131065368652344,93.95562744140625,53.051509857177734,35.14986801147461,29.34000015258789
2020-01-03,53.695884704589844,93.63067626953125,53.24600601196289,35.491127014160156,29.290000915527344
2020-01-06,54.10816192626953,93.31342315673828,53.878150939941406,35.71864318847656,29.65999984741211
2020-01-07,53.66534423828125,92.12184143066406,53.878150939941406,35.53488540649414,29.989999771118164
2020-01-08,52.856056213378906,91.06957244873047,52.63008117675781,34.4848518371582,31.0
2020-01-09,53.260704040527344,90.92256164550781,53.545867919921875,34.87861251831055,31.59000015258789
2020-01-10,52.78733825683594,90.09463500976562,53.01907730102539,34.85236358642578,30.670000076293945
2020-01-13,53.29124069213867,90.2648696899414,52.78404998779297,34.32734298706055,30.790000915527344
2020-01-14,52.83314514160156,89.98633575439453,52.79216384887695,34.58985137939453,30.200000762939453
2020-01-15,52.749168395996094,89.85479736328125,52.67870330810547,33.53982925415039,30.15999984741211
2020-01-16,52.54303741455078,90.44282531738281,52.735435485839844,33.93357849121094,30.829999923706055
2020-01-17,52.34450912475586,89.4292221069336,52.735435485839844,33.57481384277344,31.5
2020-01-21,51.59629821777344,87.6728286743164,51.89257049560547,32.332279205322266,31.260000228881836
2020-01-22,51.298545837402344,87.35559844970703,51.065921783447266,32.09602355957031,31.6200008392334
2020-01-23,50.97787857055664,87.51033782958984,51.17127990722656,31.87726593017578,32.06999969482422
2020-01-24,50.634315490722656,86.54317474365234,50.749839782714844,31.299755096435547,32.70000076293945
2020-01-27,49.42800521850586,85.41350555419922,49.46935272216797,29.71595001220703,29.950000762939453
2020-01-28,49.35929489135742,85.97834014892578,49.582801818847656,29.71595001220703,32.2400016784668
2020-01-29,48.9470100402832,85.39804077148438,49.02359390258789,29.51468849182129,32.560001373291016
2020-01-30,49.46617889404297,86.19499206542969,49.347774505615234,29.785951614379883,33.4900016784668
2020-01-31,47.42766571044922,82.89884948730469,48.1645393371582,29.322181701660156,31.520000457763672
2020-02-03,46.366432189941406,82.23342895507812,47.96192932128906,29.278438568115234,32.91999816894531
2020-02-04,45.78618240356445,82.6744613647461,45.781837463378906,29.81220054626465,36.900001525878906
2020-02-05,47.89339828491211,85.3283920288086,47.63774871826172,30.687219619750977,36.90999984741211
2020-02-06,47.24443817138672,84.7171401977539,47.337894439697266,30.197208404541016,38.38999938964844
2020-02-07,46.9314079284668,84.29158020019531,46.997501373291016,30.11845588684082,38.04999923706055
2020-02-10,46.43576431274414,84.94925689697266,46.90024185180664,30.057205200195312,38.61000061035156
2020-02-11,46.87720489501953,86.04796600341797,47.581016540527344,30.447904586791992,39.65999984741211
2020-02-12,47.450286865234375,86.69020080566406,48.431976318359375,31.122753143310547,41.5
2020-02-13,47.186981201171875,86.39614868164062,48.00757598876953,30.785322189331055,41.34000015258789
2020-02-14,46.97014236450195,86.1691665649414,47.84432601928711,30.563337326049805,41.09000015258789
2020-02-18,46.373809814453125,86.29439544677734,47.58315658569336,29.879621505737305,40.16999816894531
2020-02-19,46.73006057739258,86.685791015625,48.366695404052734,30.447904586791992,57.220001220703125
2020-02-20,46.35831832885742,85.95779418945312,48.056541442871094,30.03944969177246,58.7400016784668
2020-02-21,45.79297637939453,85.33158111572266,47.697425842285156,29.648752212524414,59.09000015258789
2020-02-24,43.64775466918945,81.96558380126953,46.0161018371582,27.46438217163086,55.2599983215332
2020-02-25,41.97495651245117,78.83443450927734,43.93484878540039,26.052541732788086,50.900001525878906
2020-02-26,41.053375244140625,76.74439239501953,41.763797760009766,25.200103759765625,51.869998931884766
2020-02-27,38.5828857421875,73.68370056152344,38.466461181640625,23.83265495300293,48.7599983215332
2020-02-28,39.83749008178711,73.06529998779297,39.51931381225586,24.054643630981445,48.970001220703125
2020-03-02,41.72713851928711,75.60934448242188,40.1804313659668,24.67621612548828,51.400001525878906
2020-03-03,39.72906494140625,73.8872299194336,39.27445602416992,23.806018829345703,52.369998931884766
2020-03-04,40.59645080566406,77.12796783447266,40.34366226196289,24.045766830444336,53.470001220703125
2020-03-05,38.807472229003906,76.07902526855469,38.93166732788086,22.935821533203125,56.689998626708984
2020-03-06,36.93331527709961,74.61521911621094,36.997344970703125,21.177677154541016,53.04999923706055
2020-03-09,32.418304443359375,63.147403717041016,27.807174682617188,15.370468139648438,43.380001068115234
2020-03-10,33.618690490722656,66.5212173461914,28.468278884887695,16.15186309814453,45.59000015258789
2020-03-11,32.511234283447266,64.99476623535156,26.574745178222656,15.432623863220215,41.72999954223633
2020-03-12,28.793893814086914,59.695316314697266,23.01620864868164,12.804283142089844,33.02000045776367
2020-03-13,29.52187156677246,65.30004119873047,25.611656188964844,14.349319458007812,32.86000061035156
2020-03-16,26.710636138916016,54.56023025512695,21.28590965270996,12.795402526855469,27.450000762939453
2020-03-17,28.507347106933594,55.3351936340332,21.424663543701172,12.431344985961914,29.280000686645508
2020-03-18,25.649641036987305,43.0924072265625,18.502748489379883,10.699836730957031,23.989999771118164
2020-03-19,26.664159774780273,44.92411804199219,20.885984420776367,12.315909385681152,26.25
2020-03-20,25.3553524017334,46.48969650268555,21.90620994567871,12.67996883392334,26.0
2020-03-23,24.356319427490234,42.44269561767578,20.037160873413086,11.392436027526855,27.510000228881836
2020-03-24,27.44635772705078,52.09445571899414,25.089298248291016,13.008509635925293,34.34000015258789
2020-03-25,28.879079818725586,54.22361755371094,25.252534866333008,12.964115142822266,36.810001373291016
2020-03-26,30.063982009887695,59.78923416137695,26.191143035888672,13.781030654907227,36.130001068115234
2020-03-27,28.615768432617188,53.840049743652344,23.87319564819336,12.218233108520508,32.380001068115234
2020-03-30,29.04171371459961,56.32147979736328,23.905845642089844,11.792015075683594,32.0
2020-03-31,29.40570831298828,56.720726013183594,25.138273239135742,11.978487014770508,32.290000915527344
2020-04-01,29.064950942993164,53.667850494384766,24.175182342529297,11.179327964782715,29.770000457763672
2020-04-02,31.287607192993164,59.585716247558594,27.635774612426758,12.324786186218262,29.920000076293945
2020-04-03,30.36602020263672,58.79510498046875,26.860408782958984,12.688848495483398,28.690000534057617
2020-04-06,31.341815948486328,62.92821502685547,26.770626068115234,13.914222717285156,34.04999923706055
2020-04-07,31.93813705444336,63.34309005737305,27.154226303100586,14.624587059020996,35.040000915527344
2020-04-08,33.95944595336914,67.30399322509766,29.1212215423584,15.343830108642578,37.93000030517578
2020-04-09,33.4018440246582,65.99671936035156,28.34585189819336,14.624587059020996,38.060001373291016
2020-04-13,33.11529541015625,66.46641540527344,27.994890213012695,14.162851333618164,37.779998779296875
2020-04-14,32.85973358154297,66.2315673828125,27.815340042114258,13.798788070678711,41.400001525878906
2020-04-15,31.349565505981445,64.5720443725586,26.28092384338379,13.079547882080078,39.61000061035156
2020-04-16,30.319555282592773,62.6151008605957,25.35863494873047,12.475741386413574,38.790000915527344
2020-04-17,33.47154998779297,68.23550415039062,28.778413772583008,13.567920684814453,38.959999084472656
2020-04-20,31.891674041748047,65.41749572753906,28.215261459350586,13.505763053894043,39.0099983215332
2020-04-21,31.721302032470703,63.90668869018555,27.088932037353516,13.044026374816895,35.5099983215332
2020-04-22,32.62740707397461,66.09849548339844,28.549894332885742,13.621200561523438,38.2400016784668
2020-04-23,33.6496696472168,67.94589233398438,29.529308319091797,14.668981552124023,39.47999954223633
2020-04-24,33.866512298583984,68.11027526855469,29.455852508544922,14.304924011230469,37.72999954223633
2020-04-27,34.02914047241211,70.22378540039062,30.320995330810547,14.251644134521484,37.209999084472656
2020-04-28,34.82682800292969,70.3803482055664,31.406517028808594,14.340441703796387,43.0
2020-04-29,36.75519943237305,74.06727600097656,34.450862884521484,16.160741806030273,48.9900016784668
2020-04-30,35.988487243652344,72.016357421875,34.361083984375,14.935370445251465,46.83000183105469
2020-05-01,33.409584045410156,70.01243591308594,31.945192337036133,13.985259056091309,43.25
2020-05-04,34.75712585449219,71.57801055908203,32.94093704223633,14.411476135253906,43.97999954223633
2020-05-05,34.71840286254883,72.71304321289062,33.39798355102539,14.429237365722656,44.369998931884766
2020-05-06,34.06787109375,70.48993682861328,33.047035217285156,14.047414779663086,52.68000030517578
2020-05-07,34.26148223876953,72.51734924316406,34.62225341796875,14.85545539855957,54.4900016784668
2020-05-08,35.7639045715332,74.7326431274414,35.51253890991211,16.027549743652344,57.279998779296875
2020-05-11,35.42314910888672,73.08878326416016,34.84482192993164,15.414859771728516,59.58000183105469
2020-05-12,34.8310546875,71.31187438964844,34.27603530883789,15.166237831115723,59.27000045776367
2020-05-13,33.10213088989258,69.43317413330078,32.88290023803711,14.074056625366211,57.470001220703125
2020-05-14,33.39423370361328,70.48993682861328,32.915870666503906,14.296045303344727,56.97999954223633
2020-05-15,33.15739822387695,69.79325866699219,33.69075393676758,14.162851333618164,58.380001068115234
2020-05-18,35.79419708251953,73.5104751586914,35.941200256347656,15.938755989074707,64.41999816894531
2020-05-19,34.68894577026367,71.18325805664062,35.174560546875,15.19287395477295,67.04000091552734
2020-05-20,35.8178825378418,73.86788940429688,36.394596099853516,16.16962242126465,64.16999816894531
2020-05-21,35.17841339111328,73.10540771484375,36.040138244628906,15.796680450439453,59.93000030517578
2020-05-22,35.209983825683594,71.70746612548828,35.677406311035156,15.610211372375488,56.41999816894531
2020-05-26,36.24419403076172,74.10618591308594,35.9989013671875,16.338335037231445,58.43000030517578
2020-05-27,36.50470733642578,74.58277130126953,36.8232421875,16.915502548217773,57.86000061035156
2020-05-28,35.5573616027832,72.17607116699219,35.454837799072266,16.68463134765625,55.79999923706055
2020-05-29,35.89682388305664,72.83533477783203,34.77063751220703,16.40049171447754,58.189998626708984
2020-06-01,36.53628158569336,73.70111846923828,35.76808547973633,16.364973068237305,59.68000030517578
2020-06-02,37.34943389892578,75.2102279663086,36.435813903808594,16.861154556274414,56.95000076293945
2020-06-03,38.87308883666992,77.18798828125,37.19418716430664,17.531665802001953,53.31999969482422
2020-06-04,38.76256561279297,76.47314453125,36.856231689453125,18.17536163330078,51.63999938964844
2020-06-05,41.90463638305664,80.07121276855469,40.054649353027344,19.659423828125,54.59000015258789
2020-06-08,43.215145111083984,82.00130462646484,41.4725227355957,21.143489837646484,52.900001525878906
2020-06-09,42.25198745727539,80.64309692382812,40.0876350402832,20.124311447143555,51.58000183105469
2020-06-10,39.98624038696289,77.5057144165039,37.845420837402344,18.73858070373535,49.349998474121094
2020-06-11,36.457340240478516,70.98465728759766,34.7211799621582,16.548248291015625,47.65999984741211
2020-06-12,37.2389030456543,73.3833999633789,36.04835891723633,16.98631477355957,48.630001068115234
2020-06-15,37.21522521972656,72.4620361328125,35.73511505126953,17.272396087646484,50.45000076293945
2020-06-16,38.052059173583984,74.6860122680664,37.18595504760742,17.47801971435547,52.7599983215332
2020-06-17,36.812599182128906,72.70825958251953,36.28743362426758,17.728349685668945,39.040000915527344
2020-06-18,37.04154968261719,73.02597045898438,36.64189147949219,18.0412540435791,45.720001220703125
2020-06-19,36.2994499206543,71.9854507446289,36.02363204956055,17.621061325073242,46.720001220703125
2020-06-22,36.64680862426758,72.74798583984375,35.908233642578125,17.719409942626953,45.560001373291016
2020-06-23,36.86787414550781,72.62883758544922,36.11431121826172,17.495901107788086,45.4900016784668
2020-06-24,35.13104248046875,69.61054992675781,33.7896728515625,15.96713638305664,46.68000030517578
2020-06-25,35.65998458862305,70.85758209228516,34.67171859741211,16.467790603637695,45.79999923706055
2020-06-26,34.436317443847656,68.67333221435547,33.26210021972656,15.59164810180664,45.29999923706055
2020-06-29,34.98893737792969,69.6343994140625,34.04522705078125,16.101238250732422,47.45000076293945
2020-06-30,35.30472183227539,70.87348175048828,34.638736724853516,16.44096565246582,47.56999969482422
2020-07-01,34.50736618041992,69.59467315673828,33.58358383178711,15.841971397399902,49.060001373291016
2020-07-02,34.799476623535156,70.14273071289062,34.440887451171875,16.074413299560547,48.86000061035156
2020-07-06,35.04419708251953,70.3492431640625,34.317256927490234,16.76280975341797,50.15999984741211
2020-07-07,34.13632583618164,68.55416870117188,33.50115203857422,16.25322151184082,50.63999938964844
2020-07-08,34.05738067626953,68.58595275878906,33.83089065551758,16.154878616333008,54.93000030517578
2020-07-09,32.65213394165039,65.71858978271484,31.613407135009766,15.314499855041504,55.790000915527344
2020-07-10,33.6705436706543,67.69637298583984,32.71803283691406,15.90455436706543,55.43000030517578
2020-07-13,33.678436279296875,67.83139038085938,32.693302154541016,15.538008689880371,52.31999969482422
2020-07-14,34.79157257080078,70.17449951171875,34.053470611572266,16.44096565246582,55.880001068115234
2020-07-15,35.23367691040039,70.60340118408203,34.308998107910156,16.896913528442383,57.95000076293945
2020-07-16,34.957359313964844,70.18244934082031,34.28427505493164,16.825389862060547,57.7400016784668
2020-07-17,34.35737228393555,69.25314331054688,33.27666091918945,16.646589279174805,59.310001373291016
2020-07-20,33.552127838134766,67.72811889648438,32.75202178955078,16.485668182373047,63.540000915527344
2020-07-21,35.24946975708008,72.58911895751953,34.69232177734375,17.486967086791992,61.099998474121094
2020-07-22,34.428428649902344,72.31111907958984,34.051109313964844,17.138303756713867,62.08000183105469
2020-07-23,34.499481201171875,72.28728485107422,33.69302749633789,17.254518508911133,61.66999816894531
2020-07-24,34.28632354736328,71.58831787109375,33.543121337890625,17.415437698364258,59.650001525878906
2020-07-27,34.79157257080078,72.31111907958984,33.11842346191406,17.59425163269043,62.220001220703125
2020-07-28,34.38105010986328,70.7781753540039,32.44389343261719,17.12041473388672,57.22999954223633
2020-07-29,34.760005950927734,71.54066467285156,33.2599983215332,17.370742797851562,59.119998931884766
2020-07-30,33.05475997924805,68.52239990234375,31.344667434692383,16.485668182373047,59.13999938964844
2020-07-31,33.22055435180664,66.67174530029297,31.13648223876953,16.217456817626953,60.36000061035156
2020-08-03,33.354759216308594,67.36275482177734,30.57021141052246,16.735986709594727,61.209999084472656
2020-08-04,34.31790542602539,68.69715118408203,31.344667434692383,17.191938400268555,68.94999694824219
2020-08-05,34.617897033691406,69.26109313964844,31.661115646362305,17.433319091796875,74.98999786376953
2020-08-06,34.452110290527344,69.47553253173828,31.686100006103516,17.272396087646484,71.37000274658203
2020-08-07,34.29421615600586,68.94337463378906,31.894287109375,17.54954719543457,72.83999633789062
2020-08-10,35.138946533203125,71.27061462402344,33.01017761230469,18.077011108398438,71.83999633789062
2020-08-11,35.50209045410156,71.18325805664062,33.06846618652344,18.148536682128906,67.30000305175781
2020-08-12,35.49404525756836,72.05696105957031,34.69232177734375,18.202180862426758,71.19000244140625
2020-08-13,34.62460708618164,71.34208679199219,33.834590911865234,17.764110565185547,74.87999725341797
2020-08-14,34.777565002441406,71.7630615234375,33.99281311035156,17.942907333374023,73.16000366210938
2020-08-17,34.326744079589844,72.0966567993164,33.89289093017578,17.889266967773438,75.05999755859375
2020-08-18,34.15768051147461,70.60606384277344,33.58475875854492,17.674705505371094,75.16000366210938
2020-08-19,33.7793083190918,69.60694885253906,33.01850509643555,17.6300048828125,75.48999786376953
2020-08-20,33.26409149169922,68.33389282226562,32.285675048828125,16.78069305419922,73.08999633789062
2020-08-21,33.014530181884766,68.55146789550781,31.777700424194336,16.610828399658203,73.13999938964844
2020-08-24,33.98862838745117,70.25961303710938,32.36894989013672,17.47801971435547,73.36000061035156
2020-08-25,32.909873962402344,69.39746856689453,32.352298736572266,17.21875762939453,75.93000030517578
2020-08-26,32.20948791503906,68.30974578857422,31.278045654296875,16.6912899017334,75.23999786376953
2020-08-27,31.992143630981445,68.41449737548828,31.769372940063477,16.71811294555664,73.44000244140625
2020-08-28,32.756919860839844,68.99461364746094,31.96091079711914,17.361801147460938,76.04000091552734
2020-08-31,32.153141021728516,67.62486267089844,31.552858352661133,16.995254516601562,77.2300033569336
2020-09-01,31.742570877075195,66.94000244140625,30.94495964050293,16.765771865844727,78.70999908447266
2020-09-02,31.549354553222656,67.02863311767578,30.295413970947266,16.891765594482422,77.0199966430664
2020-09-03,31.48497200012207,66.29541015625,29.970640182495117,17.206737518310547,67.80000305175781
2020-09-04,31.4608097076416,66.01341247558594,29.862382888793945,17.37772560119629,66.16000366210938
2020-09-08,30.736284255981445,63.628448486328125,28.363435745239258,16.540786743164062,65.05000305175781
2020-09-09,30.55112648010254,64.4825210571289,28.6965274810791,16.747770309448242,67.70999908447266
2020-09-10,29.786333084106445,62.96775817871094,27.414094924926758,15.937832832336426,66.0999984741211
2020-09-11,29.705841064453125,62.59712219238281,27.572317123413086,16.081819534301758,65.0999984741211
2020-09-14,29.512632369995117,62.274810791015625,27.91374397277832,16.22580909729004,69.48999786376953
2020-09-15,29.19865608215332,61.51744079589844,28.14691925048828,16.378801345825195,72.16000366210938
2020-09-16,30.43841552734375,63.29808807373047,29.21283531188965,17.260732650756836,72.83000183105469
2020-09-17,30.43036651611328,63.4834098815918,30.053909301757812,17.17074203491211,66.87000274658203
2020-09-18,29.939294815063477,63.01609420776367,29.870708465576172,16.855764389038086,68.2699966430664
2020-09-21,29.327470779418945,61.47715759277344,28.613262176513672,15.541861534118652,70.72000122070312
2020-09-22,28.602935791015625,60.85673522949219,28.563289642333984,15.595853805541992,72.2300033569336
2020-09-23,27.685192108154297,57.972232818603516,27.414094924926758,14.947903633117676,70.2699966430664
2020-09-24,27.62883949279785,57.851383209228516,27.980365753173828,14.956902503967285,69.41000366210938
2020-09-25,27.88645362854004,57.875545501708984,28.06364631652832,14.326950073242188,73.62000274658203
2020-09-28,28.425827026367188,59.56758117675781,28.071971893310547,14.803915023803711,78.13999938964844
2020-09-29,27.596637725830078,57.93194580078125,27.03103256225586,14.038970947265625,80.80000305175781
2020-09-30,27.63689422607422,58.01251220703125,27.34747886657715,14.002973556518555,82.58999633789062
2020-10-01,26.67084312438965,56.73946762084961,27.006053924560547,13.508010864257812,89.51000213623047
2020-10-02,26.550090789794922,57.359886169433594,27.53900909423828,14.011972427368164,90.43000030517578
2020-10-05,27.161914825439453,58.57652282714844,28.546632766723633,14.46193790435791,98.05000305175781
2020-10-06,26.880159378051758,58.25425338745117,27.730541229248047,14.101967811584473,98.56999969482422
2020-10-07,26.968708038330078,59.446712493896484,28.588274002075195,14.353948593139648,107.81999969482422
2020-10-08,28.385576248168945,60.60695266723633,29.587570190429688,14.785916328430176,105.5
2020-10-09,27.96695899963379,59.62397384643555,29.25447654724121,14.605928421020508,109.18000030517578
2020-10-12,27.878398895263672,60.03489303588867,29.637535095214844,14.506937980651855,104.43000030517578
2020-10-13,27.54833221435547,59.14054870605469,29.04629135131836,14.155961990356445,106.6500015258789
2020-10-14,27.491987228393555,58.777957916259766,28.754825592041016,14.353948593139648,108.97000122070312
2020-10-15,27.733495712280273,59.22917175292969,29.479320526123047,14.776918411254883,110.70999908447266
2020-10-16,27.45172882080078,58.7296142578125,28.467731475830078,13.472013473510742,110.83999633789062
2020-10-19,26.90431022644043,57.43238067626953,27.565725326538086,13.508010864257812,114.69000244140625
2020-10-20,27.129722595214844,57.75468826293945,27.464574813842773,13.939977645874023,116.13999938964844
2020-10-21,26.694995880126953,57.102046966552734,25.829172134399414,13.508010864257812,101.52999877929688
2020-10-22,28.06355857849121,59.14054870605469,26.899768829345703,13.768991470336914,103.45999908447266
2020-10-23,27.50003433227539,58.471778869628906,27.43085479736328,13.85898494720459,103.33000183105469
2020-10-26,26.84795570373535,57.1584358215332,25.559419631958008,13.651998519897461,103.66999816894531
2020-10-27,26.42128562927246,56.00625228881836,25.508840560913086,13.580004692077637,98.62999725341797
2020-10-28,25.414987564086914,53.88717269897461,24.26964569091797,12.761067390441895,102.80999755859375
2020-10-29,26.542041778564453,55.43418502807617,24.58155059814453,13.004048347473145,102.51000213623047
2020-10-30,26.260282516479492,55.99818801879883,24.126333236694336,13.445013999938965,98.08999633789062
2020-11-02,27.363176345825195,58.133365631103516,25.483543395996094,14.02097225189209,103.83000183105469
2020-11-03,26.89625358581543,57.80303192138672,24.707996368408203,14.18295955657959,104.75
2020-11-04,26.751354217529297,57.82719039916992,25.609989166259766,14.37194538116455,106.19000244140625
2020-11-05,26.703048706054688,58.12532043457031,25.39081573486328,13.966976165771484,120.26000213623047
2020-11-06,26.389081954956055,57.327640533447266,24.606840133666992,13.696996688842773,122.52999877929688
2020-11-09,29.72998809814453,63.97491455078125,28.13896369934082,16.423799514770508,117.08000183105469
2020-11-10,30.389554977416992,66.93193817138672,29.951383590698242,16.477792739868164,109.38999938964844
2020-11-11,30.07625961303711,66.44044494628906,29.74064826965332,15.937832832336426,120.43000030517578
2020-11-12,29.04568862915039,64.9981918334961,28.6700439453125,15.568856239318848,117.20999908447266
2020-11-13,29.746477127075195,66.89970397949219,29.808076858520508,16.198810577392578,116.58999633789062
2020-11-16,31.461341857910156,71.67768096923828,32.101016998291016,18.034683227539062,119.93000030517578
2020-11-17,31.881820678710938,71.1626205444336,32.7501106262207,18.079669952392578,125.12000274658203
2020-11-18,30.678112030029297,68.90607452392578,33.028289794921875,17.971683502197266,124.91999816894531
2020-11-19,30.834754943847656,70.0915756225586,33.272762298583984,18.41265106201172,128.88999938964844
2020-11-20,30.455503463745117,70.14061737060547,33.424503326416016,18.18766212463379,129.58999633789062
2020-11-23,32.45069885253906,74.42476654052734,36.00404739379883,19.44757652282715,134.42999267578125
2020-11-24,34.61077880859375,78.177490234375,37.43712615966797,20.00553321838379,136.02000427246094
2020-11-25,33.64616775512695,75.33228302001953,36.779605865478516,19.888538360595703,139.07000732421875
2020-11-27,33.1349983215332,74.6536865234375,36.063045501708984,19.69055938720703,140.55999755859375
2020-11-30,31.43661117553711,71.2770767211914,33.348636627197266,18.709630966186523,136.57000732421875
2020-12-01,31.741666793823242,71.49781799316406,33.10416793823242,19.076311111450195,128.85000610351562
2020-12-02,32.92887878417969,73.47637939453125,33.69425964355469,19.592369079589844,127.93000030517578
2020-12-03,33.1514892578125,73.41913604736328,34.73113250732422,19.98168182373047,127.66999816894531
2020-12-04,34.36343765258789,76.26432800292969,37.31910705566406,21.231103897094727,130.4600067138672
2020-12-07,33.720367431640625,74.20402526855469,36.09677505493164,20.669775009155273,129.32000732421875
2020-12-08,34.82514572143555,74.84174346923828,35.978759765625,21.03192138671875,134.74000549316406
2020-12-09,35.28683853149414,73.94239807128906,35.9956169128418,21.15867805480957,127.26000213623047
2020-12-10,36.284427642822266,76.32157135009766,37.09150695800781,21.167724609375,131.2100067138672
2020-12-11,36.111297607421875,75.58573150634766,36.65314483642578,20.76936149597168,139.91000366210938
2020-12-14,34.80865478515625,73.12481689453125,35.6752815246582,20.081274032592773,145.07000732421875
2020-12-15,35.484710693359375,73.06757354736328,36.079917907714844,20.79652214050293,160.4600067138672
2020-12-16,36.02885055541992,72.51162719726562,35.6752815246582,20.67882537841797,163.30999755859375
2020-12-17,35.84746551513672,72.28269958496094,35.38023376464844,20.76030731201172,163.52000427246094
2020-12-18,35.229122161865234,71.28524017333984,34.545677185058594,20.198974609375,164.41000366210938
2020-12-21,34.5860595703125,70.38590240478516,33.9218635559082,19.7191219329834,170.77999877929688
2020-12-22,34.00068283081055,68.97148895263672,32.9018440246582,19.338869094848633,177.27000427246094
2020-12-23,34.437644958496094,70.0588607788086,33.786983489990234,19.845876693725586,180.32000732421875
2020-12-24,34.297489166259766,69.76453399658203,33.28962326049805,19.592369079589844,181.38999938964844
2020-12-28,34.41291046142578,69.41297149658203,33.12945556640625,19.528993606567383,175.49000549316406
2020-12-29,34.02541732788086,69.17586517333984,32.93556594848633,19.35697364807129,170.1999969482422
2020-12-30,34.297489166259766,69.76453399658203,33.72797393798828,19.809663772583008,172.92999267578125
2020-12-31,33.98418426513672,69.04505920410156,33.711116790771484,19.76439094543457,175.47000122070312
2021-01-04,34.21504592895508,69.25764465332031,33.35706329345703,19.8730411529541,172.24000549316406
2021-01-05,35.86396408081055,71.12989807128906,35.270652770996094,20.941383361816406,181.47999572753906
2021-01-06,36.77909851074219,73.41913604736328,36.678428649902344,22.100269317626953,203.3800048828125
2021-01-07,37.067665100097656,73.76251983642578,37.68158721923828,22.525793075561523,213.75999450683594
2021-01-08,37.47990036010742,74.46565246582031,37.68158721923828,22.489585876464844,207.41000366210938
2021-01-11,38.617645263671875,74.89080047607422,38.237972259521484,22.625391006469727,201.67999267578125
2021-01-12,39.47509765625,76.31340026855469,39.974525451660156,23.666566848754883,206.49000549316406
2021-01-13,39.920291900634766,76.23980712890625,39.645755767822266,23.050912857055664,203.69000244140625
2021-01-14,41.478519439697266,78.07119750976562,40.35386657714844,23.503604888916016,208.8300018310547
2021-01-15,39.483333587646484,75.2914047241211,38.035648345947266,22.55295181274414,190.58999633789062
2021-01-19,40.26657485961914,77.26996612548828,38.77748107910156,23.01469612121582,201.27999877929688
2021-01-20,40.835445404052734,77.98125457763672,38.237972259521484,22.951326370239258,199.39999389648438
2021-01-21,39.66471862792969,75.22600555419922,36.40868377685547,21.90108299255371,212.08999633789062
2021-01-22,39.10407638549805,74.99707794189453,35.987186431884766,22.100269317626953,212.07000732421875
2021-01-25,38.667118072509766,74.3185043334961,35.89446258544922,21.493663787841797,202.72999572753906
2021-01-26,37.81792068481445,73.05939483642578,35.13577651977539,20.588289260864258,187.33999633789062
2021-01-27,37.38920211791992,72.11097717285156,34.267494201660156,19.746280670166016,179.02000427246094
2021-01-28,37.974571228027344,72.78142547607422,34.6552734375,20.49774932861328,193.74000549316406
2021-01-29,36.96873474121094,69.65825653076172,33.74483108520508,20.108434677124023,182.35000610351562
2021-02-01,37.03469467163086,70.64753723144531,34.318084716796875,20.063169479370117,186.33999633789062
2021-02-02,37.620052337646484,71.17896270751953,34.53725051879883,20.380046844482422,192.6300048828125
2021-02-03,39.09584045410156,72.73236846923828,36.425540924072266,21.89203643798828,196.33999633789062
2021-02-04,39.84608840942383,72.76507568359375,37.09992599487305,22.462419509887695,195.6300048828125
2021-02-05,41.18171310424805,72.97765350341797,37.445560455322266,22.643491744995117,193.1999969482422
2021-02-08,42.954307556152344,74.79268646240234,39.43501281738281,23.530765533447266,197.8699951171875
2021-02-09,42.451229095458984,74.36753845214844,39.51930618286133,23.539819717407227,200.10000610351562
2021-02-10,42.8620719909668,75.6429672241211,39.83121109008789,24.101154327392578,202.07000732421875
2021-02-11,41.78884506225586,75.23418426513672,39.50794219970703,23.87480926513672,199.0800018310547
2021-02-12,42.3589973449707,75.66748809814453,40.120460510253906,24.236957550048828,206.50999450683594
2021-02-16,43.633460998535156,77.21798706054688,41.55820083618164,24.387048721313477,193.5
2021-02-17,44.312599182128906,79.53131866455078,41.9920654296875,24.441627502441406,189.33999633789062
2021-02-18,43.6166877746582,78.76850891113281,40.571353912353516,23.26820945739746,180.83999633789062
2021-02-19,43.910152435302734,79.43180847167969,41.192378997802734,23.759410858154297,189.74000549316406
2021-02-22,45.52837371826172,81.57928466796875,43.28518295288086,25.05107307434082,167.86000061035156
2021-02-23,46.15721893310547,82.607421875,44.323081970214844,25.23299789428711,170.88999938964844
2021-02-24,47.54068374633789,85.65865325927734,46.50944519042969,26.7520694732666,180.8699951171875
2021-02-25,46.752532958984375,84.86267852783203,45.1142578125,25.93341064453125,167.3699951171875
2021-02-26,45.58706283569336,82.91419982910156,44.24650955200195,25.38763427734375,176.05999755859375
2021-03-01,47.28913497924805,84.61393737792969,44.75694274902344,26.12442970275879,186.4499969482422
2021-03-02,47.012447357177734,84.93732452392578,44.47620391845703,25.596851348876953,171.69000244140625
2021-03-03,47.3897590637207,85.89083099365234,45.65021514892578,25.806060791015625,161.1199951171875
2021-03-04,49.225982666015625,86.64533996582031,47.31764221191406,25.997087478637695,149.8800048828125
2021-03-05,51.08736801147461,90.3764877319336,49.63163375854492,26.44280242919922,143.5500030517578
2021-03-08,51.03706741333008,90.99834442138672,50.005950927734375,27.02495765686035,132.05999755859375
2021-03-09,50.24890899658203,90.79104614257812,49.25732421875,26.69749641418457,148.6999969482422
2021-03-10,51.79167556762695,92.34153747558594,50.5504150390625,27.243268966674805,152.42999267578125
2021-03-11,51.405975341796875,92.19227600097656,50.899227142333984,26.742977142333984,165.33999633789062
2021-03-12,51.95936584472656,92.49908447265625,50.35475540161133,26.38822364807129,164.7100067138672
2021-03-15,50.63459396362305,91.41290283203125,49.4785041809082,26.488283157348633,174.16000366210938
2021-03-16,49.56136703491211,89.24885559082031,48.13434982299805,25.524078369140625,166.30999755859375
2021-03-17,49.77936553955078,89.57221984863281,48.34703063964844,25.751487731933594,163.82000732421875
2021-03-18,47.6329231262207,86.33026885986328,45.41201400756836,24.787282943725586,148.47999572753906
2021-03-19,47.36460494995117,85.71671295166016,44.74844741821289,24.605356216430664,154.9499969482422
2021-03-22,46.878292083740234,85.02023315429688,44.44218444824219,25.151132583618164,161.11000061035156
2021-03-23,46.29976272583008,84.54762268066406,43.991294860839844,24.259702682495117,155.97000122070312
2021-03-24,47.23883819580078,86.8111801147461,45.26738739013672,24.941917419433594,147.97999572753906
2021-03-25,47.10468673706055,87.1179428100586,45.57365036010742,24.923725128173828,148.47999572753906
2021-03-26,48.38752365112305,89.1161880493164,46.82423400878906,25.751487731933594,152.07000732421875
2021-03-29,48.127601623535156,88.65185546875,45.80335235595703,25.196611404418945,142.13999938964844
2021-03-30,47.53229904174805,87.83100891113281,45.45454025268555,24.759994506835938,150.60000610351562
2021-03-31,46.811222076416016,86.88578796386719,45.06321334838867,24.73270606994629,162.16000366210938
2021-04-01,48.11922073364258,87.68177795410156,45.956478118896484,25.56046485900879,162.69000244140625
2021-04-05,47.37298583984375,86.65364837646484,44.416656494140625,25.060169219970703,149.4199981689453
2021-04-06,47.23883819580078,85.88253784179688,44.731422424316406,24.960111618041992,157.9199981689453
2021-04-07,47.448455810546875,86.3883056640625,44.56129455566406,24.878246307373047,150.00999450683594
2021-04-08,46.95376205444336,85.41822052001953,43.591453552246094,24.61445426940918,153.1300048828125
2021-04-09,46.844757080078125,85.33529663085938,43.582942962646484,24.341564178466797,151.35000610351562
2021-04-12,46.53453063964844,84.39005279541016,43.26816177368164,24.141447067260742,151.8699951171875
2021-04-13,46.71060562133789,84.77147674560547,43.208621978759766,23.68663787841797,153.08999633789062
2021-04-14,48.06052780151367,86.45462799072266,44.825008392333984,24.841854095458984,151.91000366210938
2021-04-15,47.77544021606445,85.74987030029297,44.152923583984375,24.250608444213867,145.7899932861328
2021-04-16,47.50714111328125,85.36845397949219,43.46383285522461,23.91404151916504,150.00999450683594
2021-04-19,47.35622787475586,85.6172103881836,43.2936897277832,24.132354736328125,141.13999938964844
2021-04-20,46.35845947265625,84.0169677734375,41.38804626464844,22.968032836914062,147.0
2021-04-21,46.95376205444336,85.17778015136719,42.57056427001953,23.404653549194336,155.0800018310547
2021-04-22,46.341678619384766,83.70191192626953,42.0771369934082,22.968032836914062,160.8800048828125
2021-04-23,46.59321975708008,84.19937896728516,42.29833984375,23.38646125793457,166.97000122070312
2021-04-26,46.68545150756836,84.17449188232422,42.74921798706055,23.986814498901367,172.64999389648438
2021-04-27,47.29752731323242,85.15288543701172,43.64249038696289,23.81397819519043,171.10000610351562
2021-04-28,48.7229118347168,87.24232482910156,45.122764587402344,24.88734245300293,146.91000366210938
2021-04-29,49.418827056884766,88.63529205322266,45.1993408203125,25.305767059326172,143.39999389648438
2021-04-30,47.993446350097656,85.45967102050781,43.50638198852539,24.605356216430664,139.25
2021-05-03,49.31821823120117,87.49935150146484,44.86754608154297,25.669614791870117,136.41000366210938
2021-05-04,49.62843704223633,87.98025512695312,44.72292709350586,25.824254989624023,127.83000183105469
2021-05-05,51.12090301513672,90.34333038330078,47.164512634277344,27.598026275634766,126.87999725341797
2021-05-06,51.60721206665039,90.39305877685547,47.385711669921875,27.95277976989746,121.94000244140625
2021-05-07,52.34505081176758,91.22220611572266,48.57674026489258,29.00794219970703,122.95999908447266
2021-05-10,52.470821380615234,90.8490982055664,48.49165344238281,28.771438598632812,118.12000274658203
2021-05-11,50.80229568481445,88.46944427490234,47.4027099609375,28.434879302978516,121.41999816894531
2021-05-12,51.07450485229492,89.02498626708984,47.3771858215332,29.198963165283203,117.16999816894531
2021-05-13,50.445003509521484,88.452880859375,46.50270462036133,28.889690399169922,114.61000061035156
2021-05-14,51.695491790771484,90.76618194580078,48.45746612548828,29.844797134399414,119.77999877929688
2021-05-17,52.90345764160156,91.87721252441406,49.98354721069336,30.972726821899414,118.41999816894531
2021-05-18,51.40626907348633,89.11595153808594,49.11762237548828,30.081298828125,122.51000213623047
2021-05-19,50.172786712646484,86.61487579345703,47.65156555175781,29.108001708984375,130.6699981689453
2021-05-20,50.05369186401367,86.9170150756836,47.488651275634766,28.898788452148438,141.82000732421875
2021-05-21,50.12175750732422,87.38701629638672,47.7115592956543,29.062519073486328,142.27999877929688
2021-05-24,50.70871353149414,88.62919616699219,48.097373962402344,28.835119247436523,140.8699951171875
2021-05-25,49.560306549072266,87.17721557617188,47.051395416259766,28.416688919067383,138.52999877929688
2021-05-26,50.13875961303711,87.38701629638672,47.514373779296875,28.69866943359375,143.0399932861328
2021-05-27,49.815513610839844,86.45541381835938,47.608680725097656,28.507648468017578,142.30999755859375
2021-05-28,49.65388107299805,87.11005401611328,47.78873062133789,28.498552322387695,143.0500030517578
2021-06-01,51.431793212890625,89.51043701171875,49.95782470703125,30.07394027709961,139.44000244140625
2021-06-02,51.84011459350586,90.71061706542969,50.57511901855469,32.38451385498047,139.1699981689453
2021-06-03,52.04427719116211,90.29935455322266,50.98664855957031,33.352577209472656,134.1300048828125
2021-06-04,52.27396011352539,91.0211410522461,51.31242370605469,33.2612419128418,134.6999969482422
2021-06-07,51.933692932128906,90.43363952636719,51.278141021728516,32.72241973876953,137.47000122070312
2021-06-08,52.852420806884766,91.25614929199219,51.843994140625,32.78635787963867,139.14999389648438
2021-06-09,53.294761657714844,90.45883178710938,51.166683197021484,32.658485412597656,136.97000122070312
2021-06-10,53.37983703613281,90.98757934570312,51.5867919921875,31.909610748291016,143.5
2021-06-11,52.88644027709961,90.56795501708984,51.41532516479492,31.86394500732422,147.1300048828125
2021-06-14,52.80137252807617,90.61830139160156,51.70682144165039,31.096797943115234,147.64999389648438
2021-06-15,54.723899841308594,92.57386016845703,52.44414138793945,31.22466468811035,144.9199981689453
2021-06-16,54.52824401855469,92.04508972167969,52.409854888916016,31.08767318725586,152.02000427246094
2021-06-17,52.73331832885742,89.86293029785156,50.59226608276367,29.65384292602539,161.99000549316406
2021-06-18,51.38075637817383,86.47218322753906,49.3233757019043,28.576181411743164,165.85000610351562
2021-06-21,53.24373245239258,89.00685119628906,51.826847076416016,30.247461318969727,163.0800018310547
2021-06-22,54.2645378112793,89.30060577392578,52.118343353271484,30.15614128112793,167.3000030517578
2021-06-23,54.66435623168945,89.19149017333984,52.092620849609375,30.028284072875977,170.24000549316406
2021-06-24,54.88552474975586,89.92169189453125,52.63276290893555,30.375322341918945,170.77000427246094
2021-06-25,55.0046272277832,90.05596923828125,52.564170837402344,30.457517623901367,175.38999938964844
2021-06-28,53.60101318359375,87.27792358398438,51.08953094482422,29.24286651611328,188.3300018310547
2021-06-29,53.26923751831055,87.08487701416016,50.62656784057617,29.115009307861328,185.7100067138672
2021-06-30,53.66055679321289,87.9073715209961,52.21266555786133,29.233732223510742,183.6300048828125
2021-07-01,53.81367492675781,89.1411361694336,53.910221099853516,30.201799392700195,183.11000061035156
2021-07-02,53.73711013793945,89.02363586425781,53.79875564575195,29.94608497619629,186.41000366210938
2021-07-06,52.205902099609375,87.27792358398438,51.68109893798828,28.46658706665039,188.80999755859375
2021-07-07,51.38926315307617,86.38825988769531,50.59226608276367,28.019086837768555,181.8300018310547
2021-07-08,51.15957260131836,86.11129760742188,50.763729095458984,27.882095336914062,179.72000122070312
2021-07-09,52.08679962158203,87.34506225585938,51.55250549316406,28.48485565185547,183.8000030517578
2021-07-12,52.035762786865234,87.52130126953125,51.26958084106445,28.51224708557129,185.72000122070312
2021-07-13,51.78907012939453,87.22755432128906,50.97807312011719,27.955158233642578,184.05999755859375
2021-07-14,50.64065933227539,85.58255004882812,49.443416595458984,26.987091064453125,170.7899932861328
2021-07-15,50.147274017333984,85.02021789550781,48.937583923339844,26.238210678100586,165.2899932861328
2021-07-16,48.76066970825195,82.77092742919922,47.58296203613281,25.452800750732422,163.4499969482422
2021-07-19,47.0848388671875,80.53839111328125,46.039730072021484,24.338611602783203,165.27999877929688
2021-07-20,47.603755950927734,81.01679992675781,46.699893951416016,24.877445220947266,172.08999633789062
2021-07-21,49.13496780395508,83.7780532836914,48.886131286621094,25.964235305786133,179.7899932861328
2021-07-22,48.58203125,82.93878173828125,48.58606719970703,25.553258895874023,178.94000244140625
2021-07-23,48.52248764038086,82.97234344482422,47.80854797363281,25.945966720581055,178.17999267578125
2021-07-26,49.7474479675293,84.72648620605469,49.13032913208008,26.90489959716797,176.67999267578125
2021-07-27,49.19451141357422,84.44111633300781,48.663822174072266,26.649181365966797,172.86000061035156
2021-07-28,49.526275634765625,84.91950988769531,49.000736236572266,26.77704429626465,181.4199981689453
2021-07-29,50.13025665283203,86.08612060546875,49.31174850463867,27.069286346435547,182.05999755859375
2021-07-30,48.97333526611328,85.44824981689453,48.430564880371094,26.32953643798828,189.60000610351562
2021-08-02,48.98185348510742,85.29717254638672,47.84310531616211,26.028160095214844,183.11000061035156
2021-08-03,49.509273529052734,86.11129760742188,48.93163299560547,26.393468856811523,192.6199951171875
2021-08-04,48.35234832763672,84.18093872070312,47.454349517822266,25.233619689941406,193.92999267578125
2021-08-05,48.65858459472656,84.96147155761719,48.33552932739258,25.49846649169922,183.4499969482422
2021-08-06,49.22004318237305,85.56575775146484,48.81068420410156,25.955101013183594,179.74000549316406
2021-08-09,48.65858459472656,84.13896179199219,47.90357971191406,25.562397003173828,185.55999755859375
2021-08-10,49.49224090576172,85.67488098144531,48.793399810791016,25.955101013183594,184.08999633789062
2021-08-11,49.63686752319336,86.32112121582031,49.406761169433594,26.46653175354004,182.2899932861328
2021-08-12,49.524600982666016,86.14486694335938,49.27718734741211,26.07382583618164,181.2899932861328
2021-08-13,49.02375030517578,85.57414245605469,48.352806091308594,25.891170501708984,175.0
2021-08-16,48.3069953918457,84.70128631591797,47.35068893432617,25.370609283447266,167.5399932861328
2021-08-17,47.978851318359375,84.54181671142578,47.10015106201172,24.83177947998047,163.47999572753906
2021-08-18,46.96849822998047,82.25367736816406,46.244869232177734,24.484737396240234,162.47000122070312
2021-08-19,45.53499221801758,80.2037353515625,45.3032112121582,24.146827697753906,162.88999938964844
2021-08-20,45.54364013671875,80.21223449707031,45.588314056396484,24.165096282958984,165.99000549316406
2021-08-23,47.41754913330078,82.27920532226562,47.333396911621094,25.105758666992188,172.24000549316406
2021-08-24,47.806129455566406,83.22338104248047,47.869014739990234,25.772441864013672,172.9199981689453
2021-08-25,47.89249038696289,83.79328918457031,48.3960075378418,25.982498168945312,172.91000366210938
2021-08-26,47.24483108520508,82.69600677490234,47.62712860107422,25.690250396728516,172.42999267578125
2021-08-27,48.16019058227539,83.90386199951172,49.01801681518555,26.55785369873047,174.99000549316406
2021-08-30,47.6334342956543,83.69121551513672,48.55150604248047,25.827238082885742,177.77999877929688
2021-08-31,47.08075714111328,82.31322479248047,47.972686767578125,25.721755981445312,173.72999572753906
2021-09-01,46.43309020996094,81.41159057617188,47.21244812011719,25.66671371459961,176.42999267578125
2021-09-02,47.56434631347656,83.11280059814453,48.897064208984375,26.2446231842041,176.88999938964844
2021-09-03,47.382991790771484,82.92567443847656,48.586063385009766,25.767616271972656,173.94000244140625
2021-09-07,47.106666564941406,82.55990600585938,48.3614501953125,25.52911376953125,168.72999572753906
2021-09-08,46.67488479614258,81.98998260498047,47.756717681884766,24.45584487915039,163.3800048828125
2021-09-09,46.70943069458008,81.65825653076172,48.015899658203125,24.41914939880371,161.36000061035156
2021-09-10,46.614444732666016,81.71781158447266,48.145477294921875,24.56592559814453,158.22000122070312
2021-09-13,47.81476974487305,83.3339614868164,49.75233459472656,25.78596305847168,160.08999633789062
2021-09-14,47.13257598876953,81.8283920288086,49.190799713134766,25.382341384887695,157.9499969482422
2021-09-15,48.72150421142578,83.56362915039062,51.246891021728516,26.82253646850586,155.52999877929688
2021-09-16,48.203372955322266,82.78105926513672,51.16914367675781,26.473953247070312,156.7899932861328
2021-09-17,47.6334342956543,82.3047103881836,50.901329040527344,25.969423294067383,160.88999938964844
2021-09-20,46.364013671875,80.62051391601562,49.303096771240234,24.997066497802734,152.44000244140625
2021-09-21,46.32084274291992,80.68006134033203,51.255531311035156,24.703523635864258,154.2899932861328
2021-09-22,47.676597595214844,83.05326080322266,53.78676986694336,24.90533447265625,158.2100067138672
2021-09-23,49.291446685791016,85.1117172241211,55.0394401550293,26.492305755615234,158.32000732421875
2021-09-24,49.731849670410156,85.571044921875,56.1711540222168,26.611555099487305,153.66000366210938
2021-09-27,51.20853042602539,87.58698272705078,57.631160736083984,27.694000244140625,155.05999755859375
2021-09-28,51.74392318725586,87.91873168945312,58.572818756103516,28.35447120666504,150.7100067138672
2021-09-29,51.70938491821289,87.89320373535156,58.7801513671875,27.822418212890625,148.39999389648438
2021-09-30,50.794029235839844,86.29407501220703,58.54689407348633,27.189470291137695,149.97000122070312
2021-10-01,52.616119384765625,88.74381256103516,60.55979537963867,27.849939346313477,155.36000061035156
2021-10-04,53.29832458496094,89.07554626464844,61.760616302490234,28.326950073242188,145.02999877929688
2021-10-05,53.211971282958984,90.04524230957031,61.967960357666016,28.060922622680664,147.41000366210938
2021-10-06,52.23614501953125,89.2541732788086,62.037071228027344,27.46466636657715,153.5800018310547
2021-10-07,52.382957458496094,89.89214324951172,61.777896881103516,28.45537567138672,157.22999572753906
2021-10-08,53.695552825927734,91.9080810546875,64.72382354736328,29.042463302612305,154.36000061035156
2021-10-11,53.16014862060547,91.1255111694336,63.903106689453125,29.77631950378418,161.25999450683594
2021-10-12,52.88381576538086,91.14251708984375,63.419342041015625,30.161598205566406,169.83999633789062
2021-10-13,52.73700714111328,91.6869125366211,63.26380920410156,30.051517486572266,173.2100067138672
2021-10-14,53.54011154174805,92.55451965332031,63.79942321777344,30.748680114746094,173.77999877929688
2021-10-15,54.04961013793945,93.23502349853516,64.04998016357422,31.18899917602539,172.9199981689453
2021-10-18,54.023704528808594,93.1924819946289,64.36099243164062,31.33576774597168,179.97000122070312
2021-10-19,54.8354377746582,95.01278686523438,65.06936645507812,31.684356689453125,187.05999755859375
2021-10-20,55.1376838684082,96.25466918945312,65.67412567138672,31.867828369140625,180.10000610351562
2021-10-21,54.135963439941406,95.04680633544922,64.4387435913086,31.464204788208008,179.8000030517578
2021-10-22,54.507286071777344,95.9484634399414,65.41495513916016,31.1064395904541,176.6999969482422
2021-10-25,55.5694580078125,96.84159088134766,66.10604858398438,31.519237518310547,179.42999267578125
2021-10-26,56.85614776611328,97.05426025390625,66.54666137695312,31.427499771118164,173.4600067138672
2021-10-27,55.37947463989258,95.32750701904297,64.6867904663086,29.84970474243164,216.22000122070312
2021-10-28,55.534915924072266,96.22065734863281,65.31256103515625,30.546875,224.4600067138672
2021-10-29,55.67308807373047,97.38600158691406,64.73892974853516,29.59285545349121,231.6300048828125
2021-11-01,56.674800872802734,97.42001342773438,64.82585144042969,30.546875,239.52999877929688
2021-11-02,55.975337982177734,96.8245849609375,63.470062255859375,30.455141067504883,237.61000061035156
2021-11-03,55.20676040649414,96.12709045410156,63.218017578125,30.253332138061523,236.5800018310547
2021-11-04,55.621273040771484,96.5523910522461,63.71339797973633,30.409273147583008,242.60000610351562
2021-11-05,56.14803695678711,97.59862518310547,65.5732650756836,30.73950958251953,237.89999389648438
2021-11-08,56.75252914428711,97.94738006591797,65.99046325683594,31.464204788208008,241.6199951171875
2021-11-09,57.30520248413086,98.67040252685547,65.83399200439453,31.317419052124023,239.38999938964844
2021-11-10,56.17624282836914,97.09678649902344,63.444000244140625,30.023998260498047,231.47999572753906
2021-11-11,56.28125762939453,97.10529327392578,62.69657516479492,30.069862365722656,250.49000549316406
2021-11-12,55.85244369506836,97.16483306884766,62.88775634765625,30.051517486572266,251.6199951171875
2021-11-15,56.333770751953125,99.36790466308594,63.20064163208008,30.01482582092285,244.7100067138672
2021-11-16,56.90262222290039,99.75917053222656,63.131107330322266,30.1707706451416,251.58999633789062
2021-11-17,56.28125762939453,99.31175231933594,62.548824310302734,29.409395217895508,254.86000061035156
2021-11-18,55.66865158081055,98.47711944580078,63.20064163208008,29.225929260253906,254.47999572753906
2021-11-19,53.09569549560547,96.29161071777344,60.497745513916016,27.56557273864746,267.739990234375
2021-11-22,53.8308219909668,98.01248168945312,62.47929000854492,27.831594467163086,261.1199951171875
2021-11-23,55.24858093261719,100.0689468383789,64.12189483642578,28.602144241333008,250.5
2021-11-24,55.55488967895508,100.83472442626953,65.0344467163086,28.81313133239746,255.10000610351562
2021-11-26,53.60329055786133,98.52877044677734,62.12297821044922,27.244508743286133,247.4199981689453
2021-11-29,53.90083694458008,98.82130432128906,62.70527267456055,27.19864273071289,256.7099914550781
2021-11-30,52.369319915771484,97.11763000488281,60.949684143066406,26.420225143432617,250.0
2021-12-01,52.325557708740234,96.45508575439453,60.141414642333984,26.14385986328125,236.86000061035156
2021-12-02,53.62954330444336,99.07083892822266,61.931766510009766,27.009798049926758,235.0
2021-12-03,53.28822326660156,98.44271850585938,61.80139923095703,26.93609619140625,217.10000610351562
2021-12-06,53.89208984375,99.9828872680664,63.27885437011719,27.645429611206055,212.94000244140625
2021-12-07,54.49594497680664,101.46284484863281,64.8084716796875,28.336332321166992,222.55999755859375
2021-12-08,54.653480529785156,101.91886138916016,64.40867614746094,28.61269187927246,225.61000061035156
2021-12-09,54.793495178222656,101.65214538574219,63.05290222167969,28.207366943359375,216.35000610351562
2021-12-10,55.14356231689453,101.82423400878906,63.86985397338867,28.5482120513916,215.02000427246094
2021-12-13,53.935848236083984,99.70755004882812,61.723175048828125,27.47960662841797,213.52000427246094
2021-12-14,53.85707473754883,100.00010681152344,61.427696228027344,27.33221435546875,202.32000732421875
2021-12-15,53.620792388916016,99.43220520019531,61.45375442504883,27.000581741333008,204.0399932861328
2021-12-16,53.70830535888672,100.3614730834961,62.31416320800781,27.359853744506836,190.85000610351562
2021-12-17,52.53559494018555,97.74574279785156,59.628658294677734,26.6873722076416,189.11000061035156
2021-12-20,51.774208068847656,97.78878021240234,59.619991302490234,26.226768493652344,178.72999572753906
2021-12-21,52.94691848754883,99.35478210449219,61.427696228027344,27.129554748535156,189.0
2021-12-22,53.375755310058594,99.92266845703125,61.775352478027344,27.17561149597168,189.3300018310547
2021-12-23,53.40200424194336,100.1635971069336,61.87093734741211,27.240095138549805,188.1699981689453
2021-12-27,54.163394927978516,102.21141815185547,63.62649917602539,27.488819122314453,188.69000244140625
2021-12-28,53.98834991455078,102.01354217529297,63.548274993896484,27.737548828125,186.7899932861328
2021-12-29,53.515769958496094,101.4886474609375,63.37446212768555,27.313793182373047,185.47000122070312
2021-12-30,53.20071029663086,101.0412368774414,62.818260192871094,27.47039794921875,186.41000366210938
2021-12-31,53.5507698059082,100.97239685058594,62.9054069519043,27.590152740478516,182.94000244140625
2022-01-03,55.607398986816406,102.61582946777344,64.29109191894531,29.220685958862305,184.4499969482422
2022-01-04,57.699012756347656,104.48297882080078,67.07990264892578,30.63935089111328,178.27999877929688
2022-01-05,58.4166374206543,105.1627426147461,65.92953491210938,30.63935089111328,157.1999969482422
2022-01-06,59.79063034057617,106.05757904052734,68.40460205078125,31.367097854614258,151.49000549316406
2022-01-07,60.28071975708008,107.58055114746094,70.27835083007812,32.269893646240234,145.1300048828125
2022-01-10,59.921905517578125,107.64939880371094,70.61821746826172,32.352806091308594,147.1300048828125
2022-01-11,62.44236373901367,110.11024475097656,72.84929656982422,33.60563659667969,148.50999450683594
2022-01-12,62.25857925415039,109.5595703125,73.55522155761719,33.57799530029297,149.27999877929688
2022-01-13,61.81224822998047,109.10354614257812,72.87544250488281,33.32006072998047,143.49000549316406
2022-01-14,62.89743423461914,110.96208190917969,75.59452819824219,34.83083724975586,142.83999633789062
2022-01-18,63.95638656616211,111.32347106933594,76.26561737060547,34.58210754394531,135.9199981689453
2022-01-19,63.98263168334961,110.9190673828125,76.06514739990234,34.17678451538086,134.5800018310547
2022-01-20,64.1226577758789,110.52325439453125,74.62715911865234,34.1307258605957,134.69000244140625
2022-01-21,63.15999221801758,109.19820404052734,72.09107971191406,33.495094299316406,126.0199966430664
2022-01-24,63.70258712768555,109.43051147460938,72.3525161743164,33.716182708740234,128.10000610351562
2022-01-25,65.5754165649414,114.08546447753906,75.91700744628906,35.73362731933594,122.6500015258789
2022-01-26,64.91029357910156,114.17151641845703,75.87342834472656,36.66404342651367,121.75
2022-01-27,65.74169921875,116.47749328613281,78.13934326171875,35.79811477661133,119.97000122070312
2022-01-28,65.88172149658203,112.3818130493164,77.75587463378906,36.553497314453125,123.86000061035156
2022-01-31,66.4768295288086,113.0013198852539,77.23297882080078,35.9915657043457,140.47000122070312
2022-02-01,70.73883819580078,115.97844696044922,79.77777099609375,36.40610122680664,142.6699981689453
2022-02-02,70.5550537109375,116.51190185546875,80.3616943359375,36.15738296508789,139.50999450683594
2022-02-03,69.73240661621094,115.47077178955078,79.19385528564453,35.5401725769043,132.91000366210938
2022-02-04,71.24642944335938,116.91631317138672,80.06537628173828,35.47568893432617,141.22999572753906
2022-02-07,72.10408020019531,119.21369171142578,80.99789428710938,37.09700393676758,140.77000427246094
2022-02-08,70.23999786376953,117.39816284179688,79.5947494506836,35.946537017822266,144.5
2022-02-09,69.90374755859375,118.55976104736328,81.00658416748047,36.4085693359375,161.88999938964844
2022-02-10,69.23126220703125,117.05397033691406,80.10025024414062,36.1960334777832,154.63999938964844
2022-02-11,70.97442626953125,119.43736267089844,81.91332244873047,37.53594970703125,145.69000244140625
2022-02-14,69.88607025146484,117.5960693359375,80.18781280517578,36.31616973876953,143.92999267578125
2022-02-15,69.01005554199219,116.73527526855469,78.5499038696289,37.046180725097656,154.2899932861328
2022-02-16,69.32859802246094,116.77005767822266,79.01412963867188,38.52470016479492,154.02999877929688
2022-02-17,69.22241973876953,116.17011260986328,79.84622192382812,37.98875427246094,148.3699951171875
2022-02-18,68.45259094238281,116.0049057006836,78.50611114501953,37.15707778930664,140.35000610351562
2022-02-22,67.65620422363281,115.1180648803711,76.92949676513672,36.547176361083984,133.02999877929688
2022-02-23,67.9305191040039,117.85689544677734,77.27986907958984,36.72276306152344,126.55999755859375
2022-02-24,67.07221221923828,117.24827575683594,76.84191131591797,35.41057205200195,147.35000610351562
2022-02-25,68.87732696533203,122.05644989013672,79.94256591796875,36.45477294921875,153.72999572753906
2022-02-28,69.3905258178711,125.20393371582031,83.08702850341797,36.26072311401367,166.6999969482422
2022-03-01,70.05419158935547,130.17730712890625,84.9263916015625,34.8099250793457,170.60000610351562
2022-03-02,71.25757598876953,134.02040100097656,85.87236022949219,36.26072311401367,163.88999938964844
2022-03-03,71.70886993408203,135.82887268066406,85.32054901123047,35.59539031982422,159.02999877929688
2022-03-04,74.40766906738281,137.94168090820312,87.82556915283203,35.98349380493164,158.14999389648438
2022-03-07,77.08879852294922,140.8892059326172,88.70147705078125,38.9035758972168,158.80999755859375
2022-03-08,77.67279052734375,148.2710418701172,86.53801727294922,41.657325744628906,175.99000549316406
2022-03-09,73.25736999511719,144.5670928955078,84.26946258544922,39.32865524291992,179.8699951171875
2022-03-10,75.53144836425781,148.523193359375,87.34386444091797,40.104881286621094,178.72000122070312
2022-03-11,75.1421127319336,148.5926971435547,86.19644927978516,39.64284896850586,171.07000732421875
2022-03-14,72.45213317871094,144.95831298828125,84.5672836303711,38.39533996582031,157.63999938964844
2022-03-15,68.32872009277344,137.62001037597656,83.25345611572266,36.279205322265625,164.63999938964844
2022-03-16,68.07210540771484,137.1244354248047,83.05197143554688,35.00398254394531,177.2100067138672
2022-03-17,69.88607025146484,139.49806213378906,86.5643081665039,36.510223388671875,180.85000610351562
2022-03-18,69.61174011230469,140.61965942382812,87.23873901367188,36.71352767944336,184.52000427246094
2022-03-21,72.73529815673828,143.14979553222656,90.00654602050781,38.062660217285156,185.4499969482422
2022-03-22,72.416748046875,142.6715850830078,89.1394271850586,38.0719108581543,189.25
2022-03-23,73.55821990966797,144.2105712890625,91.41673278808594,39.19004440307617,190.19000244140625
2022-03-24,73.77943420410156,144.59315490722656,91.56564331054688,39.4025764465332,197.83999633789062
2022-03-25,75.3898696899414,147.21026611328125,94.15827941894531,40.363624572753906,193.80999755859375
2022-03-28,73.27505493164062,144.6366424560547,90.65470886230469,38.56167221069336,195.52000427246094
2022-03-29,72.88572692871094,142.87159729003906,88.19347381591797,39.39333724975586,202.36000061035156
2022-03-30,74.13336944580078,143.8802032470703,88.81719970703125,39.005226135253906,196.64999389648438
2022-03-31,73.08039093017578,141.5760955810547,87.85083770751953,38.17356491088867,201.77999877929688
2022-04-01,73.54936218261719,142.78466796875,88.36039733886719,38.52470016479492,205.88999938964844
2022-04-04,73.58477020263672,142.91506958007812,88.33403015136719,38.39533996582031,216.3800048828125
2022-04-05,73.20426940917969,142.03689575195312,86.13773345947266,37.388092041015625,211.22999572753906
2022-04-06,74.0183334350586,143.29763793945312,85.68970489501953,37.68379211425781,203.99000549316406
2022-04-07,75.25714111328125,145.28875732421875,87.8156967163086,37.859375,206.9499969482422
2022-04-08,76.84103393554688,147.74932861328125,90.5302963256836,39.31941223144531,195.13999938964844
2022-04-11,74.19530487060547,143.94972229003906,86.07626342773438,38.192039489746094,187.8800048828125
2022-04-12,75.74382019042969,146.9493865966797,87.85083770751953,38.376853942871094,185.9499969482422
2022-04-13,76.81448364257812,149.26222229003906,88.05290985107422,39.337894439697266,193.22999572753906
2022-04-14,77.71704864501953,149.19264221191406,89.05441284179688,39.96626663208008,190.50999450683594
2022-04-18,78.3541488647461,151.1924591064453,90.8992691040039,40.363624572753906,190.02999877929688
2022-04-19,77.65510559082031,149.40133666992188,89.2213134765625,40.13259506225586,195.60000610351562
2022-04-20,77.83207702636719,150.00997924804688,90.19646453857422,39.439537048339844,178.52999877929688
2022-04-21,77.00916290283203,143.09767150878906,86.68242645263672,37.56367492675781,156.55999755859375
2022-04-22,75.32792663574219,139.9414825439453,84.34558868408203,38.48774719238281,153.6300048828125
2022-04-25,72.78839111328125,136.93309020996094,80.52408599853516,35.752479553222656,157.60000610351562
2022-04-26,72.81493377685547,136.098388671875,80.22541046142578,36.53794479370117,153.8300018310547
2022-04-27,74.89435577392578,135.84628295898438,81.75399017333984,36.916812896728516,165.7100067138672
2022-04-28,77.15957641601562,140.67184448242188,85.6985092163086,37.06467056274414,164.47000122070312
2022-04-29,75.43412017822266,136.22012329101562,83.91511535644531,36.04819107055664,161.39999389648438
2022-05-02,76.4605484008789,138.8981170654297,84.26652526855469,36.140602111816406,168.3300018310547
2022-05-03,78.03559112548828,141.28048706054688,86.91083526611328,37.10163497924805,174.52999877929688
2022-05-04,81.14144134521484,145.7147674560547,91.24189758300781,39.36561584472656,191.94000244140625
2022-05-05,79.91149139404297,144.55833435058594,90.36338806152344,38.88509750366211,181.13999938964844
2022-05-06,81.13259887695312,148.41015625,94.6065902709961,39.76296615600586,165.88999938964844
2022-05-09,74.73506927490234,138.46339416503906,85.39100646972656,35.151832580566406,150.50999450683594
2022-05-10,75.2305908203125,139.79367065429688,86.09382629394531,35.01322555541992,151.64999389648438
2022-05-11,76.79680633544922,141.86302185058594,87.00749969482422,35.4567756652832,137.5500030517578
2022-05-12,77.14542388916016,143.21070861816406,87.49943542480469,36.0666618347168,140.94000244140625
2022-05-13,79.43385314941406,145.95823669433594,90.40730285644531,37.64684295654297,157.7899932861328
2022-05-16,81.30215454101562,150.4272918701172,93.09880065917969,38.9405403137207,151.02999877929688
2022-05-17,82.339111328125,151.31419372558594,94.44012451171875,39.68904495239258,158.11000061035156
2022-05-18,81.03398132324219,147.32554626464844,92.19869232177734,38.00723648071289,156.1699981689453
2022-05-19,81.47200012207031,146.27359008789062,92.31339263916016,37.74849319458008,165.5399932861328
2022-05-20,82.11563110351562,147.1151580810547,92.67520904541016,37.997989654541016,168.25
2022-05-23,83.93028259277344,150.5339813232422,96.20502471923828,40.4837532043457,169.5500030517578
2022-05-24,84.38618469238281,151.34046936035156,96.61095428466797,40.566925048828125,162.50999450683594
2022-05-25,86.08462524414062,153.76873779296875,98.12877655029297,41.629600524902344,169.27999877929688
2022-05-26,86.3885726928711,154.80316162109375,99.84955596923828,43.14508056640625,178.77999877929688
2022-05-27,87.23778533935547,156.28463745117188,101.12909698486328,44.5496826171875,188.9499969482422
2022-05-31,85.81645202636719,153.11126708984375,99.15243530273438,42.6252326965332,186.19000244140625
2022-06-01,87.46125793457031,154.5664825439453,102.14393615722656,43.29299545288086,182.49000549316406
2022-06-02,87.3093032836914,154.2859344482422,101.44676971435547,42.9405632019043,198.92999267578125
2022-06-03,88.57867431640625,155.6885223388672,104.23534393310547,44.02568054199219,196.33999633789062
2022-06-06,88.35519409179688,155.0135498046875,103.58233642578125,43.7938117980957,206.97000122070312
2022-06-07,92.40464782714844,157.96775817871094,108.28580474853516,45.37974166870117,209.6300048828125
2022-06-08,93.49522399902344,158.7830352783203,107.53573608398438,45.97330093383789,204.77000427246094
2022-06-09,91.4749755859375,155.61839294433594,104.62360382080078,44.647056579589844,200.50999450683594
2022-06-10,89.8033447265625,153.75994873046875,103.09697723388672,43.784542083740234,196.19000244140625
2022-06-13,85.68235778808594,146.6855926513672,98.62294006347656,41.104225158691406,178.24000549316406
2022-06-14,85.90583801269531,146.8784637451172,98.3846664428711,40.084049224853516,179.52000427246094
2022-06-15,84.82418823242188,143.99436950683594,96.47858428955078,38.507389068603516,188.47999572753906
2022-06-16,81.69548797607422,136.29759216308594,90.3808364868164,35.6879768371582,169.60000610351562
2022-06-17,76.98450469970703,130.0735321044922,82.72114562988281,33.98147964477539,184.75
2022-06-21,81.77594757080078,135.51739501953125,87.60992431640625,36.00330352783203,193.2899932861328
2022-06-22,78.53993225097656,129.62648010253906,82.12106323242188,34.79762268066406,193.42999267578125
2022-06-23,76.17103576660156,124.8576431274414,77.55878448486328,32.441917419433594,200.6699981689453
2022-06-24,77.68177032470703,126.90894317626953,80.22380065917969,32.51612091064453,198.38999938964844
2022-06-27,79.58582305908203,129.3634796142578,82.02018737792969,33.285888671875,206.1699981689453
2022-06-28,81.79381561279297,131.4410858154297,84.67919921875,34.28752899169922,190.64999389648438
2022-06-29,78.77235412597656,128.8462677001953,81.33543395996094,33.55485534667969,184.63999938964844
2022-06-30,76.55543518066406,126.917724609375,79.86808013916016,33.16532897949219,195.24000549316406
2022-07-01,78.26282501220703,128.43426513671875,80.90856170654297,33.06330871582031,195.72000122070312
2022-07-05,75.81348419189453,125.05929565429688,75.2703857421875,30.911640167236328,192.58999633789062
2022-07-06,74.4457778930664,123.41120910644531,74.11429595947266,30.355178833007812,194.92999267578125
2022-07-07,76.82361602783203,125.81317138671875,76.79108428955078,31.885459899902344,206.83999633789062
2022-07-08,76.94876861572266,125.15570068359375,76.88893127441406,31.829811096191406,216.4499969482422
2022-07-11,76.55543518066406,124.05113983154297,76.07965850830078,30.948740005493164,206.05999755859375
2022-07-12,75.5363540649414,121.78068542480469,74.21212005615234,30.355178833007812,189.47000122070312
2022-07-13,75.84030151367188,120.9654312133789,73.9097671508789,29.947101593017578,192.6300048828125
2022-07-14,74.32063293457031,119.16836547851562,72.5758056640625,29.056760787963867,196.9199981689453
2022-07-15,75.57212829589844,120.66737365722656,73.71411895751953,29.95638084411621,194.91000366210938
2022-07-18,76.96664428710938,122.35926055908203,75.65279388427734,30.72615623474121,206.42999267578125
2022-07-19,78.90644073486328,126.76868438720703,78.68531036376953,31.73706817626953,213.33999633789062
2022-07-20,79.77354431152344,128.4430389404297,80.66844940185547,31.662872314453125,218.8300018310547
2022-07-21,78.44159698486328,127.46121215820312,79.08548736572266,31.189878463745117,219.77999877929688
2022-07-22,77.84268188476562,126.40049743652344,78.37405395507812,32.525390625,211.5399932861328
2022-07-25,80.43504333496094,130.1612091064453,81.86011505126953,33.54557418823242,218.5500030517578
2022-07-26,80.12217712402344,129.1443328857422,81.0063705444336,33.01693344116211,216.10000610351562
2022-07-27,81.85638427734375,130.84500122070312,82.9450454711914,33.6939697265625,254.77000427246094
2022-07-28,82.81288146972656,131.8355712890625,83.6476058959961,33.118953704833984,274.17999267578125
2022-07-29,86.64779663085938,143.57357788085938,86.64454650878906,34.34318161010742,284.17999267578125
2022-08-01,84.45769500732422,140.70700073242188,84.5724868774414,33.758888244628906,280.8900146484375
2022-08-02,84.09117889404297,139.50601196289062,84.22564697265625,34.0278434753418,292.260009765625
2022-08-03,81.3647232055664,136.19241333007812,81.2109146118164,32.96128845214844,290.25
2022-08-04,77.94100952148438,132.49302673339844,79.93032836914062,31.486661911010742,295.82000732421875
2022-08-05,79.06734466552734,134.68460083007812,82.5715560913086,32.145137786865234,300.9100036621094
2022-08-08,79.51429748535156,134.4829864501953,83.26521301269531,32.13587188720703,287.739990234375
2022-08-09,80.98033905029297,136.23623657226562,84.93708038330078,32.451194763183594,290.82000732421875
2022-08-10,81.74910736083984,136.5956573486328,85.35506439208984,32.38627243041992,303.25
2022-08-11,84.11393737792969,139.9268341064453,89.25020599365234,34.21333312988281,292.8999938964844
2022-08-12,84.8450698852539,140.12844848632812,91.37561798095703,34.4451904296875,299.260009765625
2022-08-15,83.32868194580078,137.46351623535156,90.01781463623047,33.16532897949219,301.1300048828125
2022-08-16,82.55245208740234,137.11289978027344,89.41929626464844,32.99839401245117,292.94000244140625
2022-08-17,83.22036743164062,138.2437286376953,90.54486083984375,32.83144760131836,293.1300048828125
2022-08-18,85.18804168701172,140.66751098632812,93.68927001953125,34.43592834472656,294.0
2022-08-19,84.91727447509766,139.490966796875,93.9215316772461,34.42665100097656,283.70001220703125
2022-08-22,84.85408020019531,138.79212951660156,94.0108413696289,34.24115753173828,280.760009765625
2022-08-23,88.45549011230469,143.29470825195312,96.87834930419922,36.504119873046875,285.4100036621094
2022-08-24,88.97901153564453,144.3562469482422,98.72747039794922,37.01420974731445,293.0899963378906
2022-08-25,89.4393310546875,145.6211395263672,100.12104797363281,37.25534439086914,299.80999755859375
2022-08-26,88.33815002441406,144.55084228515625,100.15677642822266,36.55976486206055,288.5899963378906
2022-08-29,90.3690185546875,145.63002014160156,101.31803131103516,37.45010757446289,284.82000732421875
2022-08-30,86.93006896972656,142.08279418945312,98.7096176147461,35.87346267700195,285.7699890136719
2022-08-31,86.28021240234375,139.81825256347656,97.77165222167969,35.38191223144531,286.44000244140625
2022-09-01,84.72772216796875,137.58909606933594,96.05651092529297,34.176239013671875,281.8599853515625
2022-09-02,86.28021240234375,139.63250732421875,98.49522399902344,35.30772018432617,279.07000732421875
2022-09-06,85.70252227783203,138.9867401123047,97.03914642333984,34.80923843383789,292.82000732421875
2022-09-07,84.97142028808594,137.208740234375,95.36868286132812,34.52973175048828,316.30999755859375
2022-09-08,85.66642761230469,137.9517822265625,96.7622299194336,35.56394958496094,317.4100036621094
2022-09-09,87.1015853881836,141.50787353515625,100.02277374267578,36.94289779663086,305.70001220703125
2022-09-12,88.10346984863281,143.74583435058594,102.1845703125,37.40876007080078,308.92999267578125
2022-09-13,86.04552459716797,141.01246643066406,100.34436798095703,35.84346008300781,305.5
2022-09-14,88.1576156616211,144.42698669433594,105.15030670166016,37.49261474609375,320.6199951171875
2022-09-15,85.59422302246094,142.08279418945312,103.22969818115234,36.92426300048828,312.17999267578125
2022-09-16,84.13199615478516,138.39405822753906,101.05899047851562,35.75028610229492,318.010009765625
2022-09-19,84.12297058105469,138.79212951660156,100.82673645019531,36.309322357177734,316.2300109863281
2022-09-20,83.43698120117188,138.2436981201172,100.11209106445312,35.87141036987305,304.7099914550781
2022-09-21,82.09210968017578,137.1202392578125,99.23667907714844,35.01423645019531,304.55999755859375
2022-09-22,81.74911499023438,137.0141143798828,98.31655883789062,35.61984634399414,283.6300048828125
2022-09-23,77.39855194091797,128.06207275390625,89.85701751708984,32.610374450683594,279.489990234375
2022-09-26,75.80093383789062,124.69180297851562,88.61532592773438,31.548208236694336,274.9200134277344
2022-09-27,77.3895263671875,124.744873046875,88.22228240966797,31.66001319885254,284.80999755859375
2022-09-28,80.20565795898438,128.95550537109375,93.33293151855469,33.02033233642578,292.30999755859375
2022-09-29,80.04317474365234,128.06207275390625,93.93098449707031,33.51415252685547,277.8399963378906
2022-09-30,78.80661010742188,127.08902740478516,92.73487854003906,33.44892883300781,277.4700012207031
2022-10-03,82.96763610839844,134.21881103515625,99.64876556396484,35.685062408447266,286.6099853515625
2022-10-04,85.99137115478516,139.43789672851562,104.76848602294922,36.4490852355957,288.25
2022-10-05,89.46641540527344,140.2340087890625,105.0494155883789,38.73180389404297,261.6000061035156
2022-10-06,92.12007904052734,142.7904815673828,106.60796356201172,39.5890007019043,257.45001220703125
2022-10-07,91.19037628173828,141.56088256835938,107.38725280761719,39.68217086791992,255.14999389648438
2022-10-10,89.21366882324219,139.0044403076172,105.8377456665039,39.253570556640625,258.17999267578125
2022-10-11,88.45549011230469,139.03099060058594,104.73223876953125,38.90884017944336,255.8000030517578
2022-10-12,88.84359741210938,139.44674682617188,105.38468170166016,39.15108108520508,248.1300048828125
2022-10-13,91.94857025146484,146.20501708984375,111.22025299072266,41.17292785644531,248.6999969482422
2022-10-14,89.52960205078125,141.65818786621094,106.88887023925781,39.281524658203125,237.8699951171875
2022-10-17,90.82032012939453,142.6931915283203,107.25133514404297,39.9337272644043,242.2899932861328
2022-10-18,90.98277282714844,143.94046020507812,106.82542419433594,40.39959716796875,251.4199981689453
2022-10-19,93.68158721923828,148.61109924316406,109.74320983886719,42.36553192138672,243.19000244140625
2022-10-20,93.80792999267578,149.46031188964844,110.37752532958984,42.570518493652344,244.2899932861328
2022-10-21,95.54998779296875,153.2021026611328,112.8060073852539,46.96825408935547,252.0
2022-10-24,96.21790313720703,153.14906311035156,113.39498138427734,48.58945083618164,253.3000030517578
2022-10-25,95.56803131103516,154.74127197265625,112.3076171875,48.88761520385742,265.5899963378906
2022-10-26,96.705322265625,156.65200805664062,114.6907730102539,48.617408752441406,291.8699951171875
2022-10-27,97.07538604736328,157.36851501464844,114.75419616699219,48.151546478271484,306.0799865722656
2022-10-28,99.91859436035156,159.20849609375,115.23446655273438,47.005531311035156,305.25
2022-10-31,100.01787567138672,160.02227783203125,114.2558364868164,48.47764587402344,307.0
2022-11-01,101.01075744628906,161.18994140625,115.78722381591797,48.030426025390625,299.4800109863281
2022-11-02,98.93476867675781,157.89926147460938,114.63642120361328,47.648414611816406,289.5
2022-11-03,100.27962493896484,160.22576904296875,121.26033020019531,48.26334762573242,296.1099853515625
2022-11-04,101.37179565429688,162.25144958496094,119.90111541748047,49.4745979309082,282.44000244140625
2022-11-07,102.57225036621094,164.188720703125,122.27521514892578,51.067840576171875,268.8299865722656
2022-11-08,102.89720153808594,163.9499053955078,121.82213592529297,50.95603561401367,280.07000732421875
2022-11-09,98.29389190673828,157.39508056640625,113.50373077392578,49.44664001464844,284.75
2022-11-10,99.73807525634766,160.3761444091797,117.30953979492188,49.4745979309082,309.25
2022-11-11,102.85205841064453,164.9405975341797,121.38719177246094,51.077171325683594,292.010009765625
2022-11-14,103.1523208618164,165.02023315429688,121.00515747070312,50.37836456298828,297.94000244140625
2022-11-15,103.84382629394531,166.34710693359375,121.96935272216797,50.93739700317383,300.7300109863281
2022-11-16,102.7337875366211,163.64027404785156,117.55774688720703,49.372108459472656,305.17999267578125
2022-11-17,102.87026977539062,164.10382080078125,119.33147430419922,49.22303009033203,312.9599914550781
2022-11-18,101.97858428955078,163.1232452392578,116.96648406982422,49.791385650634766,311.94000244140625
2022-11-21,100.96864318847656,161.56324768066406,114.14671325683594,48.70125961303711,308.1000061035156
2022-11-22,103.88931274414062,165.70838928222656,118.2308578491211,49.977725982666016,320.44000244140625
2022-11-23,103.37068176269531,164.23756408691406,115.28373718261719,47.9092903137207,315.7799987792969
2022-11-25,103.00674438476562,163.75616455078125,115.34739685058594,47.359580993652344,319.4200134277344
2022-11-28,99.91316986083984,158.9958953857422,112.6458511352539,46.47443771362305,312.2099914550781
2022-11-29,100.57737731933594,161.37600708007812,113.018798828125,47.564552307128906,303.3900146484375
2022-11-30,101.3052749633789,163.4084930419922,112.34569549560547,48.030426025390625,320.5899963378906
2022-12-01,100.81394958496094,162.67755126953125,111.93637084960938,48.22608184814453,314.0
2022-12-02,99.95866394042969,161.37600708007812,111.13592529296875,49.18575668334961,336.0
2022-12-05,97.2199478149414,157.39129638671875,108.57991790771484,47.872032165527344,335.82000732421875
2022-12-06,94.51762390136719,153.3352813720703,105.15979766845703,47.56818771362305,309.7300109863281
2022-12-07,94.30835723876953,153.78993225097656,104.49577331542969,46.55847930908203,317.04998779296875
2022-12-08,95.00895690917969,154.69920349121094,102.421875,46.67066955566406,319.8699951171875
2022-12-09,94.20825958251953,149.7606964111328,100.0750732421875,43.912689208984375,319.54998779296875
2022-12-12,96.52845001220703,151.32066345214844,101.67597198486328,45.9040412902832,320.8599853515625
2022-12-13,97.58390045166016,154.6902618408203,103.15865325927734,47.727108001708984,325.989990234375
2022-12-14,96.86510467529297,153.6205596923828,102.66744232177734,47.1474723815918,332.79998779296875
2022-12-15,95.93702697753906,152.4706268310547,102.37638854980469,46.848304748535156,314.05999755859375
2022-12-16,95.26373291015625,150.40249633789062,100.45710754394531,46.16582107543945,303.3900146484375
2022-12-19,95.69136810302734,151.43655395507812,100.45710754394531,46.58652877807617,305.010009765625
2022-12-20,97.07438659667969,153.92364501953125,102.46734619140625,48.390899658203125,302.07000732421875
2022-12-21,98.3208999633789,155.73324584960938,105.76923370361328,49.84000778198242,317.1000061035156
2022-12-22,96.33736419677734,153.39768981933594,102.69474029541016,48.044986724853516,298.8699951171875
2022-12-23,98.88502502441406,158.14013671875,107.13387298583984,49.54084396362305,293.95001220703125
2022-12-27,100.25891876220703,160.1280059814453,108.43357849121094,50.01765060424805,274.5400085449219
2022-12-28,98.61205291748047,157.76573181152344,105.5412826538086,49.17622375488281,267.3800048828125
2022-12-29,99.358154296875,158.96023559570312,106.52976989746094,49.46604919433594,265.489990234375
2022-12-30,100.35900115966797,160.0032196044922,108.0033950805664,49.980255126953125,264.9599914550781
2023-01-03,96.91059112548828,155.100341796875,103.53682708740234,48.14781951904297,253.30999755859375
2023-01-04,97.1926498413086,153.45118713378906,103.73816680908203,48.33481216430664,251.63999938964844
2023-01-05,99.36724090576172,156.2146453857422,106.87760925292969,49.241668701171875,240.3699951171875
2023-01-06,100.56828308105469,157.39129638671875,108.21389770507812,50.952552795410156,233.64999389648438
2023-01-09,98.69395446777344,156.16114807128906,107.4176025390625,52.01835250854492,227.94000244140625
2023-01-10,100.1679458618164,156.92776489257812,108.07662200927734,52.31752395629883,229.8300018310547
2023-01-11,101.33258056640625,156.1790008544922,108.22306823730469,52.65408706665039,238.82000732421875
2023-01-12,103.0158462524414,157.85487365722656,109.98039245605469,54.22473907470703,241.72000122070312
2023-01-13,102.95215606689453,158.2827606201172,111.1794204711914,54.48651123046875,245.8300018310547
2023-01-17,102.75198364257812,160.89463806152344,110.05361938476562,54.65479278564453,251.05999755859375
2023-01-18,100.64108276367188,157.9885711669922,108.50679016113281,53.41136932373047,250.30999755859375
2023-01-19,101.28707885742188,159.56642150878906,109.50445556640625,53.64509582519531,222.97000122070312
2023-01-20,103.1341323852539,161.2601318359375,111.48146057128906,53.61704635620117,222.5399932861328
2023-01-23,102.59730529785156,161.04620361328125,109.95294189453125,52.224037170410156,228.44000244140625
2023-01-24,103.55266571044922,161.1977081298828,108.7447738647461,51.85941696166992,219.47000122070312
2023-01-25,103.00674438476562,159.63775634765625,110.17261505126953,52.58864974975586,210.32000732421875
2023-01-26,107.14667510986328,167.40208435058594,114.09001159667969,53.7292366027832,208.02000427246094
2023-01-27,105.19043731689453,159.96755981445312,113.13813018798828,53.26177978515625,210.08999633789062
2023-01-30,103.3252182006836,155.2875213623047,110.31904602050781,52.67279052734375,212.22000122070312
2023-01-31,105.55439758300781,155.12709045410156,111.54553985595703,53.27113342285156,221.3800048828125
2023-02-01,104.39886474609375,152.75588989257812,107.72879791259766,52.07444763183594,227.13999938964844
2023-02-02,101.13240814208984,150.66099548339844,101.8709945678711,48.886409759521484,227.6999969482422
2023-02-03,101.83300018310547,151.05323791503906,98.95123291015625,49.213626861572266,222.92999267578125
2023-02-06,101.6601333618164,151.2226104736328,98.38377380371094,49.63433074951172,222.99000549316406
2023-02-07,104.56262969970703,155.18948364257812,102.52999114990234,50.62063217163086,228.4600067138672
2023-02-08,103.65276336669922,151.5435028076172,101.40420532226562,51.39088439941406,218.8699951171875
2023-02-09,104.04399871826172,150.15289306640625,100.61705017089844,50.57366943359375,209.60000610351562
2023-02-10,108.42959594726562,153.29965209960938,105.31246185302734,52.94078826904297,212.07000732421875
2023-02-13,108.00782775878906,152.44386291503906,103.25310516357422,53.833160400390625,212.57000732421875
2023-02-14,106.74254608154297,153.61166381835938,104.39309692382812,53.37287139892578,208.35000610351562
2023-02-15,106.42163848876953,151.9928741455078,102.64631652832031,52.59324264526367,217.8699951171875
2023-02-16,106.1098861694336,149.79855346679688,99.62163543701172,52.395973205566406,202.8000030517578
2023-02-17,102.02980041503906,146.45314025878906,95.72356414794922,50.104000091552734,204.99000549316406
2023-02-21,101.92893981933594,144.78941345214844,96.81758880615234,50.160362243652344,201.64999389648438
2023-02-22,100.60865783691406,144.20484924316406,95.6867904663086,49.23041915893555,203.57000732421875
2023-02-23,101.53468322753906,145.62571716308594,96.92790222167969,50.0852165222168,204.7100067138672
2023-02-24,101.54385375976562,146.05743408203125,96.76244354248047,50.64881134033203,198.9600067138672
2023-02-27,101.36048889160156,146.42617797851562,97.32325744628906,51.099693298339844,210.77999877929688
2023-02-28,100.77369689941406,144.58255004882812,95.01566314697266,49.98189163208008,210.52999877929688
2023-03-01,101.6722183227539,145.7336883544922,97.6817855834961,51.559967041015625,212.9499969482422
2023-03-02,102.13983154296875,146.1923065185547,99.59404754638672,51.94509506225586,211.55999755859375
2023-03-03,103.43260955810547,148.35067749023438,99.87905883789062,52.59324264526367,217.16000366210938
2023-03-06,104.34949493408203,149.43885803222656,100.72486114501953,51.99205780029297,225.35000610351562
2023-03-07,102.3323745727539,147.51434326171875,98.96887969970703,50.76153564453125,224.2100067138672
2023-03-08,100.8378677368164,146.5790557861328,98.582763671875,50.291866302490234,218.30999755859375
2023-03-09,100.05851745605469,144.34872436523438,97.27726745605469,49.02376937866211,215.85000610351562
2023-03-10,98.82074737548828,143.59329223632812,95.81549072265625,47.90596008300781,210.22000122070312
2023-03-13,97.6838150024414,142.72996520996094,92.56096649169922,45.87700271606445,211.52999877929688
2023-03-14,98.05057525634766,144.5735626220703,93.18614196777344,46.36545944213867,213.00999450683594
2023-03-15,93.17279815673828,138.31434631347656,87.55964660644531,42.570556640625,205.75999450683594
2023-03-16,92.6318359375,138.75497436523438,88.62610626220703,43.378379821777344,201.10000610351562
2023-03-17,91.54075622558594,137.00132751464844,86.77821350097656,41.96937942504883,183.63999938964844
2023-03-20,93.93379974365234,139.01577758789062,88.40545654296875,43.41595458984375,192.50999450683594
2023-03-21,98.14226531982422,143.2695770263672,91.66918182373047,45.350982666015625,207.6300048828125
2023-03-22,95.89590454101562,140.3557891845703,90.437255859375,44.52436447143555,202.14999389648438
2023-03-23,94.81399536132812,138.9618377685547,88.64447784423828,42.72084045410156,204.66000366210938
2023-03-24,94.92401885986328,140.3467559814453,87.73432922363281,41.86605453491211,195.99000549316406
2023-03-27,97.00533294677734,141.77670288085938,89.6190185546875,43.932579040527344,195.8300018310547
2023-03-28,98.21561431884766,143.4314422607422,90.59031677246094,44.74980545043945,193.52000427246094
2023-03-29,99.90266418457031,144.66346740722656,92.27391052246094,45.74549865722656,203.9499969482422
2023-03-30,100.38859558105469,146.03945922851562,91.8114013671875,45.78306579589844,205.27000427246094
2023-03-31,100.54448699951172,146.73190307617188,91.77439880371094,46.1212272644043,210.27999877929688
2023-04-03,106.47664642333984,152.83824157714844,100.29411315917969,49.155277252197266,202.60000610351562
2023-04-04,105.45890808105469,152.01986694335938,98.3330078125,47.39872741699219,202.5399932861328
2023-04-05,107.26515197753906,152.77529907226562,99.67433166503906,47.62416458129883,193.6699981689453
2023-04-06,105.48641204833984,150.7698516845703,98.29600524902344,46.60968017578125,191.0
2023-04-10,105.01881408691406,151.34536743164062,98.00923156738281,47.00421142578125,195.8000030517578
2023-04-11,105.76148223876953,152.18174743652344,98.74927520751953,48.03746795654297,196.8800048828125
2023-04-12,105.6514663696289,152.7213592529297,99.47081756591797,48.826507568359375,196.02999877929688
2023-04-13,106.14656066894531,154.76275634765625,100.8676528930664,48.741973876953125,209.69000244140625
2023-04-14,106.4032974243164,155.07752990722656,100.36812591552734,49.29617691040039,208.89999389648438
2023-04-17,105.1655044555664,153.7105712890625,97.69471740722656,48.901649475097656,224.9199981689453
2023-04-18,107.21931457519531,153.35086059570312,97.08418273925781,49.004974365234375,227.8699951171875
2023-04-19,106.88006591796875,153.49473571777344,97.37095642089844,49.437076568603516,224.27000427246094
2023-04-20,106.02737426757812,152.748291015625,96.00188446044922,48.81711959838867,224.7899932861328
2023-04-21,106.36662292480469,152.09182739257812,94.5958023071289,46.77876281738281,223.61000061035156
2023-04-24,108.37457275390625,154.2141876220703,95.88162994384766,47.17328643798828,224.60000610351562
2023-04-25,106.834228515625,151.9748992919922,94.43853759765625,45.98972702026367,220.60000610351562
2023-04-26,105.85316467285156,149.26797485351562,92.93995666503906,44.881309509277344,163.8300018310547
2023-04-27,107.11845397949219,150.14031982421875,93.64300537109375,45.050384521484375,164.17999267578125
2023-04-28,108.5029296875,151.60618591308594,95.1785888671875,46.35606384277344,164.1999969482422
2023-05-01,105.13800048828125,150.40110778808594,94.8455581665039,46.16819763183594,160.58999633789062
2023-05-02,100.94788360595703,143.92604064941406,91.24711608886719,43.378379821777344,152.8800048828125
2023-05-03,98.9582748413086,141.0392608642578,88.88822937011719,42.523582458496094,155.4199981689453
2023-05-04,97.22537994384766,140.49069213867188,90.06304168701172,42.335716247558594,155.4199981689453
2023-05-05,99.64591979980469,144.0789337158203,92.84745788574219,42.97446060180664,159.64999389648438
2023-05-08,100.04017639160156,143.5123748779297,93.33772277832031,43.78229522705078,163.2899932861328
2023-05-09,100.06769561767578,143.0986785888672,93.9205093383789,44.308319091796875,157.8300018310547
2023-05-10,98.7840576171875,141.27305603027344,92.93995666503906,43.07779312133789,161.4199981689453
2023-05-11,96.99616241455078,140.49069213867188,92.40342712402344,41.4621467590332,160.7899932861328
2023-05-12,96.98699188232422,140.85040283203125,91.9779052734375,41.39638137817383,167.5500030517578
2023-05-15,97.17195892333984,141.37197875976562,93.25174713134766,41.89423370361328,168.7100067138672
2023-05-16,94.81363677978516,138.05352783203125,91.18755340576172,40.62613296508789,160.9600067138672
2023-05-17,96.94074249267578,140.0320281982422,93.64227294921875,41.8003044128418,163.72999572753906
2023-05-18,97.81932830810547,139.85946655273438,93.67017364501953,42.129066467285156,163.72000122070312
2023-05-19,98.27249908447266,140.96739196777344,95.39964294433594,42.523582458496094,162.3699951171875
2023-05-22,97.07947540283203,138.4337158203125,96.45035552978516,43.20930099487305,164.64999389648438
2023-05-23,98.4019775390625,142.4385528564453,97.06402587890625,43.26566696166992,162.8300018310547
2023-05-24,99.50251770019531,142.8199462890625,96.68280792236328,43.42534255981445,164.0500030517578
2023-05-25,97.71759796142578,140.3589324951172,94.55350494384766,42.420257568359375,164.58999633789062
2023-05-26,97.07947540283203,139.92303466796875,94.70227813720703,41.781517028808594,165.1999969482422
2023-05-30,96.2193832397461,139.05125427246094,94.09790802001953,41.621822357177734,174.1199951171875
2023-05-31,94.49919891357422,136.7809600830078,92.33123779296875,40.23161315917969,173.8800048828125
2023-06-01,95.59049987792969,138.179443359375,92.54509735107422,42.251182556152344,181.47000122070312
2023-06-02,97.81009674072266,141.90274047851562,95.16718292236328,43.932579040527344,181.86000061035156
2023-06-05,97.37541961669922,141.22164916992188,94.90684509277344,43.41595458984375,182.72999572753906
2023-06-06,98.17076873779297,141.47592163085938,94.78595733642578,44.34150695800781,182.61000061035156
2023-06-07,100.37185668945312,145.1447296142578,97.45453643798828,45.45594787597656,182.08999633789062
2023-06-08,100.05742645263672,144.60894775390625,97.2035140991211,44.813724517822266,181.39999389648438
2023-06-09,99.31757354736328,144.26388549804688,96.59911346435547,44.889278411865234,174.5800018310547
2023-06-12,98.42047119140625,142.8744354248047,95.60420227050781,44.40761184692383,176.88999938964844
2023-06-13,98.43898010253906,143.94601440429688,96.15280151367188,45.29539108276367,179.66000366210938
2023-06-14,97.25519561767578,142.65646362304688,95.46472930908203,44.643733978271484,179.1999969482422
2023-06-15,97.93031311035156,143.73715209960938,96.84086608886719,45.238731384277344,180.50999450683594
2023-06-16,97.22744750976562,142.8108673095703,97.55682373046875,45.12538528442383,181.80999755859375
2023-06-20,94.99860382080078,139.5597686767578,94.86964416503906,44.634281158447266,171.99000549316406
2023-06-21,96.06214904785156,140.64956665039062,96.42243957519531,45.106502532958984,167.99000549316406
2023-06-22,95.53500366210938,138.6153564453125,94.31175231933594,44.23761749267578,162.52999877929688
2023-06-23,94.70266723632812,137.4438934326172,93.40982818603516,44.00151062011719,158.69000244140625
2023-06-26,96.45059204101562,139.85946655273438,94.76615905761719,44.728729248046875,159.2100067138672
2023-06-27,96.69104766845703,139.42356872558594,94.27974700927734,45.46539306640625,161.02999877929688
2023-06-28,97.4771499633789,140.6858673095703,95.88864135742188,45.890384674072266,161.4199981689453
2023-06-29,98.67942810058594,141.8845977783203,96.40312957763672,45.77705764770508,158.77000427246094
2023-06-30,99.1880874633789,142.89259338378906,96.9176025390625,46.39094924926758,167.47999572753906
2023-07-03,99.38230895996094,142.76547241210938,97.49755859375,46.72149658203125,169.5500030517578
2023-07-05,98.87364196777344,141.94813537597656,97.3011245727539,46.560943603515625,165.33999633789062
2023-07-06,95.18356323242188,138.83328247070312,93.85881805419922,46.39094924926758,161.3800048828125
2023-07-07,95.40552520751953,140.0501708984375,96.56214141845703,50.385929107666016,166.1699981689453
2023-07-10,96.82051849365234,140.9855499267578,97.60980224609375,50.640926361083984,175.47000122070312
2023-07-11,98.00431823730469,143.5918426513672,100.50021362304688,52.93592071533203,173.77999877929688
2023-07-12,98.48521423339844,144.97218322753906,102.24942779541016,53.530921936035156,182.8000030517578
2023-07-13,96.68180084228516,143.03790283203125,103.40933227539062,54.22980499267578,182.63999938964844
2023-07-14,93.35240173339844,139.46897888183594,100.1728286743164,53.95591735839844,177.94000244140625
2023-07-17,93.75933074951172,139.34188842773438,99.56480407714844,53.370357513427734,189.6699981689453
2023-07-18,93.33390045166016,139.62338256835938,101.72560119628906,53.814247131347656,184.0500030517578
2023-07-19,93.98128509521484,140.47702026367188,102.40843963623047,54.17313766479492,185.49000549316406
2023-07-20,95.63673400878906,142.02987670898438,104.4756851196289,54.07869338989258,175.9199981689453
2023-07-21,96.08065032958984,144.10946655273438,105.59817504882812,52.898136138916016,177.47999572753906
2023-07-24,97.58812713623047,146.951904296875,107.30998229980469,53.852027893066406,177.80999755859375
2023-07-25,97.7361068725586,147.62388610839844,108.67566680908203,54.664249420166016,179.47000122070312
2023-07-26,97.19046020507812,146.51600646972656,109.28369140625,54.465904235839844,173.36000061035156
2023-07-27,97.49564361572266,144.9903564453125,108.30152893066406,53.852027893066406,166.8000030517578
2023-07-28,96.33036041259766,144.27296447753906,108.44181823730469,53.97480392456055,154.3300018310547
2023-07-31,99.1788330078125,148.62283325195312,110.11621856689453,55.09869384765625,151.8300018310547
2023-08-01,98.60545349121094,147.38778686523438,109.79815673828125,54.40924835205078,150.32000732421875
2023-08-02,97.37541961669922,145.05392456054688,108.12378692626953,54.27702713012695,140.69000244140625
2023-08-03,99.06786346435547,144.9994354248047,107.56254577636719,54.75869369506836,140.36000061035156
2023-08-04,99.34530639648438,144.6725311279297,106.36521911621094,54.465904235839844,140.0
2023-08-07,99.14183807373047,145.19924926757812,107.08549499511719,54.74924850463867,135.4499969482422
2023-08-08,99.63201904296875,144.9812774658203,108.12378692626953,55.25924301147461,135.77000427246094
2023-08-09,101.32444763183594,145.1719970703125,108.91888427734375,56.203678131103516,138.4600067138672
2023-08-10,101.84234619140625,146.0528564453125,108.3482894897461,55.646461486816406,136.4600067138672
2023-08-11,103.4238052368164,149.0677947998047,110.20040130615234,56.33591079711914,135.1999969482422
2023-08-14,103.50704193115234,148.95887756347656,110.08814239501953,56.213130950927734,138.58999633789062
2023-08-15,100.84967041015625,144.60894775390625,108.51921844482422,55.08924102783203,134.55999755859375
2023-08-16,99.15267181396484,144.05499267578125,107.70186614990234,54.560359954833984,132.8800048828125
2023-08-17,101.0734634399414,146.46630859375,109.66539001464844,54.67369079589844,131.44000244140625
2023-08-18,102.60260772705078,147.52066040039062,110.19149017333984,54.805912017822266,130.33999633789062
2023-08-21,101.36249542236328,147.02557373046875,110.1163330078125,54.24869155883789,130.16000366210938
2023-08-22,100.7937240600586,145.81533813476562,109.12049102783203,53.27592086791992,128.32000732421875
2023-08-23,99.90792846679688,146.0078887939453,108.80105590820312,54.67369079589844,130.36000061035156
2023-08-24,99.1620101928711,144.80679321289062,107.8521728515625,53.63480758666992,122.33999633789062
2023-08-25,100.93358612060547,145.888671875,109.46808624267578,53.323143005371094,124.08999633789062
2023-08-28,101.78208923339844,146.88804626464844,110.40756225585938,54.617027282714844,125.30000305175781
2023-08-29,102.38813781738281,146.65884399414062,110.53910064697266,54.98535919189453,129.0500030517578
2023-08-30,103.38583374023438,146.86053466796875,111.51615905761719,55.72201156616211,128.11000061035156
2023-08-31,103.67488861083984,147.70404052734375,111.82617950439453,55.684242248535156,126.52999877929688
2023-09-01,105.8473892211914,150.63795471191406,114.7479476928711,56.77980041503906,128.72999572753906
2023-09-05,105.85671997070312,152.6183624267578,115.39620971679688,57.10224151611328,127.7699966430664
2023-09-06,106.77049255371094,152.7742156982422,115.6216812133789,57.851470947265625,123.02999877929688
2023-09-07,106.24833679199219,152.78338623046875,114.34397888183594,57.69024658203125,122.2300033569336
2023-09-08,107.79613494873047,153.30599975585938,115.29286193847656,57.06431579589844,120.2300033569336
2023-09-11,106.44415283203125,150.14285278320312,113.15084075927734,57.63334274291992,122.19000244140625
2023-09-12,109.54907989501953,152.93923950195312,115.63107299804688,58.89468765258789,123.3499984741211
2023-09-13,108.5700454711914,152.37997436523438,114.90767669677734,57.49108123779297,119.5999984741211
2023-09-14,110.50945281982422,153.32431030273438,116.96513366699219,58.42050552368164,122.30999755859375
2023-09-15,108.81245422363281,152.655029296875,116.09142303466797,57.453147888183594,120.30000305175781
2023-09-18,109.68892669677734,153.3151397705078,116.94634246826172,58.05063247680664,117.16000366210938
2023-09-19,109.39989471435547,153.29681396484375,115.70624542236328,57.31089401245117,122.08999633789062
2023-09-20,108.53274536132812,152.8292236328125,113.83666229248047,56.70392608642578,123.97000122070312
2023-09-21,107.00358581542969,151.45394897460938,111.8637466430664,55.783992767333984,124.8499984741211
2023-09-22,107.17142486572266,152.4532928466797,111.94832611083984,55.992637634277344,119.91999816894531
2023-09-25,108.3742446899414,154.68125915527344,113.74272918701172,56.751338958740234,121.0999984741211
2023-09-26,108.54206085205078,153.84693908691406,112.86900329589844,56.0779914855957,119.1500015258789
2023-09-27,112.07592010498047,156.81748962402344,116.22089385986328,57.661800384521484,120.11000061035156
2023-09-28,111.3952407836914,156.40489196777344,115.87154388427734,57.79456329345703,120.0199966430664
2023-09-29,109.63300323486328,154.59872436523438,113.114501953125,55.290828704833984,120.1500015258789
2023-10-02,107.81478118896484,152.6916961669922,110.56517028808594,54.94941329956055,116.83999633789062
2023-10-03,108.00127410888672,153.0492401123047,111.03726959228516,55.58483123779297,114.22000122070312
2023-10-04,103.96393585205078,149.4827117919922,107.00555419921875,52.94832229614258,117.18000030517578
2023-10-05,101.62356567382812,150.2711944580078,107.09052276611328,52.5405158996582,116.01000213623047
2023-10-06,99.92658996582031,148.74008178710938,108.8939437866211,52.82503128051758,119.16000366210938
2023-10-09,103.42312622070312,152.85671997070312,115.02177429199219,55.23393249511719,119.75
2023-10-10,102.9848861694336,152.6916961669922,113.67156219482422,55.59431076049805,125.75
2023-10-11,99.29253387451172,147.70404052734375,113.34110260009766,55.727088928222656,128.61000061035156
2023-10-12,99.27388763427734,147.82322692871094,114.35139465332031,55.35721969604492,124.58000183105469
2023-10-13,102.44409942626953,150.41790771484375,117.8921127319336,55.91676330566406,123.80999755859375
2023-10-16,102.5186767578125,151.646484375,118.31700134277344,56.38147735595703,127.11000061035156
2023-10-17,103.8613510131836,153.65438842773438,118.45863342285156,57.13070297241211,129.24000549316406
2023-10-18,105.31592559814453,154.873779296875,119.52556610107422,57.4626350402832,123.83999633789062
2023-10-19,105.38118743896484,155.038818359375,119.32728576660156,56.87464141845703,115.9000015258789
2023-10-20,103.57231903076172,152.95758056640625,117.13675689697266,55.205482482910156,98.88999938964844
2023-10-23,102.05248260498047,147.31895446777344,114.56855010986328,55.80295944213867,96.29000091552734
2023-10-24,101.06411743164062,143.62405395507812,113.25611877441406,54.05793380737305,94.83999633789062
2023-10-25,101.25060272216797,142.90892028808594,113.6904525756836,53.69754409790039,94.3499984741211
2023-10-26,100.3275146484375,141.88204956054688,111.7076416015625,52.98625946044922,96.18000030517578
2023-10-27,98.41607666015625,132.34683227539062,111.2260971069336,52.94832229614258,82.08999633789062
2023-10-30,98.7237548828125,133.94216918945312,111.54712677001953,53.4889030456543,78.66000366210938
2023-10-31,98.69580078125,133.6121063232422,112.17030334472656,52.78709411621094,79.58000183105469
2023-11-01,98.49998474121094,132.0076141357422,110.1591567993164,52.97677230834961,76.7300033569336
2023-11-02,101.73545837402344,136.39013671875,115.21060180664062,54.399349212646484,78.91999816894531
2023-11-03,100.49535369873047,135.3357696533203,113.0672836303711,53.93463897705078,80.80999755859375
2023-11-06,98.7144546508789,134.77650451660156,111.85871887207031,53.56476974487305,78.18000030517578
2023-11-07,97.1666488647461,132.40188598632812,108.81841278076172,50.57735824584961,78.83000183105469
2023-11-08,95.97315216064453,130.5590057373047,108.06304168701172,50.19800567626953,76.9000015258789
2023-11-09,96.00112915039062,130.1372528076172,107.77979278564453,50.01781463623047,75.55999755859375
2023-11-10,96.73773193359375,131.06324768066406,109.15831756591797,50.54890823364258,77.9800033569336
2023-11-13,97.7540512084961,132.02593994140625,109.47146606445312,51.21277618408203,78.55000305175781
2023-11-14,98.13044738769531,132.9886474609375,109.64228820800781,51.544708251953125,91.38999938964844
2023-11-15,97.53765869140625,133.4562530517578,109.15831756591797,50.90929412841797,92.80999755859375
2023-11-16,96.40851593017578,131.34393310546875,106.27348327636719,49.42033004760742,90.66999816894531
2023-11-17,98.76087951660156,133.83609008789062,108.74076843261719,50.122135162353516,92.86000061035156
2023-11-20,98.32804870605469,133.761962890625,109.49993896484375,50.01781463623047,98.5
2023-11-21,98.29039764404297,133.44696044921875,109.29117584228516,49.99884796142578,98.31999969482422
2023-11-22,97.86698150634766,133.7156219482422,108.98750305175781,49.809165954589844,100.19999694824219
2023-11-24,98.39391326904297,134.2437286376953,109.59484100341797,49.88503646850586,100.22000122070312
2023-11-27,97.81993865966797,133.7434539794922,108.94005584716797,49.837623596191406,97.80000305175781
2023-11-28,97.76348114013672,134.80886840820312,109.11087799072266,49.61000442504883,99.0999984741211
2023-11-29,96.29560852050781,133.3265380859375,108.15242767333984,49.192718505859375,100.95999908447266
2023-11-30,96.67198181152344,133.03933715820312,109.67076110839844,49.353946685791016,101.0199966430664
2023-12-01,96.9072265625,134.16033935546875,109.34810638427734,49.68587112426758,106.5199966430664
2023-12-04,96.38029479980469,134.21592712402344,108.683837890625,49.344459533691406,108.87000274658203
2023-12-05,94.50782775878906,132.353759765625,107.36479949951172,48.2294921875,110.0
2023-12-06,93.25638580322266,132.04803466796875,104.87852478027344,46.8191032409668,106.7699966430664
2023-12-07,92.60713195800781,131.94610595703125,105.19168090820312,46.18061828613281,107.16999816894531
2023-12-08,93.67039489746094,133.69708251953125,106.34941101074219,46.5046272277832,103.01000213623047
2023-12-11,93.73625946044922,133.7341766357422,106.43482208251953,46.83816909790039,103.55000305175781
2023-12-12,92.25897979736328,132.02023315429688,105.3909683227539,46.73333740234375,99.81999969482422
2023-12-13,93.07760620117188,133.97506713867188,106.14063262939453,46.87628173828125,107.61000061035156
2023-12-14,95.58050537109375,138.90379333496094,109.08238983154297,49.95435333251953,120.22000122070312
2023-12-15,94.9406509399414,138.36647033691406,108.6933364868164,49.73517608642578,123.91999816894531
2023-12-18,95.6463623046875,138.67218017578125,109.03495788574219,49.82093811035156,124.02999877929688
2023-12-19,96.9072265625,140.48805236816406,110.54379272460938,50.488014221191406,135.32000732421875
2023-12-20,95.28880310058594,139.20028686523438,110.73358917236328,50.078243255615234,128.0
2023-12-21,95.72164154052734,139.62646484375,110.8664321899414,50.10683059692383,133.86000061035156
2023-12-22,95.89100646972656,139.9414520263672,111.65406799316406,50.583316802978516,133.99000549316406
2023-12-26,96.10741424560547,141.201416015625,112.94464111328125,51.15509033203125,137.33999633789062
2023-12-27,95.6557846069336,140.73818969726562,112.44171142578125,50.53566360473633,135.6300048828125
2023-12-28,94.27259063720703,138.75558471679688,110.55328369140625,49.78282165527344,134.7899932861328
2023-12-29,94.07499694824219,138.1904296875,110.14522552490234,49.59223175048828,132.13999938964844
2024-01-02,96.3144302368164,138.4868927001953,111.58763122558594,49.53504943847656,131.24000549316406
2024-01-03,97.12364196777344,141.12730407714844,113.80819702148438,50.17353439331055,122.62999725341797
2024-01-04,96.27680206298828,139.58010864257812,110.53430938720703,49.258689880371094,118.06999969482422
2024-01-05,96.5684814453125,139.33924865722656,110.58174896240234,49.420692443847656,115.38999938964844
2024-01-08,94.95948028564453,138.50543212890625,108.65538024902344,47.953128814697266,116.0
2024-01-09,93.78329467773438,134.98489379882812,107.00418853759766,46.27591323852539,117.05999755859375
2024-01-10,92.86119842529297,133.87313842773438,105.50483703613281,46.17108917236328,117.54000091552734
2024-01-11,92.84236145019531,134.59579467773438,105.33403015136719,46.5046272277832,114.29000091552734
2024-01-12,94.04676055908203,136.439453125,105.99829864501953,47.60053634643555,110.22000122070312
2024-01-16,91.92025756835938,133.12271118164062,103.09449005126953,46.028141021728516,108.75
2024-01-17,91.25218200683594,132.59461975097656,102.07910919189453,45.637428283691406,105.55000305175781
2024-01-18,91.08282470703125,131.39022827148438,101.4717788696289,46.27591323852539,106.66000366210938
2024-01-19,91.22395324707031,131.7793426513672,102.36380004882812,47.30511474609375,103.58999633789062
2024-01-22,91.10163879394531,132.01097106933594,102.54409790039062,48.29619598388672,107.1500015258789
2024-01-23,92.12726593017578,131.640380859375,102.47767639160156,48.04842758178711,111.30000305175781
2024-01-24,93.71743774414062,134.2622528076172,104.0719223022461,49.2396354675293,108.06999969482422
2024-01-25,96.09800720214844,137.6438446044922,106.33043670654297,50.00200653076172,106.83000183105469
2024-01-26,96.9166259765625,138.17189025878906,106.50123596191406,50.43083953857422,105.37000274658203
2024-01-29,97.03895568847656,138.1163330078125,105.90339660644531,50.69766616821289,109.16999816894531
2024-01-30,98.6573715209961,139.079833984375,108.22834777832031,47.02875900268555,106.3499984741211
2024-01-31,96.73784637451172,136.58767700195312,106.15961456298828,46.409332275390625,104.12999725341797
2024-02-01,96.3426513671875,137.01382446289062,105.69463348388672,46.69521713256836,105.44000244140625
2024-02-02,95.94747161865234,141.0439453125,104.98291778564453,46.69521713256836,101.76000213623047
2024-02-05,95.5522689819336,141.12730407714844,104.35659790039062,46.266387939453125,97.80000305175781
2024-02-06,96.21092987060547,141.1458282470703,105.82747650146484,46.012413024902344,100.51000213623047
2024-02-07,96.18269348144531,140.9420166015625,106.5866470336914,45.475711822509766,117.51000213623047
2024-02-08,97.829345703125,142.7301025390625,108.08599853515625,45.801570892333984,116.87999725341797
2024-02-09,95.75926208496094,139.9321746826172,105.48585510253906,45.1211051940918,122.47000122070312
2024-02-12,97.07658386230469,140.89569091796875,105.42892456054688,46.13700485229492,128.89999389648438
2024-02-13,96.2408676147461,139.5245361328125,104.16680908203125,45.600303649902344,123.55999755859375
2024-02-14,95.76602935791016,139.90438842773438,104.49895477294922,45.76323318481445,131.6199951171875
2024-02-15,98.5106201171875,144.66213989257812,106.08545684814453,46.55869674682617,136.38999938964844
2024-02-16,98.5106201171875,144.82135009765625,105.67449951171875,46.549110412597656,131.8699951171875
2024-02-20,97.57992553710938,144.2313232421875,104.69009399414062,46.50119400024414,127.55000305175781
2024-02-21,99.57425689697266,145.57998657226562,107.8726577758789,47.162479400634766,126.23999786376953
2024-02-22,99.48878479003906,145.5706024169922,107.25143432617188,47.21040344238281,123.44000244140625
2024-02-23,98.61507415771484,144.84945678710938,106.57286834716797,46.78871536254883,118.19000244140625
2024-02-26,99.00444793701172,144.65277099609375,107.44258117675781,46.539527893066406,119.83999633789062
2024-02-27,98.7955093383789,142.50804138183594,106.66844177246094,46.443687438964844,121.11000061035156
2024-02-28,99.0709228515625,142.67662048339844,107.07939910888672,46.15617370605469,119.0999984741211
2024-02-29,99.26084899902344,142.36756896972656,107.5572738647461,46.31909942626953,127.01000213623047
2024-03-01,100.51444244384766,143.1168212890625,109.18199920654297,47.296661376953125,129.66000366210938
2024-03-04,99.1089096069336,139.43612670898438,106.69711303710938,47.363739013671875,123.97000122070312
2024-03-05,100.32449340820312,140.10104370117188,106.29570770263672,47.59375762939453,125.08999633789062
2024-03-06,101.39763641357422,138.92098999023438,107.0316162109375,47.948368072509766,125.36000061035156
2024-03-07,101.96746063232422,139.89501953125,107.7484130859375,48.66716003417969,129.69000244140625
2024-03-08,102.92662811279297,140.3726806640625,107.99691009521484,48.3029670715332,130.27999877929688
2024-03-11,103.53443145751953,142.35818481445312,110.14727783203125,49.385948181152344,128.69000244140625
2024-03-12,102.86965942382812,142.25515747070312,109.92745971679688,49.42428970336914,121.0
2024-03-13,104.01876831054688,144.1282958984375,112.345458984375,50.38268280029297,118.16999816894531
2024-03-14,105.86115264892578,145.823486328125,114.47672271728516,51.015220642089844,110.41000366210938
2024-03-15,105.67121124267578,145.68299865722656,114.72520446777344,50.67020034790039,107.7300033569336
2024-03-18,106.6493911743164,145.55186462402344,114.93547058105469,51.2068977355957,111.19000244140625
2024-03-19,107.3996353149414,146.68511962890625,116.6175308227539,52.21321105957031,109.16000366210938
2024-03-20,107.30467224121094,144.74642944335938,116.51241302490234,52.13653564453125,113.69999694824219
2024-03-21,107.77951049804688,145.03677368164062,118.04157257080078,52.17487335205078,115.37999725341797
2024-03-22,107.77951049804688,144.84945678710938,117.58281707763672,51.74360275268555,114.61000061035156
2024-03-25,108.88115692138672,146.54464721679688,120.64114379882812,52.05028533935547,111.05000305175781
2024-03-26,108.06442260742188,145.42076110839844,120.4117660522461,51.82027053833008,109.3499984741211
2024-03-27,109.18504333496094,146.43226623535156,121.22413635253906,52.61573791503906,119.80000305175781
2024-03-28,110.39112854003906,147.7340850830078,121.64464569091797,52.529483795166016,120.9800033569336
2024-04-01,111.1033935546875,148.9890899658203,122.98265838623047,52.92242431640625,118.29000091552734
2024-04-02,113.2781753540039,149.64468383789062,124.88455200195312,52.40488815307617,113.55000305175781
2024-04-03,113.29717254638672,150.26283264160156,125.80207061767578,52.57740020751953,118.5999984741211
2024-04-04,113.696044921875,150.49697875976562,125.9167251586914,52.01194763183594,120.77999877929688
2024-04-05,115.26301574707031,151.34922790527344,127.6083755493164,52.74032211303711,112.2699966430664
2024-04-08,114.4842758178711,151.04017639160156,126.55708312988281,51.79151916503906,115.23999786376953
2024-04-09,115.08257293701172,151.72386169433594,126.39462280273438,51.916107177734375,121.9800033569336
2024-04-10,116.05125427246094,152.3513641357422,126.9393539428711,51.944862365722656,119.5999984741211
2024-04-11,115.66188049316406,151.62083435058594,127.03491973876953,51.75318145751953,121.69999694824219
2024-04-12,114.31333923339844,148.87669372558594,125.3910903930664,49.83639907836914,117.0199966430664
2024-04-15,113.65805053710938,147.59359741210938,124.483154296875,49.5201301574707,112.47000122070312
2024-04-16,112.71786499023438,146.36669921875,123.79503631591797,49.27095031738281,110.47000122070312
2024-04-17,112.66088104248047,146.47909545898438,122.64815521240234,48.695919036865234,112.05000305175781
2024-04-18,112.5564193725586,147.57485961914062,122.15118408203125,48.820499420166016,109.16999816894531
2024-04-19,113.84798431396484,149.85072326660156,123.65166473388672,47.77585220336914,106.4800033569336
2024-04-22,114.49376678466797,151.64892578125,123.60388946533203,47.44999694824219,110.51000213623047
2024-04-23,114.94012451171875,152.5199432373047,124.09130859375,47.48833465576172,113.4800033569336
2024-04-24,114.95912170410156,153.19427490234375,123.55610656738281,47.06664276123047,107.16999816894531
2024-04-25,115.22502136230469,154.79579162597656,124.34934997558594,47.38291549682617,107.83000183105469
2024-04-26,112.02458953857422,155.36709594726562,124.47358703613281,47.15290451049805,111.93000030517578
2024-04-29,113.62006378173828,155.7791748046875,124.4544906616211,47.162479400634766,113.8499984741211
2024-04-30,112.3189926147461,151.04017639160156,120.05814361572266,45.50446319580078,108.76000213623047
2024-05-01,110.19170379638672,149.5041961669922,118.8348159790039,45.197784423828125,105.16000366210938
2024-05-02,110.39112854003906,150.53439331054688,116.83736419677734,45.600303649902344,106.05999755859375
2024-05-03,110.1632080078125,150.08486938476562,116.8182373046875,45.676979064941406,114.19999694824219
2024-05-06,110.87548065185547,152.00482177734375,118.0798110961914,45.96449279785156,115.08000183105469
2024-05-07,110.32466888427734,152.3513641357422,118.07023620605469,46.16575622558594,114.93000030517578
2024-05-08,110.30567169189453,152.22958374023438,117.61148834228516,45.868656158447266,112.36000061035156
2024-05-09,112.48046112060547,154.95501708984375,117.9268798828125,46.46285629272461,111.12999725341797
2024-05-10,112.02458953857422,155.3015594482422,117.25362396240234,46.482025146484375,108.3499984741211
2024-05-13,111.97711944580078,154.0933837890625,116.94583129882812,46.72162628173828,110.77999877929688
2024-05-14,112.6568603515625,153.2317352294922,116.41685485839844,46.59703063964844,117.11000061035156
2024-05-15,113.52808380126953,152.70726013183594,116.08982849121094,46.299930572509766,115.47000122070312
2024-05-16,112.84834289550781,152.3950653076172,115.2530746459961,46.40534973144531,116.8499984741211
2024-05-17,114.54293823242188,153.88978576660156,117.06126403808594,46.568275451660156,114.31999969482422
2024-05-20,113.6142578125,152.44235229492188,116.2725830078125,46.223262786865234,113.44999694824219
2024-05-21,112.8292007446289,151.3355255126953,115.8109130859375,46.280765533447266,111.5
2024-05-22,110.5601806640625,149.06504821777344,113.67571258544922,44.54607391357422,121.2300033569336
2024-05-23,108.6740951538086,148.4690704345703,113.15633392333984,44.392730712890625,117.5
2024-05-24,108.58792877197266,149.2353515625,112.7716064453125,44.316062927246094,125.18000030517578
2024-05-28,109.96659088134766,150.45571899414062,114.41629028320312,44.593997955322266,129.3800048828125
2024-05-29,108.78897857666016,148.4312286376953,110.8479995727539,43.74102020263672,125.69000244140625
2024-05-30,109.13365173339844,149.71780395507812,109.24178314208984,43.6931037902832,130.66000366210938
2024-05-31,112.26433563232422,153.5397491455078,112.03102111816406,43.98061752319336,127.9000015258789
2024-06-03,109.57404327392578,148.96099853515625,109.52071380615234,42.23634719848633,127.55000305175781
2024-06-04,107.869873046875,147.70278930664062,107.98181915283203,41.60380935668945,129.77000427246094
2024-06-05,108.30070495605469,146.61485290527344,107.94335174560547,41.66650390625,133.24000549316406
2024-06-06,109.114501953125,147.51356506347656,107.91448974609375,42.110172271728516,132.3000030517578
2024-06-07,107.94647216796875,147.65550231933594,107.72213745117188,42.96857833862305,122.75
2024-06-10,108.26242065429688,148.27987670898438,108.97248077392578,43.38331604003906,130.6699981689453
2024-06-11,107.39117431640625,148.04336547851562,109.28987121582031,43.3640251159668,132.41000366210938
2024-06-12,106.20401000976562,145.89585876464844,107.90486907958984,43.122901916503906,134.52000427246094
2024-06-13,105.35192108154297,144.59036254882812,106.65453338623047,42.25484848022461,129.72000122070312
2024-06-14,104.4615478515625,144.33493041992188,105.21182250976562,41.473602294921875,124.61000061035156
2024-06-17,103.7435073852539,144.92147827148438,105.35609436035156,42.081241607666016,120.83000183105469
2024-06-18,104.72003936767578,145.05392456054688,105.2310562133789,42.86248016357422,119.01000213623047
2024-06-20,106.97950744628906,148.1852569580078,107.07772827148438,43.846275329589844,108.56999969482422
2024-06-21,106.04125213623047,146.898681640625,107.08733367919922,44.03917694091797,106.66999816894531
2024-06-24,109.19109344482422,150.71115112304688,110.77105712890625,45.79457092285156,108.0199966430664
2024-06-25,109.4974594116211,149.9070281982422,110.5979232788086,45.83314895629883,101.8499984741211
2024-06-26,109.53575897216797,147.53248596191406,109.27063751220703,44.58894348144531,102.94999694824219
2024-06-27,110.00487518310547,147.88255310058594,109.61688995361328,45.34125900268555,105.2300033569336
2024-06-28,110.21550750732422,147.9771270751953,110.01123046875,45.505218505859375,99.70999908447266
2024-07-01,110.06232452392578,148.0717315673828,109.99200439453125,44.9265251159668,97.26000213623047
2024-07-02,109.31554412841797,148.28932189941406,109.76115417480469,45.032615661621094,95.7699966430664
2024-07-03,109.87084197998047,148.25148010253906,110.3863296508789,45.63060760498047,99.16999816894531
2024-07-05,108.54005432128906,145.98101806640625,108.2511215209961,44.50213623046875,97.13999938964844
2024-07-08,107.4007568359375,145.9999542236328,107.94335174560547,44.59859085083008,102.80999755859375
2024-07-09,106.21358489990234,144.72280883789062,106.94306945800781,43.59551239013672,103.58999633789062
2024-07-10,107.1518325805664,146.7567596435547,108.23188781738281,43.67266845703125,106.75
2024-07-11,108.4251708984375,146.87974548339844,109.63612365722656,44.55036163330078,111.68000030517578
2024-07-12,108.44432067871094,147.1919403076172,108.81858825683594,44.77220153808594,119.33999633789062
2024-07-15,110.30167388916016,149.5096893310547,110.19397735595703,46.257530212402344,113.05999755859375
2024-07-16,111.0963134765625,149.25425720214844,110.79029083251953,46.99055862426758,116.16999816894531
2024-07-17,112.62813568115234,152.52748107910156,111.64629364013672,47.16416931152344,111.1500015258789
2024-07-18,113.73873138427734,153.2275848388672,112.15605163574219,46.99055862426758,107.94999694824219
2024-07-19,111.12503814697266,150.55978393554688,109.98237609863281,47.90683364868164,105.45999908447266
2024-07-22,110.3591079711914,148.51637268066406,108.02991485595703,47.68498992919922,104.73999786376953
2024-07-23,108.57836151123047,145.77288818359375,106.59681701660156,47.308837890625,103.63999938964844
2024-07-24,110.11019134521484,146.70001220703125,106.85650634765625,46.32504653930664,116.91000366210938
2024-07-25,112.42708587646484,149.03668212890625,106.78917694091797,46.51795196533203,117.5199966430664
2024-07-26,112.33135986328125,149.32049560546875,106.62567901611328,47.096649169921875,119.33999633789062
2024-07-29,111.15375518798828,148.1474151611328,104.95214080810547,46.16108322143555,113.72000122070312
2024-07-30,113.13556671142578,150.95712280273438,105.71195983886719,45.91995620727539,109.37000274658203
2024-07-31,113.53765869140625,151.80853271484375,106.95269012451172,46.57582092285156,115.11000061035156
2024-08-01,111.96753692626953,144.3822479248047,104.25001525878906,45.00367736816406,109.68000030517578
2024-08-02,111.90052795410156,140.5319366455078,101.7300796508789,43.33509063720703,105.19000244140625
2024-08-05,109.88041687011719,136.85189819335938,100.575927734375,42.216270446777344,103.38999938964844
2024-08-06,109.29641723632812,135.4990692138672,101.75894165039062,41.859405517578125,101.52999877929688
2024-08-07,110.75165557861328,134.72332763671875,102.84577941894531,41.33856964111328,103.41999816894531
2024-08-08,112.86748504638672,136.69107055664062,104.13459777832031,42.13911056518555,108.80000305175781
2024-08-09,113.78659057617188,137.16407775878906,104.46161651611328,42.00407791137695,107.86000061035156
2024-08-12,113.93020629882812,137.19247436523438,106.59288787841797,42.341651916503906,109.11000061035156
2024-08-13,112.83877563476562,136.36940002441406,104.95567321777344,42.216270446777344,112.5199966430664
2024-08-14,113.88233184814453,136.86134338378906,105.91476440429688,42.22591018676758,111.1500015258789
2024-08-15,114.58686065673828,138.87640380859375,107.75540924072266,43.44118881225586,117.12000274658203
2024-08-16,114.04640197753906,139.32101440429688,107.70696258544922,43.19041442871094,116.38999938964844
2024-08-19,114.39383697509766,140.45938110351562,108.24947357177734,43.74983215332031,119.70999908447266
2024-08-20,110.58167266845703,138.41221618652344,106.41851806640625,42.467037200927734,116.9800033569336
2024-08-21,109.87715148925781,139.014892578125,106.19570922851562,42.631004333496094,119.30999755859375
2024-08-22,110.72644805908203,139.40708923339844,106.53475952148438,42.55384063720703,115.48999786376953
2024-08-23,112.26094818115234,141.215087890625,107.92009735107422,43.518341064453125,123.0
2024-08-26,114.6640625,142.0569305419922,110.01262664794922,43.98130416870117,122.58999633789062
2024-08-27,113.57349395751953,140.57415771484375,108.91791534423828,43.44118881225586,122.52999877929688
2024-08-28,112.4539794921875,139.66539001464844,108.64666748046875,42.18733596801758,123.6500015258789
2024-08-29,114.0077896118164,141.02378845214844,110.79731750488281,42.61170959472656,121.30000305175781
2024-08-30,113.82442474365234,141.53077697753906,110.23543548583984,42.428462982177734,121.04000091552734
2024-09-03,111.44062805175781,138.383544921875,106.41851806640625,40.78881072998047,112.91000366210938
2024-09-04,110.07982635498047,135.90591430664062,105.16880798339844,40.11408615112305,113.11000061035156
2024-09-05,109.22087097167969,134.8153533935547,104.0934829711914,40.01700973510742,112.08000183105469
2024-09-06,108.7093734741211,132.54818725585938,102.7081527709961,39.43451690673828,108.6500015258789
2024-09-09,110.99666595458984,134.21270751953125,102.30127716064453,39.230648040771484,103.04000091552734
2024-09-10,106.95288848876953,132.23251342773438,100.75125122070312,38.4345817565918,104.61000061035156
2024-09-11,105.89126586914062,131.89772033691406,99.36592102050781,38.4151611328125,110.58999633789062
2024-09-12,107.34857940673828,133.17001342773438,99.68562316894531,38.63844680786133,105.83000183105469
2024-09-13,107.2713623046875,134.50926208496094,100.26687622070312,38.79378128051758,109.91000366210938
2024-09-16,108.77693176269531,135.925048828125,102.25283813476562,39.22093963623047,111.48999786376953
2024-09-17,110.19562530517578,137.18775939941406,104.90724182128906,40.28883743286133,118.52999877929688
2024-09-18,110.58167266845703,137.7139129638672,105.22693634033203,40.2111701965332,119.73999786376953
2024-09-19,111.95211791992188,138.69921875,107.09664916992188,41.50235366821289,117.36000061035156
2024-09-20,111.24759674072266,139.35926818847656,106.4378890991211,41.172279357910156,114.9000015258789
2024-09-23,113.2646713256836,141.13856506347656,106.26351165771484,41.647979736328125,117.0
2024-09-24,112.96548461914062,141.05247497558594,105.50788116455078,41.725643157958984,116.69000244140625
2024-09-25,110.76504516601562,137.7234649658203,102.42720794677734,40.58979034423828,113.29000091552734
2024-09-26,108.8637924194336,135.82937622070312,99.11404418945312,39.96846008300781,113.61000061035156
2024-09-27,111.77841186523438,139.1775360107422,101.44876861572266,41.055782318115234,115.0
2024-09-30,113.12956237792969,140.8802947998047,101.99127197265625,40.72570037841797,113.0199966430664
2024-10-01,115.74497985839844,143.20486450195312,105.9535140991211,41.880977630615234,111.19999694824219
2024-10-02,117.27949523925781,144.40060424804688,106.91258239746094,42.657623291015625,108.26000213623047
2024-10-03,118.3025131225586,144.68760681152344,108.9082260131836,43.579898834228516,106.79000091552734
2024-10-04,120.47400665283203,144.19973754882812,110.96200561523438,44.133262634277344,105.94999694824219
2024-10-07,120.99515533447266,144.56324768066406,111.13638305664062,44.25947189331055,106.36000061035156
2024-10-08,117.78135681152344,142.29608154296875,107.3388442993164,42.85179138183594,104.16999816894531
2024-10-09,117.82960510253906,143.15704345703125,107.50353240966797,42.91974639892578,105.31999969482422
2024-10-10,118.84296417236328,144.08494567871094,108.36572265625,43.29835891723633,99.19000244140625
2024-10-11,119.29656982421875,144.8502197265625,107.03852081298828,43.47311019897461,100.97000122070312
2024-10-14,119.75016784667969,145.19461059570312,106.05037689208984,43.39544677734375,101.47000122070312
2024-10-15,116.15032196044922,141.32032775878906,101.92345428466797,41.69651794433594,92.04000091552734
2024-10-16,116.44951629638672,142.2769317626953,101.87503051757812,42.40521240234375,93.12999725341797
2024-10-17,116.15032196044922,144.6397705078125,102.83409881591797,42.70616912841797,91.56999969482422
2024-10-18,115.82219696044922,144.2093048095703,102.36909484863281,40.69657897949219,91.63999938964844
2024-10-21,115.88975524902344,144.3336639404297,101.71033477783203,41.19169235229492,90.41999816894531
2024-10-22,116.48811340332031,144.37191772460938,101.72001647949219,40.7062873840332,92.2300033569336
2024-10-23,116.0731201171875,143.9510040283203,101.24533081054688,40.90045166015625,78.47000122070312
2024-10-24,115.4168472290039,143.92230224609375,101.10969543457031,40.04613494873047,81.0999984741211
2024-10-25,115.3203353881836,144.26669311523438,101.29375457763672,40.52183532714844,83.83000183105469
2024-10-28,114.75093078613281,144.00840759277344,100.03437042236328,40.182044982910156,84.68000030517578
2024-10-29,113.18745422363281,142.0760498046875,99.12373352050781,39.25006103515625,83.06999969482422
2024-10-30,112.6180419921875,141.62643432617188,99.76313018798828,38.97823715209961,82.47000122070312
2024-10-31,112.70491027832031,142.36305236816406,106.11819458007812,38.90057373046875,83.04000091552734
2024-11-01,110.93875885009766,146.42864990234375,104.47129821777344,38.599613189697266,83.54000091552734
2024-11-04,114.4710464477539,147.2895965576172,105.45944213867188,39.143272399902344,87.45999908447266
2024-11-05,114.80883026123047,146.75389099121094,105.79850769042969,39.3665657043457,89.94000244140625
2024-11-06,116.77764892578125,150.87689208984375,110.08042907714844,42.49258804321289,74.80999755859375
2024-11-07,116.92241668701172,149.96810913085938,108.88885498046875,41.97805404663086,71.58999633789062
2024-11-08,116.88380432128906,150.1211700439453,108.85958862304688,41.919803619384766,66.9000015258789
2024-11-11,116.2661361694336,149.70982360839844,109.30834197998047,42.99740982055664,63.65999984741211
2024-11-12,116.15032196044922,148.55230712890625,107.9328384399414,43.03624725341797,60.09000015258789
2024-11-13,117.23124694824219,151.83351135253906,109.0839614868164,42.317840576171875,60.38999938964844
2024-11-14,117.30908966064453,154.7798614501953,110.15704345703125,42.18192672729492,63.560001373291016
2024-11-15,116.0927963256836,154.41635131835938,109.57173156738281,41.919803619384766,59.52000045776367
2024-11-18,117.06582641601562,155.3537139892578,110.97650146484375,42.220760345458984,62.400001525878906
2024-11-19,115.43112182617188,154.2327423095703,110.32288360595703,41.842140197753906,61.36000061035156
2024-11-20,117.0755615234375,155.90457153320312,110.65457916259766,42.259586334228516,63.380001068115234
2024-11-21,118.64214324951172,156.19447326660156,109.1620101928711,42.77412414550781,63.56999969482422
2024-11-22,118.50591278076172,156.89991760253906,109.01567840576172,42.93915939331055,66.29000091552734
2024-11-25,116.73500061035156,154.9671630859375,103.5039291381836,42.47317123413086,71.91000366210938
2024-11-26,114.78893280029297,157.064208984375,104.16728210449219,42.2110481262207,70.5
2024-11-27,114.48728942871094,156.6583251953125,104.76235961914062,42.38579559326172,72.36000061035156
2024-11-29,114.77920532226562,156.48439025878906,105.6891098022461,42.657623291015625,71.3499984741211
2024-12-02,114.67216491699219,156.7549591064453,103.5429458618164,42.35667419433594,75.12000274658203
2024-12-03,114.49701690673828,156.4747314453125,103.45514678955078,42.37609100341797,73.26000213623047
2024-12-04,111.19843292236328,152.99578857421875,100.977294921875,41.755714416503906,73.12000274658203
2024-12-05,111.6849365234375,153.97183227539062,101.8845443725586,41.05229187011719,70.33999633789062
2024-12-06,110.50757598876953,150.0193634033203,100.69439697265625,40.01670455932617,71.55999755859375
2024-12-09,109.85563659667969,151.79750061035156,100.6358642578125,40.22186279296875,76.38999938964844
2024-12-10,109.6318359375,151.7201690673828,99.85543823242188,39.928775787353516,74.44999694824219
2024-12-11,108.90206909179688,150.9567413330078,99.68960571289062,40.60289001464844,74.2300033569336
2024-12-12,108.80475616455078,149.50718688964844,98.44091796875,40.15347671508789,73.0
2024-12-13,107.85118865966797,148.69541931152344,98.54822540283203,39.29374694824219,73.83999633789062
2024-12-16,105.54510498046875,144.3371124267578,97.13370513916016,38.96157455444336,71.62000274658203
2024-12-17,105.0975112915039,143.12913513183594,95.85575866699219,38.03345489501953,73.4000015258789
2024-12-18,103.55036926269531,139.23468017578125,93.50472259521484,36.47030258178711,68.80000305175781
2024-12-19,102.6649169921875,136.4031982421875,92.85111999511719,36.059974670410156,65.80000305175781
2024-12-20,103.01521301269531,138.04603576660156,92.79258728027344,35.98181915283203,71.44999694824219
2024-12-23,103.43360900878906,138.16200256347656,94.0217514038086,36.40190887451172,73.0
2024-12-24,103.53091430664062,139.0027313232422,94.73389434814453,36.861087799072266,73.27999877929688
2024-12-26,103.61848449707031,139.13804626464844,94.51927947998047,36.861087799072266,73.01000213623047
2024-12-27,103.60875701904297,139.15736389160156,94.54853820800781,36.92947769165039,72.12999725341797
2024-12-30,102.90816497802734,138.25863647460938,94.71437072753906,36.939247131347656,70.19000244140625
2024-12-31,104.66935729980469,139.96910095214844,96.74349212646484,37.4570426940918,68.68000030517578
2025-01-02,104.41636657714844,141.77622985839844,97.63123321533203,37.51565933227539,71.36000061035156
2025-01-03,104.95155334472656,142.8778839111328,98.61651611328125,37.70128631591797,72.1500015258789
2025-01-06,104.83478546142578,142.30770874023438,97.54342651367188,37.86737060546875,71.37999725341797
2025-01-07,105.81754302978516,144.55935668945312,99.18231201171875,38.463321685791016,73.51000213623047
2025-01-08,104.046630859375,145.24549865722656,99.133544921875,37.91621780395508,69.66000366210938
2025-01-10,103.6671371459961,147.989990234375,99.42619323730469,37.7305908203125,66.73999786376953
2025-01-13,106.34298706054688,150.12567138671875,101.6796875,38.93226623535156,66.87000274658203
2025-01-14,106.76139068603516,151.62353515625,102.31377410888672,38.951805114746094,65.44999694824219
2025-01-15,108.50312805175781,153.00546264648438,102.89909362792969,39.704071044921875,65.83000183105469
2025-01-16,108.31825256347656,154.0201416015625,103.02591705322266,40.14371109008789,63.470001220703125
2025-01-17,109.2912826538086,156.03985595703125,103.26004791259766,42.57637023925781,63.689998626708984
2025-01-21,108.46419525146484,152.91848754882812,101.72844696044922,42.73268508911133,62.84000015258789
2025-01-22,106.5765151977539,151.15000915527344,100.5383071899414,40.6712760925293,60.9900016784668
2025-01-23,107.17979431152344,150.76345825195312,101.44554901123047,41.06206512451172,64.29000091552734
2025-01-24,105.72997283935547,150.4155731201172,99.3384017944336,41.277000427246094,63.36000061035156
2025-01-27,107.19924926757812,151.94244384765625,100.17736053466797,41.5603141784668,63.95000076293945
2025-01-28,105.1266860961914,150.9567413330078,98.89940643310547,40.368412017822266,62.2400016784668
2025-01-29,105.73970794677734,150.45423889160156,99.07500457763672,39.997161865234375,60.869998931884766
2025-01-30,106.61543273925781,151.06304931640625,98.97745513916016,40.07532501220703,62.04999923706055
2025-01-31,103.9493179321289,144.17282104492188,96.41181182861328,39.35236358642578,62.279998779296875
2025-02-03,104.20230102539062,144.31777954101562,96.07038116455078,39.23512649536133,63.90999984741211
2025-02-04,106.99491882324219,148.06729125976562,98.11898803710938,40.27071762084961,66.25
2025-02-05,106.91707611083984,147.84503173828125,97.7580337524414,40.14775085449219,65.2699966430664
2025-02-06,105.50617218017578,146.79168701171875,97.4946517944336,39.40007781982422,66.51000213623047
2025-02-07,105.95377349853516,147.48745727539062,95.95330047607422,39.50829315185547,63.529998779296875
2025-02-10,107.97769165039062,150.53152465820312,97.04590606689453,40.54125213623047,63.04999923706055
2025-02-11,108.65880584716797,152.1453857421875,99.22134399414062,41.10200500488281,62.58000183105469
2025-02-12,105.38961791992188,149.6907958984375,95.9923324584961,40.77736282348633,61.119998931884766
2025-02-13,106.15538024902344,150.63784790039062,94.5290298461914,41.39714050292969,62.59000015258789
2025-02-14,106.26336669921875,151.78103637695312,94.66671752929688,41.07249069213867,63.939998626708984
2025-02-18,108.12866973876953,152.58224487304688,95.8370132446289,41.9578857421875,65.66999816894531
2025-02-19,108.28575134277344,153.6277313232422,97.92192840576172,41.495513916015625,66.36000061035156
2025-02-20,109.95470428466797,155.15199279785156,100.31171417236328,41.908695220947266,66.16999816894531
2025-02-21,108.66863250732422,153.32484436035156,96.31891632080078,41.06265640258789,64.8499984741211
2025-02-24,109.23802947998047,154.27261352539062,97.18434143066406,40.85606002807617,66.08000183105469
2025-02-25,107.72615814208984,152.83628845214844,95.47314453125,40.34449768066406,64.83000183105469
2025-02-26,107.4610824584961,151.5856170654297,94.53886413574219,39.94115447998047,63.709999084472656
2025-02-27,108.13848876953125,153.08056640625,95.75834655761719,40.24612045288086,61.189998626708984
2025-02-28,109.29694366455078,154.9858856201172,97.50888061523438,40.98395538330078,57.33000183105469
2025-03-03,105.7921371459961,149.58258056640625,91.09679412841797,39.17381286621094,52.869998931884766
2025-03-04,105.5761489868164,148.51756286621094,89.13973999023438,38.445823669433594,57.86000061035156
2025-03-05,103.5145034790039,147.35482788085938,87.40886688232422,38.790138244628906,58.650001525878906
2025-03-06,105.65469360351562,149.44580078125,87.13349914550781,39.114784240722656,58.720001220703125
2025-03-07,107.02912139892578,152.75811767578125,89.12989807128906,40.69865798950195,61.630001068115234
2025-03-10,109.75836181640625,153.95994567871094,91.36233520507812,40.47239303588867,63.31999969482422
2025-03-11,107.16657257080078,150.54991149902344,93.8307876586914,39.429595947265625,60.83000183105469
2025-03-12,107.1371078491211,149.17221069335938,96.13204956054688,39.40007781982422,58.47999954223633
2025-03-13,106.68551635742188,150.09066772460938,94.59786987304688,39.28202819824219,58.0099983215332
2025-03-14,109.85653686523438,153.42254638671875,97.31219482421875,40.43303680419922,58.130001068115234
2025-03-17,111.68256378173828,155.08360290527344,97.71540832519531,40.75768280029297,63.79999923706055
2025-03-18,111.56475067138672,157.12571716308594,98.86603546142578,40.462554931640625,61.380001068115234
2025-03-19,113.30243682861328,160.29148864746094,99.65280151367188,40.413368225097656,62.310001373291016
2025-03-20,113.78348541259766,160.9949951171875,100.61656951904297,40.61011505126953,61.689998626708984
2025-03-21,113.39078521728516,160.97544860839844,100.23302459716797,40.324825286865234,61.540000915527344
2025-03-24,113.68531036376953,161.23927307128906,100.49856567382812,41.0233039855957,62.15999984741211
2025-03-25,114.46087646484375,162.13818359375,100.85260772705078,41.59388732910156,62.77000045776367
2025-03-26,116.11019897460938,164.12167358398438,101.4918441772461,41.73161697387695,60.150001525878906
2025-03-27,115.73714447021484,162.8319091796875,101.11813354492188,41.416812896728516,60.709999084472656
2025-03-28,115.58007049560547,162.2847442626953,100.67559051513672,41.20038604736328,61.650001525878906
2025-03-31,116.75814819335938,163.45726013183594,103.2817153930664,41.12167739868164,62.04999923706055
2025-04-01,116.86614990234375,164.64930725097656,103.64559936523438,41.51519012451172,62.38999938964844
2025-04-02,116.50289916992188,162.65603637695312,104.3438491821289,41.50535202026367,62.52000045776367
2025-04-03,110.37684631347656,152.5431671142578,93.6734390258789,38.573707580566406,58.77000045776367
2025-04-04,102.43457794189453,139.99734497070312,84.86174011230469,34.215599060058594,57.27000045776367
2025-04-07,101.0601577758789,136.9390411376953,84.25199890136719,32.60221481323242,55.7599983215332
2025-04-08,98.92977905273438,133.79281616210938,81.29182434082031,31.4315242767334,49.52000045776367
2025-04-09,103.86792755126953,142.684326171875,89.99534606933594,35.39612579345703,54.130001068115234
2025-04-10,98.1051254272461,131.8874969482422,81.91139221191406,32.0119514465332,49.560001373291016
2025-04-11,101.25650024414062,132.52261352539062,84.96007537841797,33.408905029296875,51.88999938964844
2025-04-14,101.5019302368164,132.2197265625,85.01908874511719,33.36955261230469,54.54999923706055
2025-04-15,101.21723175048828,131.45758056640625,84.3011703491211,33.21215057373047,53.06999969482422
2025-04-16,102.2873306274414,132.2587890625,84.93058013916016,33.5958251953125,51.75
2025-04-17,104.96747589111328,134.71128845214844,87.50721740722656,34.540245056152344,52.540000915527344
2025-04-21,103.42613983154297,130.6661376953125,86.10088348388672,34.058197021484375,51.619998931884766
2025-04-22,106.32227325439453,134.1543426513672,88.27429962158203,34.04835891723633,53.43000030517578
2025-04-23,105.40925598144531,133.5485382080078,88.44149017333984,33.47776794433594,45.06999969482422
2025-04-24,106.646240234375,135.88380432128906,90.2805404663086,34.363162994384766,45.75
2025-04-25,106.58734130859375,135.55157470703125,90.20185852050781,33.95981979370117,46.83000183105469
2025-04-28,106.646240234375,136.8902130126953,91.39183807373047,33.546634674072266,46.470001220703125
2025-04-29,106.38117980957031,136.10853576660156,90.35921478271484,33.55647277832031,47.709999084472656
2025-04-30,103.7010269165039,132.9427490234375,87.6448974609375,32.71043014526367,44.59000015258789
2025-05-01,103.8482894897461,133.13816833496094,89.14957427978516,33.19247817993164,44.54999923706055
2025-05-02,104.27043914794922,135.3268585205078,89.8969955444336,34.166412353515625,45.560001373291016
2025-05-05,101.38411712646484,132.39559936523438,86.1598892211914,33.21215057373047,44.41999816894531
2025-05-06,102.7978286743164,132.49330139160156,86.17955780029297,33.03507614135742,43.869998931884766
2025-05-07,102.69965362548828,132.67893981933594,86.25823211669922,32.95637130737305,43.72999954223633
2025-05-08,104.13299560546875,133.90029907226562,87.34986114501953,33.763065338134766,49.04999923706055
2025-05-09,105.350341796875,135.3170928955078,87.12366485595703,33.98933029174805,50.779998779296875
2025-05-12,107.16657257080078,138.3753662109375,90.74275207519531,35.26823425292969,47.939998626708984
2025-05-13,107.4610824584961,139.08865356445312,92.6113052368164,35.524017333984375,45.630001068115234
2025-05-14,106.49899291992188,138.42422485351562,91.03779602050781,35.42564010620117,48.27000045776367
2025-05-15,107.57894134521484,139.00070190429688,91.42133331298828,35.14034652709961,49.72999954223633
2025-05-16,107.19253540039062,138.84439086914062,90.90010833740234,35.18953323364258,50.400001525878906
2025-05-19,105.48838806152344,136.96530151367188,89.67025756835938,34.540245056152344,48.779998779296875
2025-05-20,103.9823989868164,135.75872802734375,88.95614624023438,34.009010314941406,49.040000915527344
2025-05-21,102.70429992675781,134.0675506591797,86.43692779541016,33.32036590576172,47.290000915527344
2025-05-22,102.02066040039062,133.80052185058594,85.4252700805664,33.20231246948242,38.0099983215332
2025-05-23,102.0801010131836,135.03675842285156,84.49296569824219,33.113773345947266,39.63999938964844
2025-05-27,102.56558227539062,136.31256103515625,84.85002136230469,33.379390716552734,40.220001220703125
2025-05-28,101.16858673095703,134.52249145507812,83.8879623413086,33.03507614135742,38.959999084472656
2025-05-29,101.74324035644531,136.3916778564453,84.89961242675781,33.13344955444336,39.2400016784668
2025-05-30,101.35684204101562,135.1949920654297,84.65165710449219,32.513671875,41.38999938964844
2025-06-02,102.09992218017578,136.32244873046875,86.01045227050781,32.79896545410156,41.31999969482422
2025-06-03,102.84300994873047,138.0136260986328,87.19071197509766,33.55647277832031,43.75
2025-06-04,101.35684204101562,135.8576202392578,85.24674224853516,32.97611618041992,43.15999984741211
2025-06-05,100.89117431640625,135.39279174804688,84.65165710449219,32.817386627197266,41.29999923706055
2025-06-06,103.30867004394531,138.66636657714844,86.50635528564453,33.601112365722656,41.18000030517578
2025-06-09,104.0022201538086,139.21029663085938,87.31964874267578,33.84912872314453,43.2599983215332
2025-06-10,106.23147583007812,141.77178955078125,90.43395233154297,35.23801803588867,45.08000183105469
2025-06-11,108.30220794677734,143.18603515625,92.58619689941406,35.40666580200195,45.279998779296875
2025-06-12,108.71833801269531,143.3739471435547,93.91523742675781,35.347145080566406,44.70000076293945
2025-06-13,111.0863037109375,144.30360412597656,96.16666412353516,36.01182174682617,45.599998474121094
2025-06-16,111.44298553466797,144.4222869873047,94.22270202636719,35.62491989135742,45.93000030517578
2025-06-17,112.94896697998047,147.21124267578125,94.7186050415039,35.79357147216797,34.91999816894531
2025-06-18,112.14643859863281,146.55850219726562,93.03252410888672,35.56539535522461,36.380001068115234
2025-06-20,113.64250946044922,147.90353393554688,93.91523742675781,35.555477142333984,35.849998474121094
2025-06-23,110.70980072021484,145.24314880371094,90.9596176147461,33.46222686767578,34.560001373291016
2025-06-24,107.34114837646484,141.96958923339844,88.65859985351562,33.23405075073242,38.380001068115234
2025-06-25,107.3708724975586,141.65310668945312,88.27178955078125,32.91659164428711,38.11000061035156
2025-06-26,108.97593688964844,142.84979248046875,90.14632415771484,33.56143569946289,43.0
2025-06-27,108.3715591430664,142.20693969726562,89.43222045898438,33.7400016784668,40.880001068115234
2025-06-30,106.8061294555664,141.61355590820312,89.0057373046875,33.53166961669922,39.650001525878906
2025-07-01,108.23284912109375,143.96734619140625,91.2373275756836,34.920555114746094,40.90999984741211
2025-07-02,110.02616882324219,146.35081481933594,93.66728210449219,35.62491989135742,40.970001220703125
2025-07-03,111.16555786132812,146.73651123046875,92.91349792480469,35.36698532104492,42.56999969482422
2025-07-07,110.08560943603516,145.77719116210938,91.7927474975586,34.672542572021484,42.459999084472656
2025-07-08,113.13721466064453,151.5529022216797,95.00623321533203,36.24991989135742,40.939998626708984
2025-07-09,112.75081634521484,151.3353271484375,93.75654602050781,35.96221923828125,42.849998474121094
2025-07-10,113.87039184570312,152.47265625,94.58967590332031,36.359046936035156,42.970001220703125
2025-07-11,114.36578369140625,153.60011291503906,94.82771301269531,37.0138053894043,41.86000061035156
2025-07-14,112.86970520019531,149.98040771484375,93.39949035644531,35.93246078491211,41.97999954223633
2025-07-15,111.8690185546875,149.03097534179688,91.7927474975586,34.791587829589844,40.25
2025-07-16,111.1952896118164,148.2694549560547,90.76126098632812,34.315399169921875,39.029998779296875
2025-07-17,110.63054656982422,149.71337890625,92.05061340332031,34.39476013183594,38.7400016784668
2025-07-18,106.77640533447266,148.38812255859375,90.89019012451172,33.05548095703125,39.58000183105469
2025-07-21,107.05382537841797,148.03208923339844,90.25542449951172,33.27373504638672,39.65999984741211
2025-07-22,107.539306640625,148.38812255859375,92.21923065185547,34.077301025390625,42.5
2025-07-23,108.91648864746094,151.43421936035156,94.26237487792969,34.86103057861328,36.47999954223633
2025-07-24,109.76856231689453,154.11439514160156,94.83763122558594,34.96023941040039,35.52000045776367
2025-07-25,109.38215637207031,153.13528442382812,94.17310333251953,35.18841552734375,35.40999984741211
2025-07-28,110.4125747680664,154.55943298339844,96.22616577148438,35.71420669555664,34.95000076293945
2025-07-29,111.83928680419922,155.30117797851562,97.188232421875,35.347145080566406,33.47999954223633
2025-07-30,110.86833190917969,151.86936950683594,95.87903594970703,33.89873123168945,33.400001525878906
2025-07-31,110.61072540283203,149.97052001953125,94.5599136352539,33.53166961669922,32.36000061035156
2025-08-01,108.62916564941406,149.733154296875,92.00102996826172,32.78762435913086,31.43000030517578
2025-08-04,106.38009643554688,149.3771209716797,92.09028625488281,32.61897659301758,31.690000534057617
2025-08-05,106.25128936767578,151.3551025390625,92.43742370605469,33.23405075073242,31.90999984741211
2025-08-06,105.52802276611328,151.09796142578125,92.3481674194336,32.5991325378418,30.110000610351562
2025-08-07,104.97318267822266,151.47378540039062,91.84233856201172,32.52968978881836,31.790000915527344
2025-08-08,105.81535339355469,153.30340576171875,93.1416244506836,32.60905075073242,32.439998626708984
2025-08-11,104.85429382324219,151.76058959960938,92.76472473144531,32.11302185058594,32.56999969482422
2025-08-12,105.15151977539062,152.7397003173828,93.81604766845703,32.678497314453125,33.560001373291016
2025-08-13,106.60797119140625,154.15394592285156,95.09549713134766,33.283653259277344,34.220001220703125
2025-08-14,106.38999938964844,153.45176696777344,94.86738586425781,32.956275939941406,32.220001220703125
2025-08-15,106.48999786376953,154.8264617919922,94.55000305175781,32.72810363769531,34.84000015258789
2025-08-18,106.72000122070312,153.61001586914062,94.0,33.035640716552734,35.77000045776367
2025-08-19,107.41999816894531,152.0,93.76000213623047,33.075321197509766,36.22999954223633
2025-08-20,108.52999877929688,153.22000122070312,94.88999938964844,33.09516525268555,35.68000030517578
2025-08-21,109.2300033569336,155.5500030517578,94.77999877929688,33.54159164428711,34.58000183105469
2025-08-22,111.27999877929688,158.17999267578125,96.77999877929688,35.327301025390625,38.18000030517578
2025-08-25,111.73999786376953,158.1999969482422,98.18000030517578,35.36698532104492,38.22999954223633
2025-08-26,111.48999786376953,157.36000061035156,97.05000305175781,35.03960418701172,37.959999084472656
2025-08-27,112.75,159.24000549316406,97.9000015258789,35.69436264038086,37.560001373291016
2025-08-28,113.3499984741211,159.32000732421875,98.44999694824219,36.19039535522461,37.58000183105469
2025-08-29,114.29000091552734,160.60000610351562,98.97000122070312,36.54753875732422,37.70000076293945
2025-09-02,114.69000244140625,161.8300018310547,98.98999786376953,35.6150016784668,36.97999954223633
2025-09-03,111.91000366210938,158.05999755859375,94.6500015258789,35.0,37.08000183105469
2025-09-04,112.4000015258789,157.69000244140625,95.7699966430664,36.0099983215332,36.52000045776367
2025-09-05,109.2300033569336,153.66000366210938,92.94999694824219,35.81999969482422,39.650001525878906
2025-09-08,109.8499984741211,154.0,91.4000015258789,35.779998779296875,38.810001373291016
2025-09-09,110.6500015258789,154.85000610351562,91.86000061035156,35.779998779296875,37.939998626708984
2025-09-10,112.5,157.7899932861328,94.31999969482422,36.15999984741211,37.119998931884766
2025-09-11,112.13999938964844,158.25,94.12999725341797,36.029998779296875,37.31999969482422
2025-09-12,112.16000366210938,157.11000061035156,92.43000030517578,35.56999969482422,37.630001068115234
2025-09-15,112.3499984741211,157.30999755859375,92.33000183105469,34.77000045776367,37.97999954223633
2025-09-16,114.68000030517578,159.5399932861328,94.54000091552734,35.2400016784668,38.9900016784668
2025-09-17,115.29000091552734,160.08999633789062,93.81999969482422,34.790000915527344,38.720001220703125
2025-09-18,113.93000030517578,158.83999633789062,93.4800033569336,34.7400016784668,38.439998626708984
2025-09-19,112.81999969482422,156.2100067138672,91.91999816894531,34.43000030517578,38.41999816894531
2025-09-22,112.0199966430664,156.0500030517578,92.01000213623047,33.91999816894531,40.5
2025-09-23,113.94999694824219,157.4199981689453,93.47000122070312,34.4900016784668,37.36000061035156
2025-09-24,114.55999755859375,159.17999267578125,95.62999725341797,34.61000061035156,37.9900016784668
2025-09-25,115.58999633789062,160.72000122070312,96.80999755859375,34.59000015258789,37.08000183105469
2025-09-26,117.22000122070312,160.16000366210938,98.4800033569336,35.52000045776367,36.5
2025-09-29,114.22000122070312,156.10000610351562,95.8499984741211,35.11000061035156,36.08000183105469
2025-09-30,112.75,155.2899932861328,94.58999633789062,34.369998931884766,35.38999938964844
2025-10-01,111.98999786376953,154.5800018310547,95.45999908447266,35.09000015258789,37.0099983215332
2025-10-02,111.29000091552734,153.3699951171875,93.37999725341797,34.11000061035156,37.7400016784668
2025-10-03,113.26000213623047,153.5500030517578,94.16000366210938,34.2599983215332,36.79999923706055
2025-10-06,114.19999694824219,154.02000427246094,94.91000366210938,34.59000015258789,37.15999984741211
2025-10-07,114.26000213623047,154.91000366210938,95.2300033569336,34.40999984741211,36.27000045776367
2025-10-08,114.0199966430664,153.74000549316406,93.75,33.970001220703125,36.029998779296875
2025-10-09,112.91000366210938,151.63999938964844,91.94999694824219,33.130001068115234,36.709999084472656
2025-10-10,110.7300033569336,148.89999389648438,87.63999938964844,31.719999313354492,34.27000045776367
2025-10-13,112.23999786376953,151.94000244140625,88.77999877929688,32.27000045776367,34.81999969482422
2025-10-14,112.29000091552734,152.38999938964844,88.16999816894531,32.56999969482422,36.439998626708984
2025-10-15,111.61000061035156,152.11000061035156,87.73999786376953,32.56999969482422,37.540000915527344
2025-10-16,110.63999938964844,151.7100067138672,86.91000366210938,32.91999816894531,37.560001373291016
2025-10-17,112.23999786376953,153.0800018310547,86.4800033569336,32.630001068115234,36.560001373291016
2025-10-20,112.69999694824219,154.47999572753906,87.05999755859375,33.43000030517578,37.58000183105469
2025-10-21,112.70999908447266,153.7899932861328,86.41000366210938,33.52000045776367,37.09000015258789
2025-10-22,114.70999908447266,155.57000732421875,87.41000366210938,34.900001525878906,36.08000183105469
2025-10-23,115.9800033569336,156.55999755859375,90.08000183105469,36.0099983215332,35.63999938964844
2025-10-24,115.38999938964844,155.55999755859375,88.02999877929688,35.83000183105469,36.22999954223633
2025-10-27,115.94000244140625,155.27999877929688,88.69000244140625,36.15999984741211,36.810001373291016
2025-10-28,115.02999877929688,154.1300048828125,86.79000091552734,35.86000061035156,36.70000076293945
2025-10-29,116.6500015258789,155.60000610351562,88.29000091552734,36.744998931884766,32.28990173339844
